,AlgorithmType.WEIGHT-default,AlgorithmType.GROUP_MATCHER-default,AlgorithmType.PRIORITY-default,AlgorithmType.RANDOM-default,AlgorithmType.PRIORITY-Switched Order Priority
PrioritySatisfaction,0.27897354497354493,0.28036758563074354,0.27201479076479074,0.2359397546897547,0.27201479076479074
AverageTimeslotCoverage,0.2111111111111111,0.25877192982456143,0.23106060606060613,0.12878787878787878,0.2424242424242424
AverageCosineDifference,0.30801293442591915,0.25456783970438146,0.31545953267450316,0.38012718314751065,0.3219656814893972
AverageSoloStatus,0.13142857142857142,0.017142857142857144,0.10857142857142857,0.10285714285714286,0.14857142857142858