,AlgorithmType.WEIGHT-default,AlgorithmType.GROUP_MATCHER-default,AlgorithmType.PRIORITY-default,AlgorithmType.RANDOM-default,AlgorithmType.PRIORITY-Switched Order Priority
PrioritySatisfaction,0.28130981775426217,0.2936600761162165,0.2791240446796002,0.24758612580834802,0.2792533803644915
AverageTimeslotCoverage,0.22222222222222218,0.25877192982456143,0.17777777777777778,0.06666666666666667,0.1611111111111111
GenderCosineDifference,0.4177777777777778,0.2736842105263158,0.3511111111111111,0.3877777777777778,0.36
YearLevelCosineDifference,0.08,0.0,0.07777777777777779,0.08444444444444445,0.07333333333333333
AverageSoloStatus,0.13142857142857142,0.017142857142857144,0.05714285714285714,0.10285714285714286,0.05142857142857143
GenderInterHomogeneity,0.10198539950094099,0.3363965462375187,0.22071519647857793,0.18162386574434058,0.23133793761359234
YearLevelInterHomogeneity,0.14793599112881345,0.0,0.14339435571735878,0.15652679824746973,0.15297809925141154
TimeslotLevelInterHomogeneity,0.10071575722041805,0.18518042748834218,0.15780315689173885,0.11013860231067114,0.13900071039629638