,AlgorithmType.WEIGHT-default,AlgorithmType.GROUP_MATCHER-default,AlgorithmType.PRIORITY-default,AlgorithmType.RANDOM-default,AlgorithmType.PRIORITY-Switched Order Priority
PrioritySatisfaction,0.2745400432900433,0.28036758563074354,0.2708423520923521,0.2359397546897547,0.2716540404040404
AverageTimeslotCoverage,0.24242424242424246,0.25877192982456143,0.21590909090909086,0.12878787878787878,0.23106060606060613
GenderCosineDifference,0.45075757575757575,0.2736842105263158,0.36363636363636365,0.3712121212121212,0.3522727272727273
YearLevelCosineDifference,0.07954545454545454,0.0,0.07196969696969698,0.07954545454545454,0.07954545454545454
AverageSoloStatus,0.21142857142857144,0.017142857142857144,0.10285714285714286,0.10285714285714286,0.09714285714285714
GenderInterHomogeneity,0.17079970534798342,0.3363965462375187,0.2903991890189292,0.28041966603700497,0.27892352385339836
YearLevelInterHomogeneity,0.18499471451223412,0.0,0.18467699042283883,0.18499471451223412,0.18499471451223412