,AlgorithmType.WEIGHT-default,AlgorithmType.GROUP_MATCHER-default,AlgorithmType.PRIORITY-default,AlgorithmType.RANDOM-default,AlgorithmType.PRIORITY-Switched Order Priority
PrioritySatisfaction,0.27634920634920634,0.28036758563074354,0.2721164021164021,0.2285079365079365,0.27304761904761904
AverageTimeslotCoverage,0.2111111111111111,0.25877192982456143,0.17777777777777776,0.05,0.17777777777777776
GenderCosineDifference,0.4177777777777778,0.2736842105263158,0.3688888888888889,0.36,0.37777777777777777
YearLevelCosineDifference,0.07777777777777779,0.0,0.07777777777777779,0.07555555555555556,0.08222222222222222
AverageSoloStatus,0.13142857142857142,0.017142857142857144,0.08,0.07428571428571429,0.08
GenderInterHomogeneity,0.10198539950094099,0.3363965462375187,0.21707447621675033,0.23331691239426985,0.16361185104790105
YearLevelInterHomogeneity,0.14339435571735878,0.0,0.14339435571735878,0.15730813487411716,0.1523087541058193
TimeslotLevelInterHomogeneity,0.09492373001094549,0.18518042748834218,0.13887826963747457,0.10405078969861298,0.14736398869712253