,AlgorithmType.WEIGHT-default,AlgorithmType.GROUP_MATCHER-default,AlgorithmType.PRIORITY-default,AlgorithmType.PRIORITY-GenderFirstPriority
PrioritySatisfaction,0.4738906926406926,0.43074352548036754,0.4644660894660894,0.4672619047619047
AverageTimeslotCoverage,0.25378787878787884,0.25877192982456143,0.23484848484848486,0.21590909090909086
GenderCosineDifference,0.0946969696969697,0.2736842105263158,0.11742424242424243,0.11742424242424243
YearLevelCosineDifference,0.07954545454545454,0.0,0.06060606060606061,0.08333333333333333
AverageSoloStatus,0.0,0.017142857142857144,0.011428571428571429,0.0
GenderInterHomogeneity,0.20459112584893174,0.3363965462375187,0.2399923164536254,0.2399923164536254
YearLevelInterHomogeneity,0.18499471451223412,0.0,0.1727229454349581,0.19522729084438803
TimeslotLevelInterHomogeneity,0.12869238810666309,0.18518042748834218,0.16419924955716428,0.1765598570938878
