,AlgorithmType.WEIGHT-default,AlgorithmType.GROUP_MATCHER-default,AlgorithmType.PRIORITY-default,AlgorithmType.RANDOM-default
PrioritySatisfaction,0.2818512506012506,0.2908382066276803,0.27928591470258135,0.2433712121212121
AverageTimeslotCoverage,0.23863636363636373,0.26315789473684204,0.23106060606060605,0.11363636363636366
GenderCosineDifference,0.4583333333333333,0.2736842105263158,0.3484848484848485,0.33333333333333337
YearLevelCosineDifference,0.07954545454545454,0.0,0.07954545454545454,0.07954545454545454
AverageSoloStatus,0.22857142857142856,0.05142857142857143,0.12571428571428572,0.12571428571428572