,AlgorithmType.WEIGHT-default,AlgorithmType.GROUP_MATCHER-default,AlgorithmType.PRIORITY-default,AlgorithmType.RANDOM-default,AlgorithmType.PRIORITY-Switched Order Priority
PrioritySatisfaction,0.27897354497354493,0.28036758563074354,0.2708423520923521,0.2359397546897547,0.2716540404040404
AverageTimeslotCoverage,0.2111111111111111,0.25877192982456143,0.21590909090909086,0.12878787878787878,0.23106060606060613
GenderCosineDifference,0.4188888888888889,0.2736842105263158,0.36363636363636365,0.3712121212121212,0.3522727272727273
YearLevelCosineDifference,0.08222222222222222,0.0,0.07196969696969698,0.07954545454545454,0.07954545454545454
AverageSoloStatus,0.13142857142857142,0.017142857142857144,0.10285714285714286,0.10285714285714286,0.09714285714285714