,AlgorithmType.WEIGHT-default,AlgorithmType.GROUP_MATCHER-default,AlgorithmType.PRIORITY-default,AlgorithmType.PRIORITY-GenderFirstPriority
PrioritySatisfaction,0.4747619047619047,0.43074352548036754,0.4693650793650793,0.4668148148148148
AverageTimeslotCoverage,0.21666666666666662,0.25877192982456143,0.18888888888888883,0.18333333333333332
GenderCosineDifference,0.11555555555555556,0.2736842105263158,0.11333333333333334,0.12000000000000001
YearLevelCosineDifference,0.07777777777777779,0.0,0.07333333333333333,0.07111111111111111
AverageSoloStatus,0.0,0.017142857142857144,0.005714285714285714,0.017142857142857144
GenderInterHomogeneity,0.1852270706143625,0.3363965462375187,0.22702473408212037,0.2118338103759426
YearLevelInterHomogeneity,0.14339435571735878,0.0,0.15297809925141154,0.16602943314129862
TimeslotLevelInterHomogeneity,0.08239337603424716,0.18518042748834218,0.16415475699116927,0.1520310988292855