,AlgorithmType.WEIGHT-default,AlgorithmType.GROUP_MATCHER-default,AlgorithmType.PRIORITY-default,AlgorithmType.RANDOM-default
PrioritySatisfaction,0.2818512506012506,0.2908382066276803,0.27928591470258135,0.2433712121212121
AverageTimeslotCoverage,0.23863636363636373,0.26315789473684204,0.23106060606060605,0.11363636363636366
AverageCosineDifference,0.31743865601899895,0.24069547701697286,0.3141702089994552,0.3795657451739191
AverageSoloStatus,0.22857142857142856,0.05142857142857143,0.12571428571428572,0.12571428571428572