{"Weight Start": [[1, 1, 0.36888888888888904], [1, 20, 0.35185185185185197], [1, 40, 0.3542592592592594], [1, 60, 0.35388888888888903], [1, 80, 0.3505555555555557], [1, 100, 0.3514814814814816], [5, 1, 0.36259259259259274], [5, 20, 0.3529629629629631], [5, 40, 0.3540740740740742], [5, 60, 0.3516666666666668], [5, 80, 0.3542592592592594], [5, 100, 0.35481481481481497], [10, 1, 0.3616666666666668], [10, 20, 0.3514814814814816], [10, 40, 0.3531481481481483], [10, 60, 0.35111111111111126], [10, 80, 0.3522222222222224], [10, 100, 0.3533333333333335], [15, 1, 0.35629629629629644], [15, 20, 0.35240740740740756], [15, 40, 0.3522222222222224], [15, 60, 0.3533333333333335], [15, 80, 0.3522222222222224], [15, 100, 0.35129629629629644], [20, 1, 0.3570370370370372], [20, 20, 0.3509259259259261], [20, 40, 0.3501851851851853], [20, 60, 0.3516666666666668], [20, 80, 0.3535185185185187], [20, 100, 0.3527777777777779], [25, 1, 0.3564814814814816], [25, 20, 0.35111111111111126], [25, 40, 0.3509259259259261], [25, 60, 0.3509259259259261], [25, 80, 0.35388888888888903], [25, 100, 0.3505555555555557], [30, 1, 0.35740740740740756], [30, 20, 0.3520370370370372], [30, 40, 0.3542592592592594], [30, 60, 0.35240740740740756], [30, 80, 0.3509259259259261], [30, 100, 0.3522222222222224]], "Random Start": [[1, 1, 0.31851851851851865], [1, 20, 0.33722222222222237], [1, 40, 0.3342592592592594], [1, 60, 0.336851851851852], [1, 80, 0.3362962962962964], [1, 100, 0.33481481481481495], [5, 1, 0.3242592592592594], [5, 20, 0.33870370370370384], [5, 40, 0.33370370370370384], [5, 60, 0.3355555555555557], [5, 80, 0.3427777777777779], [5, 100, 0.3414814814814816], [10, 1, 0.3237037037037038], [10, 20, 0.336851851851852], [10, 40, 0.3396296296296298], [10, 60, 0.33981481481481496], [10, 80, 0.341851851851852], [10, 100, 0.3403703703703705], [15, 1, 0.3203703703703705], [15, 20, 0.33592592592592607], [15, 40, 0.3320370370370372], [15, 60, 0.3392592592592594], [15, 80, 0.34129629629629643], [15, 100, 0.34000000000000014], [20, 1, 0.3227777777777779], [20, 20, 0.3331481481481483], [20, 40, 0.33611111111111125], [20, 60, 0.3390740740740742], [20, 80, 0.33740740740740754], [20, 100, 0.3405555555555557], [25, 1, 0.3181481481481483], [25, 20, 0.3375925925925927], [25, 40, 0.341851851851852], [25, 60, 0.3392592592592594], [25, 80, 0.3427777777777779], [25, 100, 0.3429629629629631], [30, 1, 0.31351851851851864], [30, 20, 0.33722222222222237], [30, 40, 0.338888888888889], [30, 60, 0.3366666666666668], [30, 80, 0.34111111111111125], [30, 100, 0.338888888888889]]}