{"Weight Start": [[1, 1, 0.35944444444444457], [1, 20, 0.35129629629629644], [1, 40, 0.3481481481481483], [1, 60, 0.35129629629629644], [1, 80, 0.3522222222222224], [1, 100, 0.3516666666666668], [5, 1, 0.3535185185185187], [5, 20, 0.34851851851851867], [5, 40, 0.35240740740740756], [5, 60, 0.3503703703703705], [5, 80, 0.3509259259259261], [5, 100, 0.35185185185185197], [10, 1, 0.34870370370370385], [10, 20, 0.35111111111111126], [10, 40, 0.3516666666666668], [10, 60, 0.3516666666666668], [10, 80, 0.35185185185185197], [10, 100, 0.34981481481481497], [15, 1, 0.34981481481481497], [15, 20, 0.3507407407407409], [15, 40, 0.3509259259259261], [15, 60, 0.3507407407407409], [15, 80, 0.3520370370370372], [15, 100, 0.35000000000000014], [20, 1, 0.3492592592592594], [20, 20, 0.3509259259259261], [20, 40, 0.35111111111111126], [20, 60, 0.35129629629629644], [20, 80, 0.3514814814814816], [20, 100, 0.3553703703703705], [25, 1, 0.3483333333333335], [25, 20, 0.3496296296296298], [25, 40, 0.351851851851852], [25, 60, 0.3531481481481483], [25, 80, 0.35629629629629644], [25, 100, 0.35500000000000015], [30, 1, 0.34481481481481496], [30, 20, 0.3479629629629631], [30, 40, 0.35259259259259274], [30, 60, 0.3527777777777779], [30, 80, 0.3542592592592594], [30, 100, 0.3546296296296298]], "Random Start": [[1, 1, 0.3294444444444446], [1, 20, 0.3442592592592594], [1, 40, 0.3481481481481483], [1, 60, 0.34296296296296314], [1, 80, 0.3479629629629631], [1, 100, 0.3457407407407409], [5, 1, 0.33925925925925937], [5, 20, 0.3440740740740742], [5, 40, 0.346851851851852], [5, 60, 0.3479629629629631], [5, 80, 0.3481481481481483], [5, 100, 0.3470370370370372], [10, 1, 0.3353703703703705], [10, 20, 0.34611111111111126], [10, 40, 0.34629629629629644], [10, 60, 0.3464814814814816], [10, 80, 0.34740740740740755], [10, 100, 0.3472222222222224], [15, 1, 0.336851851851852], [15, 20, 0.3457407407407409], [15, 40, 0.3446296296296298], [15, 60, 0.346851851851852], [15, 80, 0.34629629629629644], [15, 100, 0.34685185185185197], [20, 1, 0.3327777777777779], [20, 20, 0.343888888888889], [20, 40, 0.3496296296296298], [20, 60, 0.35129629629629644], [20, 80, 0.3479629629629631], [20, 100, 0.35185185185185197], [25, 1, 0.3312962962962964], [25, 20, 0.3457407407407409], [25, 40, 0.348888888888889], [25, 60, 0.34981481481481497], [25, 80, 0.3466666666666668], [25, 100, 0.3481481481481483], [30, 1, 0.33351851851851866], [30, 20, 0.34629629629629644], [30, 40, 0.3472222222222224], [30, 60, 0.3492592592592594], [30, 80, 0.34981481481481497], [30, 100, 0.3531481481481483]]}