{"Weight Start": [[1, 1, 0.37722222222222235], [1, 20, 0.37629629629629646], [1, 40, 0.37648148148148164], [1, 60, 0.37462962962962976], [1, 80, 0.3742592592592594], [1, 100, 0.3729629629629631], [5, 1, 0.3774074074074075], [5, 20, 0.3757407407407409], [5, 40, 0.37592592592592605], [5, 60, 0.3744444444444446], [5, 80, 0.37462962962962976], [5, 100, 0.3744444444444446], [10, 1, 0.37759259259259276], [10, 20, 0.37481481481481493], [10, 40, 0.37462962962962976], [10, 60, 0.3755555555555557], [10, 80, 0.37481481481481493], [10, 100, 0.37388888888888905], [15, 1, 0.3779629629629631], [15, 20, 0.3757407407407409], [15, 40, 0.3757407407407409], [15, 60, 0.3755555555555557], [15, 80, 0.3744444444444446], [15, 100, 0.37518518518518534], [20, 1, 0.37703703703703717], [20, 20, 0.37481481481481493], [20, 40, 0.3753703703703705], [20, 60, 0.37518518518518534], [20, 80, 0.37500000000000017], [20, 100, 0.37518518518518534], [25, 1, 0.37759259259259276], [25, 20, 0.3753703703703705], [25, 40, 0.37518518518518534], [25, 60, 0.3742592592592594], [25, 80, 0.3742592592592594], [25, 100, 0.37462962962962976], [30, 1, 0.3781481481481483], [30, 20, 0.3757407407407409], [30, 40, 0.37388888888888905], [30, 60, 0.3744444444444446], [30, 80, 0.37611111111111123], [30, 100, 0.3740740740740742]], "Random Start": [[1, 1, 0.3000000000000001], [1, 20, 0.3090740740740742], [1, 40, 0.30203703703703716], [1, 60, 0.29870370370370386], [1, 80, 0.3037037037037038], [1, 100, 0.3012962962962964], [5, 1, 0.2990740740740742], [5, 20, 0.29592592592592604], [5, 40, 0.30518518518518534], [5, 60, 0.29629629629629645], [5, 80, 0.3011111111111112], [5, 100, 0.30092592592592604], [10, 1, 0.3027777777777779], [10, 20, 0.30388888888888904], [10, 40, 0.29240740740740756], [10, 60, 0.3012962962962964], [10, 80, 0.29759259259259274], [10, 100, 0.29314814814814827], [15, 1, 0.30092592592592604], [15, 20, 0.30092592592592604], [15, 40, 0.3042592592592594], [15, 60, 0.29888888888888904], [15, 80, 0.3005555555555557], [15, 100, 0.3048148148148149], [20, 1, 0.2987037037037038], [20, 20, 0.3012962962962964], [20, 40, 0.301851851851852], [20, 60, 0.3040740740740742], [20, 80, 0.29759259259259274], [20, 100, 0.2953703703703705], [25, 1, 0.30148148148148163], [25, 20, 0.30092592592592604], [25, 40, 0.3066666666666668], [25, 60, 0.3027777777777779], [25, 80, 0.29500000000000015], [25, 100, 0.29074074074074086], [30, 1, 0.30092592592592604], [30, 20, 0.30018518518518533], [30, 40, 0.3031481481481483], [30, 60, 0.30388888888888904], [30, 80, 0.2998148148148149], [30, 100, 0.29333333333333345]]}