{"Weight Start": [[1, 1, 0.35870370370370386], [1, 20, 0.346851851851852], [1, 40, 0.35000000000000014], [1, 60, 0.3503703703703705], [1, 80, 0.3496296296296298], [1, 100, 0.35111111111111126], [5, 1, 0.3516666666666668], [5, 20, 0.3509259259259261], [5, 40, 0.35129629629629644], [5, 60, 0.35129629629629644], [5, 80, 0.34981481481481497], [5, 100, 0.3514814814814816], [10, 1, 0.34851851851851867], [10, 20, 0.35111111111111126], [10, 40, 0.3509259259259261], [10, 60, 0.35111111111111126], [10, 80, 0.3516666666666668], [10, 100, 0.3503703703703705], [15, 1, 0.3470370370370372], [15, 20, 0.3516666666666668], [15, 40, 0.35240740740740756], [15, 60, 0.3535185185185187], [15, 80, 0.3533333333333335], [15, 100, 0.35259259259259274], [20, 1, 0.3490740740740742], [20, 20, 0.3503703703703705], [20, 40, 0.35370370370370385], [20, 60, 0.3555555555555557], [20, 80, 0.3564814814814816], [20, 100, 0.35814814814814827], [25, 1, 0.343888888888889], [25, 20, 0.3481481481481483], [25, 40, 0.3527777777777779], [25, 60, 0.35500000000000015], [25, 80, 0.356851851851852], [25, 100, 0.3577777777777779], [30, 1, 0.34629629629629644], [30, 20, 0.35185185185185197], [30, 40, 0.35611111111111127], [30, 60, 0.3559259259259261], [30, 80, 0.3564814814814816], [30, 100, 0.3579629629629631]], "Random Start": [[1, 1, 0.3381481481481483], [1, 20, 0.3451851851851853], [1, 40, 0.3453703703703705], [1, 60, 0.34740740740740755], [1, 80, 0.34759259259259273], [1, 100, 0.34981481481481497], [5, 1, 0.34185185185185196], [5, 20, 0.3479629629629631], [5, 40, 0.34851851851851867], [5, 60, 0.34851851851851867], [5, 80, 0.3464814814814816], [5, 100, 0.35129629629629644], [10, 1, 0.34055555555555567], [10, 20, 0.3464814814814816], [10, 40, 0.34870370370370385], [10, 60, 0.35185185185185197], [10, 80, 0.34759259259259273], [10, 100, 0.35185185185185197], [15, 1, 0.3429629629629631], [15, 20, 0.3483333333333335], [15, 40, 0.348888888888889], [15, 60, 0.3501851851851853], [15, 80, 0.3522222222222224], [15, 100, 0.35129629629629644], [20, 1, 0.3381481481481483], [20, 20, 0.3490740740740742], [20, 40, 0.3522222222222224], [20, 60, 0.3520370370370372], [20, 80, 0.3535185185185187], [20, 100, 0.3566666666666668], [25, 1, 0.3320370370370372], [25, 20, 0.3472222222222224], [25, 40, 0.3509259259259261], [25, 60, 0.3533333333333335], [25, 80, 0.3551851851851853], [25, 100, 0.35814814814814827], [30, 1, 0.33222222222222236], [30, 20, 0.3494444444444446], [30, 40, 0.3529629629629631], [30, 60, 0.35240740740740756], [30, 80, 0.356851851851852], [30, 100, 0.3596296296296298]]}