{"Weight Start": [[1, 1, 0.364814814814815], [1, 20, 0.3522222222222224], [1, 40, 0.3514814814814816], [1, 60, 0.34870370370370385], [1, 80, 0.35000000000000014], [1, 100, 0.35111111111111126], [5, 1, 0.3542592592592594], [5, 20, 0.35111111111111126], [5, 40, 0.3520370370370372], [5, 60, 0.351851851851852], [5, 80, 0.3503703703703705], [5, 100, 0.35240740740740756], [10, 1, 0.35740740740740756], [10, 20, 0.35000000000000014], [10, 40, 0.3509259259259261], [10, 60, 0.3505555555555557], [10, 80, 0.35129629629629644], [10, 100, 0.3531481481481483], [15, 1, 0.34814814814814826], [15, 20, 0.3496296296296298], [15, 40, 0.35129629629629644], [15, 60, 0.35129629629629644], [15, 80, 0.3496296296296298], [15, 100, 0.3501851851851853], [20, 1, 0.3516666666666668], [20, 20, 0.35111111111111126], [20, 40, 0.35000000000000014], [20, 60, 0.35129629629629644], [20, 80, 0.35129629629629644], [20, 100, 0.3507407407407409], [25, 1, 0.3472222222222224], [25, 20, 0.35000000000000014], [25, 40, 0.35000000000000014], [25, 60, 0.35111111111111126], [25, 80, 0.3522222222222224], [25, 100, 0.3509259259259261], [30, 1, 0.3492592592592594], [30, 20, 0.3496296296296298], [30, 40, 0.34981481481481497], [30, 60, 0.3481481481481483], [30, 80, 0.3507407407407409], [30, 100, 0.3522222222222224]], "Random Start": [[1, 1, 0.323888888888889], [1, 20, 0.3459259259259261], [1, 40, 0.34481481481481496], [1, 60, 0.34111111111111125], [1, 80, 0.34425925925925943], [1, 100, 0.34240740740740755], [5, 1, 0.3383333333333335], [5, 20, 0.3442592592592594], [5, 40, 0.3446296296296298], [5, 60, 0.34351851851851867], [5, 80, 0.34481481481481496], [5, 100, 0.3457407407407409], [10, 1, 0.33351851851851866], [10, 20, 0.34129629629629643], [10, 40, 0.3403703703703705], [10, 60, 0.3453703703703705], [10, 80, 0.343888888888889], [10, 100, 0.35000000000000014], [15, 1, 0.331851851851852], [15, 20, 0.34500000000000014], [15, 40, 0.3440740740740742], [15, 60, 0.34629629629629644], [15, 80, 0.3451851851851853], [15, 100, 0.34759259259259273], [20, 1, 0.3229629629629631], [20, 20, 0.3470370370370372], [20, 40, 0.3407407407407409], [20, 60, 0.34222222222222237], [20, 80, 0.3459259259259261], [20, 100, 0.3464814814814816], [25, 1, 0.32740740740740754], [25, 20, 0.343888888888889], [25, 40, 0.3466666666666668], [25, 60, 0.341851851851852], [25, 80, 0.3459259259259261], [25, 100, 0.3494444444444446], [30, 1, 0.32870370370370383], [30, 20, 0.3431481481481483], [30, 40, 0.34851851851851867], [30, 60, 0.3451851851851853], [30, 80, 0.3425925925925927], [30, 100, 0.3479629629629631]]}