{"Weight Start": [[1, 1, 0.3605555555555557], [1, 20, 0.35055555555555573], [1, 40, 0.3483333333333335], [1, 60, 0.34870370370370385], [1, 80, 0.3514814814814816], [1, 100, 0.3501851851851853], [5, 1, 0.35370370370370385], [5, 20, 0.3490740740740742], [5, 40, 0.3494444444444446], [5, 60, 0.3492592592592594], [5, 80, 0.3522222222222224], [5, 100, 0.34981481481481497], [10, 1, 0.3494444444444446], [10, 20, 0.348888888888889], [10, 40, 0.34851851851851867], [10, 60, 0.35129629629629644], [10, 80, 0.35111111111111126], [10, 100, 0.3531481481481483], [15, 1, 0.35000000000000014], [15, 20, 0.34759259259259273], [15, 40, 0.3501851851851853], [15, 60, 0.3496296296296298], [15, 80, 0.3522222222222224], [15, 100, 0.3540740740740742], [20, 1, 0.3494444444444446], [20, 20, 0.3522222222222224], [20, 40, 0.35129629629629644], [20, 60, 0.3505555555555557], [20, 80, 0.3555555555555557], [20, 100, 0.3546296296296298], [25, 1, 0.35000000000000014], [25, 20, 0.35000000000000014], [25, 40, 0.3507407407407409], [25, 60, 0.3542592592592594], [25, 80, 0.3551851851851853], [25, 100, 0.3570370370370372], [30, 1, 0.34629629629629644], [30, 20, 0.3516666666666668], [30, 40, 0.35500000000000015], [30, 60, 0.35944444444444457], [30, 80, 0.35870370370370386], [30, 100, 0.35870370370370386]], "Random Start": [[1, 1, 0.3344444444444446], [1, 20, 0.3446296296296298], [1, 40, 0.34740740740740755], [1, 60, 0.3481481481481483], [1, 80, 0.3492592592592594], [1, 100, 0.3492592592592594], [5, 1, 0.3407407407407409], [5, 20, 0.3496296296296298], [5, 40, 0.34851851851851867], [5, 60, 0.34870370370370385], [5, 80, 0.3494444444444446], [5, 100, 0.348888888888889], [10, 1, 0.3407407407407409], [10, 20, 0.3505555555555557], [10, 40, 0.3483333333333335], [10, 60, 0.34870370370370385], [10, 80, 0.35000000000000014], [10, 100, 0.34870370370370385], [15, 1, 0.3370370370370372], [15, 20, 0.34611111111111126], [15, 40, 0.34851851851851867], [15, 60, 0.3522222222222224], [15, 80, 0.3483333333333335], [15, 100, 0.346851851851852], [20, 1, 0.33722222222222237], [20, 20, 0.3464814814814816], [20, 40, 0.3481481481481483], [20, 60, 0.3494444444444446], [20, 80, 0.3472222222222224], [20, 100, 0.3501851851851853], [25, 1, 0.3333333333333335], [25, 20, 0.3483333333333335], [25, 40, 0.3494444444444446], [25, 60, 0.35129629629629644], [25, 80, 0.35185185185185197], [25, 100, 0.3553703703703705], [30, 1, 0.3353703703703705], [30, 20, 0.34481481481481496], [30, 40, 0.3483333333333335], [30, 60, 0.35185185185185197], [30, 80, 0.3492592592592594], [30, 100, 0.3535185185185187]]}