{"Weight Start": [[1, 1, 0.4232380952380952], [1, 20, 0.46507936507936504], [1, 40, 0.48590476190476184], [1, 60, 0.4944761904761904], [1, 80, 0.5127619047619046], [1, 100, 0.5297142857142857], [5, 1, 0.4517460317460317], [5, 20, 0.5625396825396825], [5, 40, 0.6013968253968254], [5, 60, 0.6411428571428571], [5, 80, 0.6516825396825396], [5, 100, 0.6774603174603175], [10, 1, 0.4741587301587301], [10, 20, 0.6421587301587302], [10, 40, 0.684], [10, 60, 0.7107301587301589], [10, 80, 0.7315555555555557], [10, 100, 0.7400634920634923], [15, 1, 0.48615873015873007], [15, 20, 0.696888888888889], [15, 40, 0.736761904761905], [15, 60, 0.7580952380952384], [15, 80, 0.7657777777777781], [15, 100, 0.7681904761904765], [20, 1, 0.488063492063492], [20, 20, 0.7116825396825398], [20, 40, 0.7578412698412701], [20, 60, 0.7672380952380955], [20, 80, 0.7688888888888892], [20, 100, 0.77168253968254], [25, 1, 0.49911111111111106], [25, 20, 0.7325714285714288], [25, 40, 0.7622222222222225], [25, 60, 0.7688888888888892], [25, 80, 0.7714920634920638], [25, 100, 0.7733333333333337], [30, 1, 0.5158730158730158], [30, 20, 0.7416507936507938], [30, 40, 0.7712380952380956], [30, 60, 0.7718095238095242], [30, 80, 0.7700952380952384], [30, 100, 0.7744126984126988]], "Random Start": [[1, 1, 0.23434920634920642], [1, 20, 0.3253968253968254], [1, 40, 0.36380952380952375], [1, 60, 0.36615873015873013], [1, 80, 0.3546031746031746], [1, 100, 0.38698412698412693], [5, 1, 0.30190476190476195], [5, 20, 0.44184126984126976], [5, 40, 0.4826666666666666], [5, 60, 0.5061587301587301], [5, 80, 0.546031746031746], [5, 100, 0.5788571428571428], [10, 1, 0.34019047619047615], [10, 20, 0.5678095238095238], [10, 40, 0.6127619047619047], [10, 60, 0.6104761904761905], [10, 80, 0.6636190476190477], [10, 100, 0.6835555555555556], [15, 1, 0.36050793650793644], [15, 20, 0.6016507936507937], [15, 40, 0.7017777777777778], [15, 60, 0.702857142857143], [15, 80, 0.7286984126984128], [15, 100, 0.7477460317460319], [20, 1, 0.38311111111111107], [20, 20, 0.6723809523809524], [20, 40, 0.7184761904761906], [20, 60, 0.7552380952380955], [20, 80, 0.7532063492063494], [20, 100, 0.7692063492063494], [25, 1, 0.40196825396825386], [25, 20, 0.6923174603174603], [25, 40, 0.7452698412698414], [25, 60, 0.7595555555555558], [25, 80, 0.7666666666666669], [25, 100, 0.77168253968254], [30, 1, 0.4197460317460317], [30, 20, 0.7062857142857144], [30, 40, 0.762793650793651], [30, 60, 0.7672380952380955], [30, 80, 0.7718730158730162], [30, 100, 0.773714285714286]]}