{"Weight Start": [[1, 1, 0.4272380952380952], [1, 20, 0.4615238095238095], [1, 40, 0.4637460317460317], [1, 60, 0.4753650793650793], [1, 80, 0.4881904761904761], [1, 100, 0.4848888888888888], [5, 1, 0.44380952380952376], [5, 20, 0.5442539682539682], [5, 40, 0.569015873015873], [5, 60, 0.5602539682539682], [5, 80, 0.6061587301587301], [5, 100, 0.5965079365079365], [10, 1, 0.4521269841269841], [10, 20, 0.5622222222222222], [10, 40, 0.6213968253968254], [10, 60, 0.641079365079365], [10, 80, 0.6571428571428571], [10, 100, 0.6906031746031747], [15, 1, 0.4673015873015873], [15, 20, 0.639047619047619], [15, 40, 0.6735238095238095], [15, 60, 0.7018412698412699], [15, 80, 0.7109206349206351], [15, 100, 0.7234920634920636], [20, 1, 0.4688253968253968], [20, 20, 0.6567619047619048], [20, 40, 0.6894603174603176], [20, 60, 0.7300317460317461], [20, 80, 0.7519365079365082], [20, 100, 0.7584126984126986], [25, 1, 0.47168253968253965], [25, 20, 0.6785396825396826], [25, 40, 0.7243809523809525], [25, 60, 0.7483809523809526], [25, 80, 0.762730158730159], [25, 100, 0.7643809523809527], [30, 1, 0.4859047619047619], [30, 20, 0.7090158730158731], [30, 40, 0.7355555555555557], [30, 60, 0.7615238095238098], [30, 80, 0.7637460317460321], [30, 100, 0.7671111111111114]], "Random Start": [[1, 1, 0.21136507936507942], [1, 20, 0.2924444444444445], [1, 40, 0.31822222222222224], [1, 60, 0.32965079365079364], [1, 80, 0.3436190476190476], [1, 100, 0.34298412698412695], [5, 1, 0.268952380952381], [5, 20, 0.37447619047619046], [5, 40, 0.43130158730158724], [5, 60, 0.4209523809523809], [5, 80, 0.46507936507936504], [5, 100, 0.4619682539682539], [10, 1, 0.2982222222222222], [10, 20, 0.47028571428571425], [10, 40, 0.47485714285714276], [10, 60, 0.5391746031746031], [10, 80, 0.5267301587301587], [10, 100, 0.5612063492063492], [15, 1, 0.3118095238095238], [15, 20, 0.5169523809523809], [15, 40, 0.5604444444444444], [15, 60, 0.5765714285714285], [15, 80, 0.605015873015873], [15, 100, 0.6165714285714285], [20, 1, 0.3386666666666666], [20, 20, 0.5376507936507936], [20, 40, 0.6392380952380952], [20, 60, 0.6579047619047619], [20, 80, 0.6860317460317461], [20, 100, 0.6717460317460318], [25, 1, 0.3419682539682539], [25, 20, 0.5789841269841269], [25, 40, 0.6446984126984127], [25, 60, 0.689904761904762], [25, 80, 0.7035555555555556], [25, 100, 0.7222222222222223], [30, 1, 0.3488253968253968], [30, 20, 0.6006349206349206], [30, 40, 0.6753650793650794], [30, 60, 0.7034920634920636], [30, 80, 0.7120000000000001], [30, 100, 0.7501587301587304]]}