{"Weight Start": [[1, 1, 0.4180952380952381], [1, 20, 0.42298412698412696], [1, 40, 0.4244444444444444], [1, 60, 0.42488888888888887], [1, 80, 0.42476190476190473], [1, 100, 0.428], [5, 1, 0.4192380952380952], [5, 20, 0.42057142857142854], [5, 40, 0.42768253968253966], [5, 60, 0.42520634920634914], [5, 80, 0.427047619047619], [5, 100, 0.4288253968253968], [10, 1, 0.42038095238095236], [10, 20, 0.4213333333333333], [10, 40, 0.4260952380952381], [10, 60, 0.4269206349206349], [10, 80, 0.42501587301587296], [10, 100, 0.4300952380952381], [15, 1, 0.4201269841269841], [15, 20, 0.4220952380952381], [15, 40, 0.42482539682539683], [15, 60, 0.4275555555555555], [15, 80, 0.42787301587301585], [15, 100, 0.42977777777777776], [20, 1, 0.4201269841269841], [20, 20, 0.4252063492063492], [20, 40, 0.42406349206349203], [20, 60, 0.42558730158730157], [20, 80, 0.42806349206349203], [20, 100, 0.4306031746031746], [25, 1, 0.41942857142857143], [25, 20, 0.4225396825396825], [25, 40, 0.4251428571428571], [25, 60, 0.4258412698412698], [25, 80, 0.42647619047619045], [25, 100, 0.4281269841269841], [30, 1, 0.4219047619047619], [30, 20, 0.42107936507936505], [30, 40, 0.42469841269841263], [30, 60, 0.4288888888888889], [30, 80, 0.4267301587301587], [30, 100, 0.42787301587301585]], "Random Start": [[1, 1, 0.15015873015873016], [1, 20, 0.15511111111111112], [1, 40, 0.15638095238095237], [1, 60, 0.16514285714285715], [1, 80, 0.15663492063492063], [1, 100, 0.16514285714285715], [5, 1, 0.14819047619047618], [5, 20, 0.15263492063492065], [5, 40, 0.1577777777777778], [5, 60, 0.16507936507936508], [5, 80, 0.1591746031746032], [5, 100, 0.16444444444444445], [10, 1, 0.14914285714285716], [10, 20, 0.15714285714285714], [10, 40, 0.16063492063492063], [10, 60, 0.16107936507936507], [10, 80, 0.16114285714285714], [10, 100, 0.1643174603174603], [15, 1, 0.16082539682539682], [15, 20, 0.16184126984126984], [15, 40, 0.16088888888888891], [15, 60, 0.16634920634920636], [15, 80, 0.1594920634920635], [15, 100, 0.1638730158730159], [20, 1, 0.15193650793650793], [20, 20, 0.15980952380952382], [20, 40, 0.15974603174603175], [20, 60, 0.15682539682539684], [20, 80, 0.16076190476190477], [20, 100, 0.16266666666666668], [25, 1, 0.15676190476190477], [25, 20, 0.15771428571428572], [25, 40, 0.16971428571428573], [25, 60, 0.1620952380952381], [25, 80, 0.1655873015873016], [25, 100, 0.16380952380952382], [30, 1, 0.15047619047619049], [30, 20, 0.15473015873015872], [30, 40, 0.1619047619047619], [30, 60, 0.1601904761904762], [30, 80, 0.16241269841269843], [30, 100, 0.161015873015873]]}