{"Weight Start": [[1, 1, 0.42292063492063486], [1, 20, 0.4642539682539682], [1, 40, 0.4860952380952381], [1, 60, 0.5125079365079365], [1, 80, 0.4983492063492063], [1, 100, 0.510031746031746], [5, 1, 0.44799999999999995], [5, 20, 0.5401904761904761], [5, 40, 0.5606984126984127], [5, 60, 0.633015873015873], [5, 80, 0.6053968253968254], [5, 100, 0.6655238095238095], [10, 1, 0.4623492063492063], [10, 20, 0.6211428571428572], [10, 40, 0.6530793650793651], [10, 60, 0.6897142857142858], [10, 80, 0.7231111111111113], [10, 100, 0.7263492063492065], [15, 1, 0.47580952380952374], [15, 20, 0.6611428571428571], [15, 40, 0.6946031746031747], [15, 60, 0.7437460317460319], [15, 80, 0.7565714285714288], [15, 100, 0.7635555555555559], [20, 1, 0.4813333333333333], [20, 20, 0.6810793650793651], [20, 40, 0.7431746031746034], [20, 60, 0.75568253968254], [20, 80, 0.7690158730158734], [20, 100, 0.7684444444444447], [25, 1, 0.4881904761904761], [25, 20, 0.7191746031746032], [25, 40, 0.748888888888889], [25, 60, 0.7653968253968257], [25, 80, 0.7702222222222225], [25, 100, 0.77168253968254], [30, 1, 0.4945396825396825], [30, 20, 0.724888888888889], [30, 40, 0.7608253968253971], [30, 60, 0.7718730158730162], [30, 80, 0.7699047619047622], [30, 100, 0.7728888888888892]], "Random Start": [[1, 1, 0.21987301587301594], [1, 20, 0.31701587301587303], [1, 40, 0.3309206349206349], [1, 60, 0.34355555555555556], [1, 80, 0.35219047619047616], [1, 100, 0.35028571428571426], [5, 1, 0.28361904761904766], [5, 20, 0.3787301587301587], [5, 40, 0.4547301587301587], [5, 60, 0.4649523809523809], [5, 80, 0.4911746031746031], [5, 100, 0.5433650793650793], [10, 1, 0.3165079365079365], [10, 20, 0.4862857142857142], [10, 40, 0.5456507936507936], [10, 60, 0.5700952380952381], [10, 80, 0.6199365079365079], [10, 100, 0.6329523809523809], [15, 1, 0.3452698412698412], [15, 20, 0.5584126984126984], [15, 40, 0.6329523809523809], [15, 60, 0.6431746031746032], [15, 80, 0.682984126984127], [15, 100, 0.6777142857142858], [20, 1, 0.35650793650793644], [20, 20, 0.6151746031746032], [20, 40, 0.6885714285714286], [20, 60, 0.6946031746031747], [20, 80, 0.7269206349206351], [20, 100, 0.7335873015873018], [25, 1, 0.3752380952380952], [25, 20, 0.6631746031746032], [25, 40, 0.7213968253968256], [25, 60, 0.7421587301587304], [25, 80, 0.7486984126984129], [25, 100, 0.7594285714285717], [30, 1, 0.3782222222222222], [30, 20, 0.6829206349206349], [30, 40, 0.7190476190476192], [30, 60, 0.7514285714285717], [30, 80, 0.7602539682539685], [30, 100, 0.7642539682539685]]}