{"Weight Start": [[1, 1, 0.41923809523809524], [1, 20, 0.45504761904761903], [1, 40, 0.46088888888888885], [1, 60, 0.4724444444444444], [1, 80, 0.47866666666666663], [1, 100, 0.4853333333333333], [5, 1, 0.43955555555555553], [5, 20, 0.49733333333333324], [5, 40, 0.5234285714285714], [5, 60, 0.5359365079365078], [5, 80, 0.558031746031746], [5, 100, 0.5582222222222222], [10, 1, 0.44641269841269837], [10, 20, 0.5393650793650793], [10, 40, 0.5871746031746031], [10, 60, 0.5977142857142856], [10, 80, 0.6087619047619047], [10, 100, 0.6166984126984127], [15, 1, 0.45549206349206345], [15, 20, 0.5738412698412698], [15, 40, 0.602095238095238], [15, 60, 0.6624761904761906], [15, 80, 0.6481904761904762], [15, 100, 0.6590476190476191], [20, 1, 0.4556190476190476], [20, 20, 0.6112380952380952], [20, 40, 0.6517460317460317], [20, 60, 0.678984126984127], [20, 80, 0.725777777777778], [20, 100, 0.7135873015873018], [25, 1, 0.46653968253968253], [25, 20, 0.6225396825396825], [25, 40, 0.6750476190476191], [25, 60, 0.7046984126984128], [25, 80, 0.7336507936507938], [25, 100, 0.7201269841269843], [30, 1, 0.46571428571428564], [30, 20, 0.6396190476190476], [30, 40, 0.710857142857143], [30, 60, 0.7224126984126985], [30, 80, 0.733777777777778], [30, 100, 0.7489523809523811]], "Random Start": [[1, 1, 0.19968253968253974], [1, 20, 0.27968253968253975], [1, 40, 0.29580952380952386], [1, 60, 0.29993650793650795], [1, 80, 0.3035555555555556], [1, 100, 0.30253968253968255], [5, 1, 0.24984126984126992], [5, 20, 0.352063492063492], [5, 40, 0.3724444444444444], [5, 60, 0.3761904761904762], [5, 80, 0.38190476190476186], [5, 100, 0.39758730158730154], [10, 1, 0.2704126984126985], [10, 20, 0.3944761904761904], [10, 40, 0.42501587301587296], [10, 60, 0.4511746031746031], [10, 80, 0.46539682539682536], [10, 100, 0.4829841269841269], [15, 1, 0.28590476190476194], [15, 20, 0.439047619047619], [15, 40, 0.4459682539682539], [15, 60, 0.4759999999999999], [15, 80, 0.5256507936507936], [15, 100, 0.5224126984126983], [20, 1, 0.2953650793650794], [20, 20, 0.46692063492063485], [20, 40, 0.5039365079365079], [20, 60, 0.5495238095238095], [20, 80, 0.5441269841269841], [20, 100, 0.531047619047619], [25, 1, 0.3118095238095238], [25, 20, 0.4889523809523809], [25, 40, 0.5307301587301587], [25, 60, 0.5573333333333332], [25, 80, 0.5758730158730159], [25, 100, 0.6064761904761905], [30, 1, 0.31765079365079363], [30, 20, 0.5134603174603174], [30, 40, 0.5718730158730159], [30, 60, 0.6126349206349206], [30, 80, 0.6190476190476191], [30, 100, 0.6455873015873016]]}