{"Weight Start": [[1, 1, 0.4166984126984127], [1, 20, 0.44146031746031744], [1, 40, 0.4562539682539682], [1, 60, 0.4614603174603174], [1, 80, 0.46946031746031747], [1, 100, 0.47149206349206346], [5, 1, 0.4248253968253968], [5, 20, 0.47917460317460314], [5, 40, 0.48660317460317454], [5, 60, 0.49346031746031743], [5, 80, 0.5059047619047619], [5, 100, 0.5123809523809524], [10, 1, 0.4333333333333333], [10, 20, 0.49669841269841264], [10, 40, 0.5118730158730158], [10, 60, 0.5194285714285714], [10, 80, 0.5377142857142857], [10, 100, 0.5330158730158729], [15, 1, 0.43917460317460316], [15, 20, 0.5286349206349206], [15, 40, 0.5438095238095237], [15, 60, 0.5659682539682539], [15, 80, 0.5735873015873015], [15, 100, 0.5737777777777777], [20, 1, 0.44609523809523804], [20, 20, 0.5277460317460316], [20, 40, 0.567047619047619], [20, 60, 0.5806984126984126], [20, 80, 0.584], [20, 100, 0.5966984126984126], [25, 1, 0.44780952380952377], [25, 20, 0.556952380952381], [25, 40, 0.5896507936507936], [25, 60, 0.6070476190476191], [25, 80, 0.6263492063492063], [25, 100, 0.6441904761904762], [30, 1, 0.44634920634920633], [30, 20, 0.5539047619047619], [30, 40, 0.5937777777777777], [30, 60, 0.6299047619047619], [30, 80, 0.6341587301587301], [30, 100, 0.6454603174603175]], "Random Start": [[1, 1, 0.1872380952380953], [1, 20, 0.2474285714285715], [1, 40, 0.25574603174603183], [1, 60, 0.27561904761904765], [1, 80, 0.2710476190476191], [1, 100, 0.2741587301587302], [5, 1, 0.22730158730158737], [5, 20, 0.28450793650793654], [5, 40, 0.3262857142857143], [5, 60, 0.3276190476190476], [5, 80, 0.32850793650793647], [5, 100, 0.3412698412698412], [10, 1, 0.23441269841269846], [10, 20, 0.35009523809523807], [10, 40, 0.3487619047619047], [10, 60, 0.3689523809523809], [10, 80, 0.390031746031746], [10, 100, 0.37841269841269837], [15, 1, 0.24076190476190482], [15, 20, 0.3375873015873016], [15, 40, 0.3743492063492063], [15, 60, 0.3815238095238095], [15, 80, 0.3792380952380952], [15, 100, 0.4101587301587301], [20, 1, 0.24666666666666673], [20, 20, 0.36857142857142855], [20, 40, 0.3806349206349206], [20, 60, 0.40673015873015866], [20, 80, 0.4201904761904761], [20, 100, 0.39733333333333326], [25, 1, 0.25409523809523815], [25, 20, 0.37199999999999994], [25, 40, 0.4063492063492063], [25, 60, 0.4346666666666666], [25, 80, 0.4054603174603174], [25, 100, 0.4442539682539682], [30, 1, 0.26298412698412704], [30, 20, 0.39060317460317456], [30, 40, 0.4115555555555555], [30, 60, 0.43079365079365073], [30, 80, 0.44914285714285707], [30, 100, 0.4403174603174602]]}