{"Weight Start": [[1, 1, 0.03666666666666667], [1, 20, 0.03777777777777778], [1, 40, 0.04111111111111111], [1, 60, 0.03777777777777778], [1, 80, 0.03888888888888889], [1, 100, 0.03777777777777778], [5, 1, 0.03777777777777778], [5, 20, 0.035555555555555556], [5, 40, 0.03888888888888889], [5, 60, 0.04111111111111111], [5, 80, 0.04111111111111111], [5, 100, 0.044444444444444446], [10, 1, 0.03666666666666667], [10, 20, 0.04], [10, 40, 0.03777777777777778], [10, 60, 0.03888888888888889], [10, 80, 0.04111111111111111], [10, 100, 0.03888888888888889], [15, 1, 0.03666666666666667], [15, 20, 0.035555555555555556], [15, 40, 0.04], [15, 60, 0.04], [15, 80, 0.04], [15, 100, 0.043333333333333335], [20, 1, 0.034444444444444444], [20, 20, 0.03777777777777778], [20, 40, 0.04], [20, 60, 0.04], [20, 80, 0.04], [20, 100, 0.04], [25, 1, 0.035555555555555556], [25, 20, 0.03888888888888889], [25, 40, 0.04], [25, 60, 0.042222222222222223], [25, 80, 0.03888888888888889], [25, 100, 0.04111111111111111], [30, 1, 0.03888888888888889], [30, 20, 0.04], [30, 40, 0.03888888888888889], [30, 60, 0.044444444444444446], [30, 80, 0.04111111111111111], [30, 100, 0.04111111111111111]], "Random Start": [[1, 1, 0.0022222222222222222], [1, 20, 0.0], [1, 40, 0.0011111111111111111], [1, 60, 0.0022222222222222222], [1, 80, 0.0], [1, 100, 0.0], [5, 1, 0.0], [5, 20, 0.0], [5, 40, 0.0], [5, 60, 0.0], [5, 80, 0.0], [5, 100, 0.0], [10, 1, 0.0], [10, 20, 0.0], [10, 40, 0.0011111111111111111], [10, 60, 0.0], [10, 80, 0.0], [10, 100, 0.0], [15, 1, 0.0], [15, 20, 0.0], [15, 40, 0.0], [15, 60, 0.0022222222222222222], [15, 80, 0.0], [15, 100, 0.0], [20, 1, 0.0], [20, 20, 0.0], [20, 40, 0.0022222222222222222], [20, 60, 0.0], [20, 80, 0.0], [20, 100, 0.0011111111111111111], [25, 1, 0.0], [25, 20, 0.0], [25, 40, 0.0], [25, 60, 0.0], [25, 80, 0.0], [25, 100, 0.0], [30, 1, 0.0], [30, 20, 0.0011111111111111111], [30, 40, 0.0], [30, 60, 0.0], [30, 80, 0.0], [30, 100, 0.0]]}