{"Weight Start": [[1, 1, 0.04777777777777778], [1, 20, 0.10222222222222223], [1, 40, 0.12], [1, 60, 0.12777777777777777], [1, 80, 0.13555555555555557], [1, 100, 0.15222222222222223], [5, 1, 0.08444444444444445], [5, 20, 0.18666666666666668], [5, 40, 0.2388888888888889], [5, 60, 0.25], [5, 80, 0.30333333333333334], [5, 100, 0.3], [10, 1, 0.07888888888888888], [10, 20, 0.2711111111111111], [10, 40, 0.3788888888888889], [10, 60, 0.39444444444444443], [10, 80, 0.4411111111111111], [10, 100, 0.45666666666666667], [15, 1, 0.09222222222222222], [15, 20, 0.35777777777777775], [15, 40, 0.42777777777777776], [15, 60, 0.5844444444444444], [15, 80, 0.5511111111111111], [15, 100, 0.5844444444444444], [20, 1, 0.08666666666666667], [20, 20, 0.45222222222222225], [20, 40, 0.5599999999999999], [20, 60, 0.6377777777777778], [20, 80, 0.7866666666666667], [20, 100, 0.7522222222222222], [25, 1, 0.10444444444444445], [25, 20, 0.48], [25, 40, 0.6233333333333333], [25, 60, 0.7255555555555556], [25, 80, 0.8133333333333334], [25, 100, 0.7655555555555555], [30, 1, 0.1111111111111111], [30, 20, 0.5266666666666666], [30, 40, 0.7388888888888889], [30, 60, 0.778888888888889], [30, 80, 0.8177777777777778], [30, 100, 0.8644444444444445]], "Random Start": [[1, 1, 0.0011111111111111111], [1, 20, 0.01], [1, 40, 0.0077777777777777776], [1, 60, 0.012222222222222223], [1, 80, 0.01], [1, 100, 0.017777777777777778], [5, 1, 0.008888888888888889], [5, 20, 0.044444444444444446], [5, 40, 0.052222222222222225], [5, 60, 0.06444444444444444], [5, 80, 0.07], [5, 100, 0.08666666666666667], [10, 1, 0.005555555555555556], [10, 20, 0.06666666666666667], [10, 40, 0.1088888888888889], [10, 60, 0.13777777777777778], [10, 80, 0.17777777777777778], [10, 100, 0.1988888888888889], [15, 1, 0.014444444444444444], [15, 20, 0.1322222222222222], [15, 40, 0.12777777777777777], [15, 60, 0.18888888888888888], [15, 80, 0.26], [15, 100, 0.25222222222222224], [20, 1, 0.013333333333333332], [20, 20, 0.16555555555555557], [20, 40, 0.23666666666666666], [20, 60, 0.3188888888888889], [20, 80, 0.30444444444444446], [20, 100, 0.26], [25, 1, 0.025555555555555557], [25, 20, 0.19777777777777777], [25, 40, 0.26666666666666666], [25, 60, 0.32555555555555554], [25, 80, 0.37], [25, 100, 0.45222222222222225], [30, 1, 0.014444444444444444], [30, 20, 0.23333333333333334], [30, 40, 0.35333333333333333], [30, 60, 0.4666666666666667], [30, 80, 0.48333333333333334], [30, 100, 0.5533333333333333]]}