{"Weight Start": [[1, 1, 0.03888888888888889], [1, 20, 0.07333333333333333], [1, 40, 0.0811111111111111], [1, 60, 0.09], [1, 80, 0.10222222222222223], [1, 100, 0.10666666666666666], [5, 1, 0.056666666666666664], [5, 20, 0.12], [5, 40, 0.13444444444444445], [5, 60, 0.14222222222222222], [5, 80, 0.14888888888888888], [5, 100, 0.16999999999999998], [10, 1, 0.06666666666666667], [10, 20, 0.15777777777777777], [10, 40, 0.1688888888888889], [10, 60, 0.19333333333333333], [10, 80, 0.23333333333333334], [10, 100, 0.22444444444444445], [15, 1, 0.05666666666666667], [15, 20, 0.2288888888888889], [15, 40, 0.24666666666666667], [15, 60, 0.3111111111111111], [15, 80, 0.31555555555555553], [15, 100, 0.33111111111111113], [20, 1, 0.07222222222222223], [20, 20, 0.21666666666666667], [20, 40, 0.30333333333333334], [20, 60, 0.3488888888888889], [20, 80, 0.34888888888888886], [20, 100, 0.3844444444444444], [25, 1, 0.07], [25, 20, 0.28555555555555556], [25, 40, 0.37], [25, 60, 0.4166666666666667], [25, 80, 0.4811111111111111], [25, 100, 0.5277777777777778], [30, 1, 0.07111111111111111], [30, 20, 0.2788888888888889], [30, 40, 0.3788888888888889], [30, 60, 0.4822222222222222], [30, 80, 0.49], [30, 100, 0.54]], "Random Start": [[1, 1, 0.0], [1, 20, 0.0022222222222222222], [1, 40, 0.003333333333333333], [1, 60, 0.008888888888888889], [1, 80, 0.0044444444444444444], [1, 100, 0.01], [5, 1, 0.0022222222222222222], [5, 20, 0.008888888888888889], [5, 40, 0.027777777777777776], [5, 60, 0.016666666666666666], [5, 80, 0.021111111111111112], [5, 100, 0.026666666666666665], [10, 1, 0.003333333333333333], [10, 20, 0.035555555555555556], [10, 40, 0.03333333333333333], [10, 60, 0.052222222222222225], [10, 80, 0.06444444444444444], [10, 100, 0.06444444444444444], [15, 1, 0.003333333333333333], [15, 20, 0.03], [15, 40, 0.06222222222222222], [15, 60, 0.04888888888888889], [15, 80, 0.058888888888888886], [15, 100, 0.08333333333333333], [20, 1, 0.0077777777777777776], [20, 20, 0.04888888888888889], [20, 40, 0.05444444444444444], [20, 60, 0.07777777777777778], [20, 80, 0.1088888888888889], [20, 100, 0.07888888888888888], [25, 1, 0.006666666666666666], [25, 20, 0.06], [25, 40, 0.08333333333333333], [25, 60, 0.10666666666666667], [25, 80, 0.08666666666666667], [25, 100, 0.13777777777777778], [30, 1, 0.0077777777777777776], [30, 20, 0.06333333333333334], [30, 40, 0.09], [30, 60, 0.11555555555555555], [30, 80, 0.14222222222222222], [30, 100, 0.1288888888888889]]}