{"Weight Start": [[1, 1, 0.07111111111111111], [1, 20, 0.15222222222222223], [1, 40, 0.18777777777777777], [1, 60, 0.19444444444444445], [1, 80, 0.2411111111111111], [1, 100, 0.27], [5, 1, 0.11555555555555555], [5, 20, 0.33111111111111113], [5, 40, 0.43555555555555553], [5, 60, 0.5333333333333333], [5, 80, 0.5611111111111111], [5, 100, 0.6422222222222222], [10, 1, 0.15555555555555556], [10, 20, 0.53], [10, 40, 0.6544444444444445], [10, 60, 0.75], [10, 80, 0.8111111111111111], [10, 100, 0.8366666666666667], [15, 1, 0.17666666666666667], [15, 20, 0.7000000000000001], [15, 40, 0.8266666666666667], [15, 60, 0.8955555555555555], [15, 80, 0.92], [15, 100, 0.9277777777777778], [20, 1, 0.18222222222222223], [20, 20, 0.7422222222222222], [20, 40, 0.8922222222222222], [20, 60, 0.9222222222222223], [20, 80, 0.9277777777777778], [20, 100, 0.9355555555555556], [25, 1, 0.18222222222222223], [25, 20, 0.8133333333333334], [25, 40, 0.9077777777777778], [25, 60, 0.9277777777777778], [25, 80, 0.9355555555555556], [25, 100, 0.9400000000000001], [30, 1, 0.22], [30, 20, 0.8344444444444444], [30, 40, 0.9333333333333333], [30, 60, 0.9377777777777778], [30, 80, 0.9333333333333333], [30, 100, 0.9444444444444444]], "Random Start": [[1, 1, 0.0022222222222222222], [1, 20, 0.017777777777777778], [1, 40, 0.05666666666666667], [1, 60, 0.04888888888888889], [1, 80, 0.04], [1, 100, 0.07222222222222222], [5, 1, 0.016666666666666666], [5, 20, 0.13666666666666666], [5, 40, 0.18444444444444444], [5, 60, 0.2311111111111111], [5, 80, 0.3144444444444444], [5, 100, 0.39444444444444443], [10, 1, 0.03777777777777778], [10, 20, 0.35333333333333333], [10, 40, 0.4677777777777778], [10, 60, 0.47], [10, 80, 0.6166666666666667], [10, 100, 0.6577777777777778], [15, 1, 0.05444444444444445], [15, 20, 0.4522222222222222], [15, 40, 0.7111111111111111], [15, 60, 0.7177777777777778], [15, 80, 0.8], [15, 100, 0.8622222222222222], [20, 1, 0.05666666666666667], [20, 20, 0.6255555555555555], [20, 40, 0.76], [20, 60, 0.8866666666666667], [20, 80, 0.8755555555555555], [20, 100, 0.9311111111111111], [25, 1, 0.07777777777777778], [25, 20, 0.6866666666666666], [25, 40, 0.8533333333333334], [25, 60, 0.8977777777777778], [25, 80, 0.9211111111111111], [25, 100, 0.9355555555555556], [30, 1, 0.09888888888888889], [30, 20, 0.7266666666666667], [30, 40, 0.9088888888888889], [30, 60, 0.9288888888888889], [30, 80, 0.9377777777777778], [30, 100, 0.9400000000000001]]}