{"Weight Start": [[1, 1, 0.06222222222222222], [1, 20, 0.14777777777777779], [1, 40, 0.17444444444444443], [1, 60, 0.23222222222222222], [1, 80, 0.20666666666666667], [1, 100, 0.2311111111111111], [5, 1, 0.10666666666666667], [5, 20, 0.28888888888888886], [5, 40, 0.3188888888888889], [5, 60, 0.5122222222222222], [5, 80, 0.4477777777777778], [5, 100, 0.6177777777777778], [10, 1, 0.12333333333333334], [10, 20, 0.48444444444444446], [10, 40, 0.5666666666666667], [10, 60, 0.6888888888888889], [10, 80, 0.7822222222222223], [10, 100, 0.7877777777777778], [15, 1, 0.14555555555555555], [15, 20, 0.5955555555555555], [15, 40, 0.6922222222222223], [15, 60, 0.8466666666666667], [15, 80, 0.8877777777777778], [15, 100, 0.9122222222222223], [20, 1, 0.17777777777777778], [20, 20, 0.6466666666666667], [20, 40, 0.8455555555555556], [20, 60, 0.8866666666666667], [20, 80, 0.9288888888888889], [20, 100, 0.9244444444444445], [25, 1, 0.16444444444444445], [25, 20, 0.7655555555555555], [25, 40, 0.8677777777777778], [25, 60, 0.9188888888888889], [25, 80, 0.9322222222222223], [25, 100, 0.9355555555555556], [30, 1, 0.17777777777777778], [30, 20, 0.7811111111111111], [30, 40, 0.9033333333333333], [30, 60, 0.9355555555555556], [30, 80, 0.93], [30, 100, 0.9377777777777778]], "Random Start": [[1, 1, 0.005555555555555556], [1, 20, 0.023333333333333334], [1, 40, 0.03777777777777778], [1, 60, 0.034444444444444444], [1, 80, 0.04], [1, 100, 0.04], [5, 1, 0.011111111111111112], [5, 20, 0.057777777777777775], [5, 40, 0.14666666666666667], [5, 60, 0.15888888888888889], [5, 80, 0.21666666666666667], [5, 100, 0.3111111111111111], [10, 1, 0.03111111111111111], [10, 20, 0.18333333333333332], [10, 40, 0.3111111111111111], [10, 60, 0.35555555555555557], [10, 80, 0.4922222222222222], [10, 100, 0.5233333333333333], [15, 1, 0.03333333333333333], [15, 20, 0.3422222222222222], [15, 40, 0.52], [15, 60, 0.54], [15, 80, 0.6777777777777778], [15, 100, 0.6422222222222222], [20, 1, 0.04666666666666667], [20, 20, 0.4822222222222222], [20, 40, 0.68], [20, 60, 0.6944444444444444], [20, 80, 0.7955555555555556], [20, 100, 0.8177777777777778], [25, 1, 0.056666666666666664], [25, 20, 0.6022222222222222], [25, 40, 0.7766666666666667], [25, 60, 0.8411111111111111], [25, 80, 0.8655555555555555], [25, 100, 0.8955555555555555], [30, 1, 0.058888888888888886], [30, 20, 0.6644444444444445], [30, 40, 0.77], [30, 60, 0.8733333333333333], [30, 80, 0.9066666666666667], [30, 100, 0.9155555555555556]]}