{"Weight Start": [[1, 1, 0.057777777777777775], [1, 20, 0.1388888888888889], [1, 40, 0.13333333333333333], [1, 60, 0.15555555555555556], [1, 80, 0.18444444444444444], [1, 100, 0.14555555555555555], [5, 1, 0.08555555555555555], [5, 20, 0.2811111111111111], [5, 40, 0.3288888888888889], [5, 60, 0.32666666666666666], [5, 80, 0.4444444444444444], [5, 100, 0.42], [10, 1, 0.10333333333333333], [10, 20, 0.3211111111111111], [10, 40, 0.4711111111111111], [10, 60, 0.53], [10, 80, 0.5877777777777777], [10, 100, 0.6911111111111111], [15, 1, 0.13444444444444445], [15, 20, 0.5288888888888889], [15, 40, 0.6255555555555555], [15, 60, 0.7244444444444444], [15, 80, 0.7388888888888889], [15, 100, 0.7855555555555556], [20, 1, 0.13333333333333333], [20, 20, 0.58], [20, 40, 0.6811111111111111], [20, 60, 0.8033333333333333], [20, 80, 0.8744444444444445], [20, 100, 0.8933333333333333], [25, 1, 0.13555555555555557], [25, 20, 0.6444444444444445], [25, 40, 0.7833333333333333], [25, 60, 0.86], [25, 80, 0.9055555555555556], [25, 100, 0.9166666666666667], [30, 1, 0.14444444444444446], [30, 20, 0.7355555555555555], [30, 40, 0.8188888888888889], [30, 60, 0.9055555555555556], [30, 80, 0.9144444444444445], [30, 100, 0.9233333333333333]], "Random Start": [[1, 1, 0.0], [1, 20, 0.016666666666666666], [1, 40, 0.02], [1, 60, 0.03777777777777778], [1, 80, 0.03666666666666667], [1, 100, 0.03333333333333333], [5, 1, 0.005555555555555556], [5, 20, 0.06444444444444444], [5, 40, 0.11888888888888889], [5, 60, 0.11333333333333333], [5, 80, 0.1688888888888889], [5, 100, 0.15888888888888889], [10, 1, 0.016666666666666666], [10, 20, 0.16333333333333333], [10, 40, 0.18444444444444444], [10, 60, 0.2877777777777778], [10, 80, 0.2722222222222222], [10, 100, 0.32666666666666666], [15, 1, 0.023333333333333334], [15, 20, 0.24444444444444444], [15, 40, 0.33444444444444443], [15, 60, 0.38222222222222224], [15, 80, 0.45444444444444443], [15, 100, 0.47555555555555556], [20, 1, 0.026666666666666665], [20, 20, 0.3], [20, 40, 0.5411111111111111], [20, 60, 0.5777777777777778], [20, 80, 0.67], [20, 100, 0.6377777777777778], [25, 1, 0.04111111111111111], [25, 20, 0.3811111111111111], [25, 40, 0.5366666666666666], [25, 60, 0.6711111111111111], [25, 80, 0.7266666666666667], [25, 100, 0.7811111111111111], [30, 1, 0.04], [30, 20, 0.42444444444444446], [30, 40, 0.6377777777777778], [30, 60, 0.7155555555555556], [30, 80, 0.7555555555555555], [30, 100, 0.8644444444444445]]}