{"Weight Start": [[1, 1, 0.043611111111111114], [1, 20, 0.02388888888888889], [1, 40, 0.01972222222222222], [1, 60, 0.017222222222222222], [1, 80, 0.017777777777777778], [1, 100, 0.017222222222222222], [5, 1, 0.034722222222222224], [5, 20, 0.02], [5, 40, 0.017222222222222222], [5, 60, 0.017777777777777778], [5, 80, 0.017222222222222222], [5, 100, 0.016666666666666666], [10, 1, 0.03305555555555555], [10, 20, 0.016666666666666666], [10, 40, 0.017222222222222222], [10, 60, 0.017222222222222222], [10, 80, 0.016666666666666666], [10, 100, 0.01611111111111111], [15, 1, 0.030833333333333334], [15, 20, 0.017777777777777778], [15, 40, 0.017222222222222222], [15, 60, 0.015555555555555555], [15, 80, 0.015], [15, 100, 0.015555555555555555], [20, 1, 0.025555555555555557], [20, 20, 0.017222222222222222], [20, 40, 0.017777777777777778], [20, 60, 0.015], [20, 80, 0.015555555555555555], [20, 100, 0.013888888888888888], [25, 1, 0.03194444444444444], [25, 20, 0.016666666666666666], [25, 40, 0.015555555555555555], [25, 60, 0.013888888888888888], [25, 80, 0.013333333333333332], [25, 100, 0.015], [30, 1, 0.03111111111111111], [30, 20, 0.015], [30, 40, 0.014444444444444444], [30, 60, 0.013888888888888888], [30, 80, 0.015], [30, 100, 0.013888888888888888]], "Random Start": [[1, 1, 0.09083333333333334], [1, 20, 0.029444444444444443], [1, 40, 0.022222222222222223], [1, 60, 0.029722222222222223], [1, 80, 0.02277777777777778], [1, 100, 0.02277777777777778], [5, 1, 0.05388888888888889], [5, 20, 0.024444444444444446], [5, 40, 0.021666666666666667], [5, 60, 0.019444444444444445], [5, 80, 0.022222222222222223], [5, 100, 0.021111111111111112], [10, 1, 0.05472222222222222], [10, 20, 0.024722222222222222], [10, 40, 0.023333333333333334], [10, 60, 0.02277777777777778], [10, 80, 0.021111111111111112], [10, 100, 0.020555555555555556], [15, 1, 0.0475], [15, 20, 0.025], [15, 40, 0.02388888888888889], [15, 60, 0.02388888888888889], [15, 80, 0.02], [15, 100, 0.018333333333333333], [20, 1, 0.044722222222222226], [20, 20, 0.02388888888888889], [20, 40, 0.02], [20, 60, 0.017222222222222222], [20, 80, 0.018333333333333333], [20, 100, 0.016666666666666666], [25, 1, 0.04972222222222222], [25, 20, 0.021666666666666667], [25, 40, 0.01888888888888889], [25, 60, 0.018333333333333333], [25, 80, 0.016666666666666666], [25, 100, 0.016666666666666666], [30, 1, 0.04138888888888889], [30, 20, 0.023333333333333334], [30, 40, 0.019444444444444445], [30, 60, 0.01888888888888889], [30, 80, 0.015], [30, 100, 0.015]]}