{"Weight Start": [[1, 1, 0.04888888888888889], [1, 20, 0.019444444444444445], [1, 40, 0.021388888888888888], [1, 60, 0.019444444444444445], [1, 80, 0.017777777777777778], [1, 100, 0.018333333333333333], [5, 1, 0.034444444444444444], [5, 20, 0.018333333333333333], [5, 40, 0.018333333333333333], [5, 60, 0.017777777777777778], [5, 80, 0.016666666666666666], [5, 100, 0.017222222222222222], [10, 1, 0.03138888888888889], [10, 20, 0.02], [10, 40, 0.017777777777777778], [10, 60, 0.015], [10, 80, 0.015555555555555555], [10, 100, 0.015], [15, 1, 0.024444444444444446], [15, 20, 0.018333333333333333], [15, 40, 0.01611111111111111], [15, 60, 0.013333333333333332], [15, 80, 0.013333333333333332], [15, 100, 0.013333333333333332], [20, 1, 0.024722222222222222], [20, 20, 0.016666666666666666], [20, 40, 0.015], [20, 60, 0.015], [20, 80, 0.014444444444444444], [20, 100, 0.011666666666666667], [25, 1, 0.025555555555555557], [25, 20, 0.016666666666666666], [25, 40, 0.013333333333333332], [25, 60, 0.015], [25, 80, 0.012222222222222223], [25, 100, 0.012222222222222223], [30, 1, 0.02722222222222222], [30, 20, 0.015], [30, 40, 0.012777777777777777], [30, 60, 0.011666666666666667], [30, 80, 0.012777777777777777], [30, 100, 0.010555555555555556]], "Random Start": [[1, 1, 0.08361111111111111], [1, 20, 0.02722222222222222], [1, 40, 0.022222222222222223], [1, 60, 0.021111111111111112], [1, 80, 0.02], [1, 100, 0.02], [5, 1, 0.04833333333333333], [5, 20, 0.021111111111111112], [5, 40, 0.02], [5, 60, 0.021666666666666667], [5, 80, 0.018333333333333333], [5, 100, 0.01888888888888889], [10, 1, 0.03861111111111111], [10, 20, 0.020555555555555556], [10, 40, 0.020555555555555556], [10, 60, 0.020555555555555556], [10, 80, 0.017777777777777778], [10, 100, 0.017222222222222222], [15, 1, 0.04055555555555555], [15, 20, 0.021666666666666667], [15, 40, 0.01888888888888889], [15, 60, 0.016666666666666666], [15, 80, 0.017222222222222222], [15, 100, 0.018333333333333333], [20, 1, 0.04138888888888889], [20, 20, 0.020555555555555556], [20, 40, 0.01888888888888889], [20, 60, 0.01611111111111111], [20, 80, 0.013888888888888888], [20, 100, 0.015], [25, 1, 0.04527777777777778], [25, 20, 0.020555555555555556], [25, 40, 0.01611111111111111], [25, 60, 0.013888888888888888], [25, 80, 0.016666666666666666], [25, 100, 0.013888888888888888], [30, 1, 0.043055555555555555], [30, 20, 0.021111111111111112], [30, 40, 0.017222222222222222], [30, 60, 0.014444444444444444], [30, 80, 0.012222222222222223], [30, 100, 0.011666666666666667]]}