{"Weight Start": [[1, 1, 0.044722222222222226], [1, 20, 0.044444444444444446], [1, 40, 0.043333333333333335], [1, 60, 0.04555555555555556], [1, 80, 0.04555555555555556], [1, 100, 0.043333333333333335], [5, 1, 0.04416666666666667], [5, 20, 0.04694444444444444], [5, 40, 0.03972222222222222], [5, 60, 0.044444444444444446], [5, 80, 0.044444444444444446], [5, 100, 0.04055555555555556], [10, 1, 0.04388888888888889], [10, 20, 0.04638888888888889], [10, 40, 0.04416666666666667], [10, 60, 0.03972222222222222], [10, 80, 0.04416666666666667], [10, 100, 0.04111111111111111], [15, 1, 0.0425], [15, 20, 0.04583333333333334], [15, 40, 0.043333333333333335], [15, 60, 0.03972222222222222], [15, 80, 0.04083333333333333], [15, 100, 0.03944444444444444], [20, 1, 0.045], [20, 20, 0.04111111111111111], [20, 40, 0.043611111111111114], [20, 60, 0.04638888888888889], [20, 80, 0.043611111111111114], [20, 100, 0.04], [25, 1, 0.043611111111111114], [25, 20, 0.044444444444444446], [25, 40, 0.04388888888888889], [25, 60, 0.041944444444444444], [25, 80, 0.041944444444444444], [25, 100, 0.041666666666666664], [30, 1, 0.042222222222222223], [30, 20, 0.04388888888888889], [30, 40, 0.04666666666666667], [30, 60, 0.03972222222222222], [30, 80, 0.041666666666666664], [30, 100, 0.043055555555555555]], "Random Start": [[1, 1, 0.1663888888888889], [1, 20, 0.15833333333333333], [1, 40, 0.15777777777777777], [1, 60, 0.1438888888888889], [1, 80, 0.15833333333333333], [1, 100, 0.14388888888888887], [5, 1, 0.1661111111111111], [5, 20, 0.15583333333333332], [5, 40, 0.15444444444444444], [5, 60, 0.14777777777777779], [5, 80, 0.15888888888888889], [5, 100, 0.15833333333333333], [10, 1, 0.16194444444444445], [10, 20, 0.15555555555555556], [10, 40, 0.15638888888888888], [10, 60, 0.15305555555555556], [10, 80, 0.1525], [10, 100, 0.1475], [15, 1, 0.15], [15, 20, 0.15083333333333332], [15, 40, 0.14222222222222222], [15, 60, 0.14194444444444443], [15, 80, 0.15305555555555556], [15, 100, 0.1613888888888889], [20, 1, 0.1638888888888889], [20, 20, 0.15194444444444444], [20, 40, 0.15416666666666667], [20, 60, 0.15277777777777776], [20, 80, 0.15416666666666667], [20, 100, 0.15888888888888889], [25, 1, 0.15277777777777776], [25, 20, 0.15361111111111111], [25, 40, 0.14972222222222223], [25, 60, 0.14888888888888888], [25, 80, 0.14555555555555555], [25, 100, 0.15083333333333332], [30, 1, 0.15944444444444444], [30, 20, 0.1625], [30, 40, 0.15388888888888888], [30, 60, 0.15638888888888888], [30, 80, 0.15166666666666667], [30, 100, 0.15]]}