{"Weight Start": [[1, 1, 0.04527777777777778], [1, 20, 0.020555555555555556], [1, 40, 0.01888888888888889], [1, 60, 0.01888888888888889], [1, 80, 0.017777777777777778], [1, 100, 0.01888888888888889], [5, 1, 0.034166666666666665], [5, 20, 0.019444444444444445], [5, 40, 0.017222222222222222], [5, 60, 0.017222222222222222], [5, 80, 0.017222222222222222], [5, 100, 0.016666666666666666], [10, 1, 0.02861111111111111], [10, 20, 0.01888888888888889], [10, 40, 0.017222222222222222], [10, 60, 0.015555555555555555], [10, 80, 0.015], [10, 100, 0.014444444444444444], [15, 1, 0.027777777777777776], [15, 20, 0.018333333333333333], [15, 40, 0.01611111111111111], [15, 60, 0.015], [15, 80, 0.015555555555555555], [15, 100, 0.014444444444444444], [20, 1, 0.02361111111111111], [20, 20, 0.015555555555555555], [20, 40, 0.013333333333333332], [20, 60, 0.012222222222222223], [20, 80, 0.013888888888888888], [20, 100, 0.012222222222222223], [25, 1, 0.028333333333333332], [25, 20, 0.017777777777777778], [25, 40, 0.015], [25, 60, 0.013888888888888888], [25, 80, 0.012777777777777777], [25, 100, 0.011111111111111112], [30, 1, 0.02722222222222222], [30, 20, 0.015555555555555555], [30, 40, 0.011666666666666667], [30, 60, 0.012222222222222223], [30, 80, 0.015], [30, 100, 0.011666666666666667]], "Random Start": [[1, 1, 0.07388888888888889], [1, 20, 0.024444444444444446], [1, 40, 0.025], [1, 60, 0.021944444444444444], [1, 80, 0.021666666666666667], [1, 100, 0.019444444444444445], [5, 1, 0.04], [5, 20, 0.021666666666666667], [5, 40, 0.02], [5, 60, 0.02], [5, 80, 0.020555555555555556], [5, 100, 0.017222222222222222], [10, 1, 0.04055555555555555], [10, 20, 0.02277777777777778], [10, 40, 0.019444444444444445], [10, 60, 0.016666666666666666], [10, 80, 0.017222222222222222], [10, 100, 0.016666666666666666], [15, 1, 0.03277777777777778], [15, 20, 0.019444444444444445], [15, 40, 0.016666666666666666], [15, 60, 0.01611111111111111], [15, 80, 0.015555555555555555], [15, 100, 0.015], [20, 1, 0.035555555555555556], [20, 20, 0.019444444444444445], [20, 40, 0.015555555555555555], [20, 60, 0.013888888888888888], [20, 80, 0.013888888888888888], [20, 100, 0.012222222222222223], [25, 1, 0.04888888888888889], [25, 20, 0.018333333333333333], [25, 40, 0.017222222222222222], [25, 60, 0.014444444444444444], [25, 80, 0.013333333333333332], [25, 100, 0.012222222222222223], [30, 1, 0.044444444444444446], [30, 20, 0.017222222222222222], [30, 40, 0.014444444444444444], [30, 60, 0.015], [30, 80, 0.012777777777777777], [30, 100, 0.01]]}