{"Weight Start": [[1, 1, 0.051666666666666666], [1, 20, 0.035277777777777776], [1, 40, 0.024722222222222222], [1, 60, 0.021388888888888888], [1, 80, 0.019444444444444445], [1, 100, 0.01972222222222222], [5, 1, 0.04611111111111111], [5, 20, 0.01861111111111111], [5, 40, 0.017777777777777778], [5, 60, 0.017222222222222222], [5, 80, 0.01611111111111111], [5, 100, 0.016666666666666666], [10, 1, 0.04416666666666667], [10, 20, 0.020833333333333332], [10, 40, 0.017222222222222222], [10, 60, 0.017222222222222222], [10, 80, 0.017777777777777778], [10, 100, 0.016666666666666666], [15, 1, 0.04527777777777778], [15, 20, 0.019444444444444445], [15, 40, 0.01861111111111111], [15, 60, 0.01888888888888889], [15, 80, 0.016666666666666666], [15, 100, 0.017222222222222222], [20, 1, 0.043055555555555555], [20, 20, 0.02], [20, 40, 0.018333333333333333], [20, 60, 0.018333333333333333], [20, 80, 0.017222222222222222], [20, 100, 0.017222222222222222], [25, 1, 0.04111111111111111], [25, 20, 0.02], [25, 40, 0.018333333333333333], [25, 60, 0.018333333333333333], [25, 80, 0.01611111111111111], [25, 100, 0.018333333333333333], [30, 1, 0.043333333333333335], [30, 20, 0.020555555555555556], [30, 40, 0.017222222222222222], [30, 60, 0.018333333333333333], [30, 80, 0.018333333333333333], [30, 100, 0.016666666666666666]], "Random Start": [[1, 1, 0.12027777777777778], [1, 20, 0.04611111111111111], [1, 40, 0.045], [1, 60, 0.037222222222222226], [1, 80, 0.03333333333333333], [1, 100, 0.03333333333333333], [5, 1, 0.08694444444444445], [5, 20, 0.03111111111111111], [5, 40, 0.034444444444444444], [5, 60, 0.03333333333333333], [5, 80, 0.02611111111111111], [5, 100, 0.027777777777777776], [10, 1, 0.08388888888888889], [10, 20, 0.03277777777777778], [10, 40, 0.03], [10, 60, 0.029444444444444443], [10, 80, 0.025555555555555557], [10, 100, 0.027777777777777776], [15, 1, 0.0825], [15, 20, 0.03277777777777778], [15, 40, 0.03666666666666667], [15, 60, 0.03], [15, 80, 0.02722222222222222], [15, 100, 0.027777777777777776], [20, 1, 0.0811111111111111], [20, 20, 0.037222222222222226], [20, 40, 0.03277777777777778], [20, 60, 0.030555555555555555], [20, 80, 0.03], [20, 100, 0.02722222222222222], [25, 1, 0.08055555555555556], [25, 20, 0.03166666666666667], [25, 40, 0.027777777777777776], [25, 60, 0.028888888888888888], [25, 80, 0.025555555555555557], [25, 100, 0.025555555555555557], [30, 1, 0.08916666666666667], [30, 20, 0.03388888888888889], [30, 40, 0.03111111111111111], [30, 60, 0.035277777777777776], [30, 80, 0.025555555555555554], [30, 100, 0.028888888888888888]]}