{"Weight Start": [[1, 1, 0.049166666666666664], [1, 20, 0.028055555555555556], [1, 40, 0.024166666666666666], [1, 60, 0.020555555555555556], [1, 80, 0.017777777777777778], [1, 100, 0.017777777777777778], [5, 1, 0.03972222222222222], [5, 20, 0.01888888888888889], [5, 40, 0.017222222222222222], [5, 60, 0.016666666666666666], [5, 80, 0.017777777777777778], [5, 100, 0.017222222222222222], [10, 1, 0.03666666666666667], [10, 20, 0.01888888888888889], [10, 40, 0.017222222222222222], [10, 60, 0.017222222222222222], [10, 80, 0.017222222222222222], [10, 100, 0.01611111111111111], [15, 1, 0.03888888888888889], [15, 20, 0.02], [15, 40, 0.017222222222222222], [15, 60, 0.01611111111111111], [15, 80, 0.01888888888888889], [15, 100, 0.01611111111111111], [20, 1, 0.03], [20, 20, 0.01861111111111111], [20, 40, 0.017777777777777778], [20, 60, 0.017222222222222222], [20, 80, 0.015], [20, 100, 0.015555555555555555], [25, 1, 0.034444444444444444], [25, 20, 0.017777777777777778], [25, 40, 0.016666666666666666], [25, 60, 0.015555555555555555], [25, 80, 0.014444444444444444], [25, 100, 0.017222222222222222], [30, 1, 0.03333333333333333], [30, 20, 0.02], [30, 40, 0.015], [30, 60, 0.015555555555555555], [30, 80, 0.012222222222222223], [30, 100, 0.014444444444444444]], "Random Start": [[1, 1, 0.10666666666666667], [1, 20, 0.03], [1, 40, 0.025555555555555554], [1, 60, 0.028888888888888888], [1, 80, 0.02388888888888889], [1, 100, 0.026944444444444444], [5, 1, 0.06138888888888889], [5, 20, 0.025], [5, 40, 0.02388888888888889], [5, 60, 0.025], [5, 80, 0.023333333333333334], [5, 100, 0.02277777777777778], [10, 1, 0.058333333333333334], [10, 20, 0.030555555555555555], [10, 40, 0.028888888888888888], [10, 60, 0.02388888888888889], [10, 80, 0.025], [10, 100, 0.02], [15, 1, 0.058055555555555555], [15, 20, 0.025], [15, 40, 0.023333333333333334], [15, 60, 0.021111111111111112], [15, 80, 0.024444444444444446], [15, 100, 0.021666666666666667], [20, 1, 0.07027777777777777], [20, 20, 0.023333333333333334], [20, 40, 0.025555555555555557], [20, 60, 0.025555555555555557], [20, 80, 0.022222222222222223], [20, 100, 0.020555555555555556], [25, 1, 0.06055555555555556], [25, 20, 0.025], [25, 40, 0.023333333333333334], [25, 60, 0.024444444444444442], [25, 80, 0.02], [25, 100, 0.018333333333333333], [30, 1, 0.06111111111111111], [30, 20, 0.025], [30, 40, 0.02], [30, 60, 0.021111111111111112], [30, 80, 0.021111111111111112], [30, 100, 0.018333333333333333]]}