{"Weight Start": [[1, 1, 0.8], [1, 5, 0.8], [1, 10, 0.8], [1, 15, 0.8], [1, 20, 0.8], [1, 25, 0.8], [1, 30, 0.8], [5, 1, 0.8], [5, 5, 0.8], [5, 10, 0.8], [5, 15, 0.8], [5, 20, 0.8], [5, 25, 0.8], [5, 30, 0.8], [10, 1, 0.8], [10, 5, 0.8], [10, 10, 0.8], [10, 15, 0.8], [10, 20, 0.8], [10, 25, 0.8], [10, 30, 0.8], [15, 1, 0.8], [15, 5, 0.8], [15, 10, 0.8], [15, 15, 0.8], [15, 20, 0.8], [15, 25, 0.8], [15, 30, 0.8], [20, 1, 0.8], [20, 5, 0.8], [20, 10, 0.8], [20, 15, 0.8], [20, 20, 0.8], [20, 25, 0.8], [20, 30, 0.8], [25, 1, 0.8], [25, 5, 0.8], [25, 10, 0.8], [25, 15, 0.8], [25, 20, 0.8], [25, 25, 0.8], [25, 30, 0.8], [30, 1, 0.8], [30, 5, 0.8], [30, 10, 0.8], [30, 15, 0.8], [30, 20, 0.8], [30, 25, 0.8], [30, 30, 0.8]], "Random Start": [[1, 1, 0.2688888888888889], [1, 5, 0.28888888888888886], [1, 10, 0.2966666666666667], [1, 15, 0.3211111111111111], [1, 20, 0.32555555555555554], [1, 25, 0.33555555555555555], [1, 30, 0.31555555555555553], [5, 1, 0.24666666666666667], [5, 5, 0.32], [5, 10, 0.3388888888888889], [5, 15, 0.3844444444444445], [5, 20, 0.3755555555555556], [5, 25, 0.3522222222222222], [5, 30, 0.36444444444444446], [10, 1, 0.26555555555555554], [10, 5, 0.31555555555555553], [10, 10, 0.37333333333333335], [10, 15, 0.37666666666666665], [10, 20, 0.38333333333333336], [10, 25, 0.39222222222222225], [10, 30, 0.4077777777777778], [15, 1, 0.2822222222222222], [15, 5, 0.3233333333333333], [15, 10, 0.37222222222222223], [15, 15, 0.39444444444444443], [15, 20, 0.4033333333333333], [15, 25, 0.3977777777777778], [15, 30, 0.4088888888888889], [20, 1, 0.2777777777777778], [20, 5, 0.3233333333333333], [20, 10, 0.36666666666666664], [20, 15, 0.40111111111111114], [20, 20, 0.39111111111111113], [20, 25, 0.4188888888888889], [20, 30, 0.40555555555555556], [25, 1, 0.28555555555555556], [25, 5, 0.3611111111111111], [25, 10, 0.37555555555555553], [25, 15, 0.40111111111111114], [25, 20, 0.4], [25, 25, 0.38222222222222224], [25, 30, 0.43], [30, 1, 0.2811111111111111], [30, 5, 0.35777777777777775], [30, 10, 0.38], [30, 15, 0.4011111111111111], [30, 20, 0.40555555555555556], [30, 25, 0.4222222222222222], [30, 30, 0.4166666666666667]]}