{"Weight Start": [[1, 1, 0.8], [1, 5, 0.8], [1, 10, 0.8], [1, 15, 0.8], [1, 20, 0.8], [1, 25, 0.8], [1, 30, 0.8], [5, 1, 0.8], [5, 5, 0.8], [5, 10, 0.8], [5, 15, 0.8], [5, 20, 0.8], [5, 25, 0.8], [5, 30, 0.8], [10, 1, 0.8], [10, 5, 0.8], [10, 10, 0.8], [10, 15, 0.8], [10, 20, 0.8], [10, 25, 0.8], [10, 30, 0.8], [15, 1, 0.8], [15, 5, 0.8], [15, 10, 0.8], [15, 15, 0.8], [15, 20, 0.8], [15, 25, 0.8], [15, 30, 0.8], [20, 1, 0.8], [20, 5, 0.8], [20, 10, 0.8], [20, 15, 0.8], [20, 20, 0.8], [20, 25, 0.8], [20, 30, 0.8], [25, 1, 0.8], [25, 5, 0.8], [25, 10, 0.8], [25, 15, 0.8], [25, 20, 0.8], [25, 25, 0.8], [25, 30, 0.8], [30, 1, 0.8], [30, 5, 0.8], [30, 10, 0.8], [30, 15, 0.8], [30, 20, 0.8], [30, 25, 0.8], [30, 30, 0.8]], "Random Start": [[1, 1, 0.2833333333333333], [1, 5, 0.3211111111111111], [1, 10, 0.35333333333333333], [1, 15, 0.38666666666666666], [1, 20, 0.38555555555555554], [1, 25, 0.37444444444444447], [1, 30, 0.35000000000000003], [5, 1, 0.29], [5, 5, 0.38555555555555554], [5, 10, 0.4122222222222222], [5, 15, 0.44222222222222224], [5, 20, 0.4722222222222222], [5, 25, 0.47444444444444445], [5, 30, 0.49333333333333335], [10, 1, 0.3233333333333333], [10, 5, 0.41444444444444445], [10, 10, 0.4633333333333333], [10, 15, 0.4722222222222222], [10, 20, 0.5188888888888888], [10, 25, 0.52], [10, 30, 0.5544444444444444], [15, 1, 0.3377777777777778], [15, 5, 0.4255555555555556], [15, 10, 0.46555555555555556], [15, 15, 0.4955555555555556], [15, 20, 0.5411111111111111], [15, 25, 0.5355555555555556], [15, 30, 0.5555555555555556], [20, 1, 0.32222222222222224], [20, 5, 0.4477777777777778], [20, 10, 0.4766666666666667], [20, 15, 0.5155555555555555], [20, 20, 0.5533333333333333], [20, 25, 0.5633333333333334], [20, 30, 0.57], [25, 1, 0.3188888888888889], [25, 5, 0.4311111111111111], [25, 10, 0.5], [25, 15, 0.5122222222222222], [25, 20, 0.5277777777777778], [25, 25, 0.5555555555555556], [25, 30, 0.5744444444444444], [30, 1, 0.33555555555555555], [30, 5, 0.44333333333333336], [30, 10, 0.5055555555555555], [30, 15, 0.49444444444444446], [30, 20, 0.55], [30, 25, 0.5455555555555556], [30, 30, 0.5522222222222222]]}