{"Weight Start": [[1, 1, 0.8], [1, 5, 0.8], [1, 10, 0.8], [1, 15, 0.8], [1, 20, 0.8], [1, 25, 0.8], [1, 30, 0.8], [5, 1, 0.8], [5, 5, 0.8], [5, 10, 0.8], [5, 15, 0.8], [5, 20, 0.8], [5, 25, 0.8], [5, 30, 0.8], [10, 1, 0.8], [10, 5, 0.8], [10, 10, 0.8], [10, 15, 0.8], [10, 20, 0.8], [10, 25, 0.8], [10, 30, 0.8], [15, 1, 0.8], [15, 5, 0.8], [15, 10, 0.8], [15, 15, 0.8], [15, 20, 0.8], [15, 25, 0.8], [15, 30, 0.8], [20, 1, 0.8], [20, 5, 0.8], [20, 10, 0.8], [20, 15, 0.8], [20, 20, 0.8], [20, 25, 0.8], [20, 30, 0.8], [25, 1, 0.8], [25, 5, 0.8], [25, 10, 0.8], [25, 15, 0.8], [25, 20, 0.8], [25, 25, 0.8], [25, 30, 0.8], [30, 1, 0.8], [30, 5, 0.8], [30, 10, 0.8], [30, 15, 0.8], [30, 20, 0.8], [30, 25, 0.8], [30, 30, 0.8]], "Random Start": [[1, 1, 0.3088888888888889], [1, 5, 0.37777777777777777], [1, 10, 0.43444444444444447], [1, 15, 0.4266666666666667], [1, 20, 0.4922222222222222], [1, 25, 0.4822222222222222], [1, 30, 0.5], [5, 1, 0.37333333333333335], [5, 5, 0.5055555555555555], [5, 10, 0.51], [5, 15, 0.5744444444444444], [5, 20, 0.6055555555555555], [5, 25, 0.6055555555555555], [5, 30, 0.6211111111111111], [10, 1, 0.3833333333333333], [10, 5, 0.5444444444444444], [10, 10, 0.5755555555555555], [10, 15, 0.6188888888888888], [10, 20, 0.6233333333333333], [10, 25, 0.6355555555555555], [10, 30, 0.6488888888888888], [15, 1, 0.3933333333333333], [15, 5, 0.5766666666666667], [15, 10, 0.6033333333333333], [15, 15, 0.6188888888888888], [15, 20, 0.65], [15, 25, 0.6922222222222222], [15, 30, 0.6599999999999999], [20, 1, 0.4177777777777778], [20, 5, 0.5766666666666667], [20, 10, 0.611111111111111], [20, 15, 0.6466666666666666], [20, 20, 0.6777777777777778], [20, 25, 0.6799999999999999], [20, 30, 0.7188888888888889], [25, 1, 0.39222222222222225], [25, 5, 0.59], [25, 10, 0.6411111111111111], [25, 15, 0.6533333333333333], [25, 20, 0.6722222222222222], [25, 25, 0.7177777777777777], [25, 30, 0.7177777777777777], [30, 1, 0.4], [30, 5, 0.5933333333333333], [30, 10, 0.6311111111111111], [30, 15, 0.6677777777777778], [30, 20, 0.6911111111111111], [30, 25, 0.7055555555555555], [30, 30, 0.7377777777777778]]}