{"Weight Start": [[1, 1, 0.8], [1, 5, 0.8], [1, 10, 0.8], [1, 15, 0.8], [1, 20, 0.8], [1, 25, 0.8], [1, 30, 0.8], [5, 1, 0.8], [5, 5, 0.8], [5, 10, 0.8], [5, 15, 0.8], [5, 20, 0.8], [5, 25, 0.8], [5, 30, 0.8], [10, 1, 0.8], [10, 5, 0.8], [10, 10, 0.8], [10, 15, 0.8], [10, 20, 0.8], [10, 25, 0.8], [10, 30, 0.8], [15, 1, 0.8], [15, 5, 0.8], [15, 10, 0.8], [15, 15, 0.8], [15, 20, 0.8], [15, 25, 0.8], [15, 30, 0.8], [20, 1, 0.8], [20, 5, 0.8], [20, 10, 0.8], [20, 15, 0.8], [20, 20, 0.8], [20, 25, 0.8], [20, 30, 0.8], [25, 1, 0.8], [25, 5, 0.8], [25, 10, 0.8], [25, 15, 0.8], [25, 20, 0.8], [25, 25, 0.8], [25, 30, 0.8], [30, 1, 0.8], [30, 5, 0.8], [30, 10, 0.8], [30, 15, 0.8], [30, 20, 0.8], [30, 25, 0.8], [30, 30, 0.8]], "Random Start": [[1, 1, 0.28777777777777774], [1, 5, 0.4277777777777778], [1, 10, 0.45111111111111113], [1, 15, 0.48444444444444446], [1, 20, 0.5255555555555556], [1, 25, 0.5244444444444445], [1, 30, 0.5411111111111111], [5, 1, 0.4122222222222222], [5, 5, 0.5333333333333333], [5, 10, 0.6022222222222222], [5, 15, 0.6066666666666667], [5, 20, 0.6633333333333333], [5, 25, 0.6677777777777778], [5, 30, 0.6633333333333333], [10, 1, 0.4277777777777778], [10, 5, 0.5911111111111111], [10, 10, 0.6466666666666666], [10, 15, 0.6544444444444444], [10, 20, 0.7144444444444444], [10, 25, 0.7355555555555555], [10, 30, 0.7277777777777777], [15, 1, 0.47555555555555556], [15, 5, 0.6388888888888888], [15, 10, 0.7188888888888889], [15, 15, 0.7477777777777778], [15, 20, 0.7244444444444444], [15, 25, 0.7411111111111112], [15, 30, 0.7877777777777778], [20, 1, 0.46555555555555556], [20, 5, 0.6377777777777778], [20, 10, 0.6788888888888889], [20, 15, 0.7322222222222222], [20, 20, 0.778888888888889], [20, 25, 0.7755555555555556], [20, 30, 0.7677777777777778], [25, 1, 0.47333333333333333], [25, 5, 0.6644444444444444], [25, 10, 0.7211111111111111], [25, 15, 0.7511111111111112], [25, 20, 0.7877777777777778], [25, 25, 0.7866666666666667], [25, 30, 0.78], [30, 1, 0.48777777777777775], [30, 5, 0.6744444444444444], [30, 10, 0.7233333333333334], [30, 15, 0.7555555555555555], [30, 20, 0.77], [30, 25, 0.788888888888889], [30, 30, 0.7922222222222223]]}