{"Weight Start": [[1, 1, 0.8], [1, 5, 0.8], [1, 10, 0.8], [1, 15, 0.8], [1, 20, 0.8], [1, 25, 0.8], [1, 30, 0.8], [5, 1, 0.8], [5, 5, 0.8], [5, 10, 0.8], [5, 15, 0.8], [5, 20, 0.8], [5, 25, 0.8], [5, 30, 0.8], [10, 1, 0.8], [10, 5, 0.8], [10, 10, 0.8], [10, 15, 0.8], [10, 20, 0.8], [10, 25, 0.8], [10, 30, 0.8], [15, 1, 0.8], [15, 5, 0.8], [15, 10, 0.8], [15, 15, 0.8], [15, 20, 0.8], [15, 25, 0.8], [15, 30, 0.8], [20, 1, 0.8], [20, 5, 0.8], [20, 10, 0.8], [20, 15, 0.8], [20, 20, 0.8], [20, 25, 0.8], [20, 30, 0.8], [25, 1, 0.8], [25, 5, 0.8], [25, 10, 0.8], [25, 15, 0.8], [25, 20, 0.8], [25, 25, 0.8], [25, 30, 0.8], [30, 1, 0.8], [30, 5, 0.8], [30, 10, 0.8], [30, 15, 0.8], [30, 20, 0.8], [30, 25, 0.8], [30, 30, 0.8]], "Random Start": [[1, 1, 0.2544444444444444], [1, 5, 0.26], [1, 10, 0.26], [1, 15, 0.26222222222222225], [1, 20, 0.28888888888888886], [1, 25, 0.2711111111111111], [1, 30, 0.2722222222222222], [5, 1, 0.24444444444444444], [5, 5, 0.26], [5, 10, 0.25555555555555554], [5, 15, 0.2622222222222222], [5, 20, 0.2688888888888889], [5, 25, 0.2688888888888889], [5, 30, 0.26666666666666666], [10, 1, 0.25555555555555554], [10, 5, 0.25], [10, 10, 0.27111111111111114], [10, 15, 0.2544444444444444], [10, 20, 0.2544444444444444], [10, 25, 0.2833333333333333], [10, 30, 0.2622222222222222], [15, 1, 0.24444444444444444], [15, 5, 0.26666666666666666], [15, 10, 0.27555555555555555], [15, 15, 0.2644444444444444], [15, 20, 0.26222222222222225], [15, 25, 0.2611111111111111], [15, 30, 0.24666666666666667], [20, 1, 0.2611111111111111], [20, 5, 0.2733333333333333], [20, 10, 0.25], [20, 15, 0.2633333333333333], [20, 20, 0.2577777777777778], [20, 25, 0.2733333333333333], [20, 30, 0.27999999999999997], [25, 1, 0.2588888888888889], [25, 5, 0.24222222222222223], [25, 10, 0.2577777777777778], [25, 15, 0.28444444444444444], [25, 20, 0.25666666666666665], [25, 25, 0.2877777777777778], [25, 30, 0.2733333333333333], [30, 1, 0.23444444444444443], [30, 5, 0.24888888888888888], [30, 10, 0.24333333333333332], [30, 15, 0.25222222222222224], [30, 20, 0.26222222222222225], [30, 25, 0.27555555555555555], [30, 30, 0.2688888888888889]]}