{"Weight Start": [[1, 1, 0.4251420752651159], [1, 20, 0.41109280295054074], [1, 40, 0.4120866931057527], [1, 60, 0.411433710595141], [1, 80, 0.4114846837671055], [1, 100, 0.41165599581208134], [5, 1, 0.41550295030675155], [5, 20, 0.4120045407626667], [5, 40, 0.4113071358879054], [5, 60, 0.41276882336854387], [5, 80, 0.41064542957313854], [5, 100, 0.4114739285440083], [10, 1, 0.4169920690942181], [10, 20, 0.4112117403517913], [10, 40, 0.4117319123209431], [10, 60, 0.4122732797626986], [10, 80, 0.4117499898764347], [10, 100, 0.4111083925361015], [15, 1, 0.4159659132697145], [15, 20, 0.41192301836676193], [15, 40, 0.4120034542644965], [15, 60, 0.4106069280696226], [15, 80, 0.41120862243467915], [15, 100, 0.4109016969047219], [20, 1, 0.4148873828014857], [20, 20, 0.4120062572080181], [20, 40, 0.41044325333063186], [20, 60, 0.41256633215244654], [20, 80, 0.4114694091551354], [20, 100, 0.41260966801842597], [25, 1, 0.414438292978732], [25, 20, 0.4107040400510881], [25, 40, 0.4114014449258494], [25, 60, 0.41042938019042247], [25, 80, 0.4130542384523067], [25, 100, 0.41405856885702524], [30, 1, 0.41298143986055713], [30, 20, 0.4119167825325376], [30, 40, 0.4119555990096442], [30, 60, 0.4129092712159888], [30, 80, 0.41202184679357884], [30, 100, 0.41227187829093787]], "Random Start": [[1, 1, 0.3925501587407203], [1, 20, 0.4023464394490546], [1, 40, 0.4058076073839861], [1, 60, 0.4064392210258016], [1, 80, 0.4057714522730028], [1, 100, 0.4049301666600938], [5, 1, 0.3958608951296891], [5, 20, 0.4060297510235282], [5, 40, 0.40593312741184573], [5, 60, 0.40592643502663256], [5, 80, 0.40640344452599725], [5, 100, 0.4078489124738937], [10, 1, 0.40020573962273714], [10, 20, 0.40853023939331123], [10, 40, 0.4062009533098999], [10, 60, 0.4063663444942421], [10, 80, 0.410545797802948], [10, 100, 0.4079917067138713], [15, 1, 0.39905721350628026], [15, 20, 0.40308195291393123], [15, 40, 0.40842240400754265], [15, 60, 0.40898279392556175], [15, 80, 0.4097844915367847], [15, 100, 0.4091963553383469], [20, 1, 0.39359691190944057], [20, 20, 0.4059754085984492], [20, 40, 0.40888382392134665], [20, 60, 0.4072598631734782], [20, 80, 0.41036218748571596], [20, 100, 0.4073360946559305], [25, 1, 0.39676313761308035], [25, 20, 0.40802039791506195], [25, 40, 0.40744956774753627], [25, 60, 0.4101249426303961], [25, 80, 0.40798970711372345], [25, 100, 0.41036047104036455], [30, 1, 0.39395964497382585], [30, 20, 0.4087718938788999], [30, 40, 0.4091695539787001], [30, 60, 0.4098593215474763], [30, 80, 0.40776990986671396], [30, 100, 0.4101283755210989]]}