{"Weight Start": [[1, 1, 0.43026038271918515], [1, 20, 0.4178947681285982], [1, 40, 0.4130202563376637], [1, 60, 0.4137207791295371], [1, 80, 0.4152112993887644], [1, 100, 0.4125819217380073], [5, 1, 0.42448800625633404], [5, 20, 0.41480866334910244], [5, 40, 0.4130140205034394], [5, 60, 0.41223306181383135], [5, 80, 0.4133455743967032], [5, 100, 0.41465402738785745], [10, 1, 0.4191977568101077], [10, 20, 0.4136327059258174], [10, 40, 0.41255557692934935], [10, 60, 0.4139104837035952], [10, 80, 0.41511247096194753], [10, 100, 0.4119601183985171], [15, 1, 0.4175070917273157], [15, 20, 0.4148534006868426], [15, 40, 0.4145940154381471], [15, 60, 0.4131929698544003], [15, 80, 0.41397876290647184], [15, 100, 0.41435365266571517], [20, 1, 0.41994536333225396], [20, 20, 0.41376239855016517], [20, 40, 0.41376551646727733], [20, 60, 0.41312672207046564], [20, 80, 0.41354182977857623], [20, 100, 0.41348945513485097], [25, 1, 0.41666128672553376], [25, 20, 0.4136975522379913], [25, 40, 0.41214842150081443], [25, 60, 0.4137051895439764], [25, 80, 0.41407275697082524], [25, 100, 0.41303132653435154], [30, 1, 0.4190343970447075], [30, 20, 0.4144136646154255], [30, 40, 0.4131544683508844], [30, 60, 0.413933710595141], [30, 80, 0.41497373955985395], [30, 100, 0.41289711452113087]], "Random Start": [[1, 1, 0.37464909756901144], [1, 20, 0.3969889972981217], [1, 40, 0.3989113013491905], [1, 60, 0.3971634272602097], [1, 80, 0.39343292219685916], [1, 100, 0.3955457023465655], [5, 1, 0.386506870281497], [5, 20, 0.3981856936430216], [5, 40, 0.397652908428023], [5, 60, 0.4001307680346473], [5, 80, 0.40332491341489823], [5, 100, 0.4006771432350588], [10, 1, 0.39028071121082697], [10, 20, 0.39845786553375634], [10, 40, 0.39917415130738293], [10, 60, 0.401084928610775], [10, 80, 0.40188102033495493], [10, 100, 0.4004179313825557], [15, 1, 0.3850579694428978], [15, 20, 0.39987264268031436], [15, 40, 0.3977154401664584], [15, 60, 0.4033840122626308], [15, 80, 0.4024315999506487], [15, 100, 0.40266012100181336], [20, 1, 0.3809918476483994], [20, 20, 0.40033343264693705], [20, 40, 0.401668088869351], [20, 60, 0.40358352713901424], [20, 80, 0.40450090265697736], [20, 100, 0.40270002397709004], [25, 1, 0.37508946358760986], [25, 20, 0.3996907488084337], [25, 40, 0.40099485580690747], [25, 60, 0.3989910293599339], [25, 80, 0.4033347873548119], [25, 100, 0.4055629304376677], [30, 1, 0.38004644269522103], [30, 20, 0.4025757638435929], [30, 40, 0.40143522182550584], [30, 60, 0.4053496839984732], [30, 80, 0.40206420591999226], [30, 100, 0.40453428664323327]]}