{"Weight Start": [[1, 1, 0.4220420973454107], [1, 20, 0.41002814562252127], [1, 40, 0.4100697650431493], [1, 60, 0.41059445640117403], [1, 80, 0.41184289744261793], [1, 100, 0.41050186380858145], [5, 1, 0.4146279975527901], [5, 20, 0.4117933257424142], [5, 40, 0.41104806561280055], [5, 60, 0.41208497666040134], [5, 80, 0.4111902299055969], [5, 100, 0.41123808516044924], [10, 1, 0.4157543832758714], [10, 20, 0.411171522402924], [10, 40, 0.40965325586327794], [10, 60, 0.41149715543555415], [10, 80, 0.4133240639505088], [10, 100, 0.4123967365528221], [15, 1, 0.4150875276250503], [15, 20, 0.41228886934825937], [15, 40, 0.4109277267397892], [15, 60, 0.4111867970148941], [15, 80, 0.4112162597406642], [15, 100, 0.41145865393203823], [20, 1, 0.41228123204227435], [20, 20, 0.41166846748053], [20, 40, 0.41209604685708917], [20, 60, 0.41095095363133505], [20, 80, 0.41256352920892503], [20, 100, 0.4138383150590269], [25, 1, 0.41390284639761016], [25, 20, 0.41232877232353604], [25, 40, 0.4112117403517913], [25, 60, 0.41107581189321923], [25, 80, 0.4131388787653236], [25, 100, 0.41383036277945123], [30, 1, 0.41522657400073454], [30, 20, 0.4114232703456344], [30, 40, 0.41136886428296715], [30, 60, 0.4122809170686837], [30, 80, 0.4134863372177388], [30, 100, 0.4124788888959081]], "Random Start": [[1, 1, 0.39616533268971543], [1, 20, 0.4103017651060325], [1, 40, 0.4043725796855962], [1, 60, 0.4068565335490466], [1, 80, 0.4032245419389223], [1, 100, 0.4072442099503291], [5, 1, 0.4003955857741935], [5, 20, 0.4064464335995919], [5, 40, 0.406452527856418], [5, 60, 0.40739421676409704], [5, 80, 0.40638645346867575], [5, 100, 0.40788664245283013], [10, 1, 0.3993376526501813], [10, 20, 0.4084471739482475], [10, 40, 0.4080436248066077], [10, 60, 0.4074099797458502], [10, 80, 0.40837892656416497], [10, 100, 0.40824814744164706], [15, 1, 0.40121616428428175], [15, 20, 0.40988752437888387], [15, 40, 0.4078250874539608], [15, 60, 0.4097452185086893], [15, 80, 0.4082931997529779], [15, 100, 0.40938591833500676], [20, 1, 0.40070394459470565], [20, 20, 0.4088186626355821], [20, 40, 0.4076498859672933], [20, 60, 0.40928397199107774], [20, 80, 0.4096880095025005], [20, 100, 0.4081686564646843], [25, 1, 0.39689626312813087], [25, 20, 0.4092732167679805], [25, 40, 0.40708809457751344], [25, 60, 0.4096554288596182], [25, 80, 0.40898328229534475], [25, 100, 0.4098072618773417], [30, 1, 0.39802594016451665], [30, 20, 0.40757708737554377], [30, 40, 0.40949550198492085], [30, 60, 0.40895381956957466], [30, 80, 0.40991716050084637], [30, 100, 0.40949550198492085]]}