{"Weight Start": [[1, 1, 0.4382694844916491], [1, 20, 0.43506132439379064], [1, 40, 0.4339921476768982], [1, 60, 0.43362661166899136], [1, 80, 0.431401271529657], [1, 100, 0.43204630176069303], [5, 1, 0.43789147681529367], [5, 20, 0.4352419901901029], [5, 40, 0.4354549216557068], [5, 60, 0.433806962491713], [5, 80, 0.4324704482465494], [5, 100, 0.4320043673664743], [10, 1, 0.4379532052103554], [10, 20, 0.4357587292685519], [10, 40, 0.4336339340013858], [10, 60, 0.4338825640269841], [10, 80, 0.4335628518549876], [10, 100, 0.4316759313903226], [15, 1, 0.4374826049414074], [15, 20, 0.43511229756575515], [15, 40, 0.4357326994334846], [15, 60, 0.4331616172870864], [15, 80, 0.4320289957297809], [15, 100, 0.432771452915873], [20, 1, 0.4379237424845853], [20, 20, 0.43554439633118724], [20, 40, 0.4332836726054491], [20, 60, 0.43265251551462247], [20, 80, 0.43442252999697895], [20, 100, 0.4327929633620674], [25, 1, 0.43746701535584664], [25, 20, 0.4361384533902587], [25, 40, 0.43395956703401595], [25, 60, 0.43292437243176657], [25, 80, 0.4336065026945577], [25, 100, 0.4333994920895875], [30, 1, 0.4372232196927119], [30, 20, 0.4362636266257336], [30, 40, 0.4344318837483154], [30, 60, 0.4334722906813371], [30, 80, 0.43397655809133745], [30, 100, 0.43324517110193317]], "Random Start": [[1, 1, 0.36728611252575366], [1, 20, 0.3593027256147664], [1, 40, 0.357793356275468], [1, 60, 0.36694863777185616], [1, 80, 0.3643339047858879], [1, 100, 0.3616337599623232], [5, 1, 0.3620800468415553], [5, 20, 0.3621188633186619], [5, 40, 0.36501414520713527], [5, 60, 0.3662638461429417], [5, 80, 0.36315531781527377], [5, 100, 0.36310385627352626], [10, 1, 0.366571260042682], [10, 20, 0.36581335484842736], [10, 40, 0.3634762580628386], [10, 60, 0.35698324983368046], [10, 80, 0.36074868193244586], [10, 100, 0.3639072703301006], [15, 1, 0.3631578057852047], [15, 20, 0.3597669484720919], [15, 40, 0.3649359141245351], [15, 60, 0.35987124120855357], [15, 80, 0.3633408179740496], [15, 100, 0.3680201608812812], [20, 1, 0.3613254329606052], [20, 20, 0.36178808094997755], [20, 40, 0.3604178995637616], [20, 60, 0.36056458324543084], [20, 80, 0.36412987052063156], [20, 100, 0.36123658823230603], [25, 1, 0.3566530974121774], [25, 20, 0.3575200978865631], [25, 40, 0.3592216915886447], [25, 60, 0.3584115851468571], [25, 80, 0.3596424051837983], [25, 100, 0.3617762392287102], [30, 1, 0.36199197363783564], [30, 20, 0.36563923985993], [30, 40, 0.36544189797988685], [30, 60, 0.3567698618170877], [30, 80, 0.36271838468737816], [30, 100, 0.35865646730816203]]}