{"Weight Start": [[1, 1, 0.41951809892928543], [1, 20, 0.41095859093732007], [1, 40, 0.41129045980417456], [1, 60, 0.4112148582689034], [1, 80, 0.41131820608459324], [1, 100, 0.41119818218517257], [5, 1, 0.4123950201074707], [5, 20, 0.4105910235104712], [5, 40, 0.4110157999435089], [5, 60, 0.4104758339735141], [5, 80, 0.4106655385475722], [5, 100, 0.4116809391489786], [10, 1, 0.4134444028235201], [10, 20, 0.41094159987999856], [10, 40, 0.4111066760907501], [10, 60, 0.40958529163399193], [10, 80, 0.41052649217188797], [10, 100, 0.41035518012691213], [15, 1, 0.41223789617629486], [15, 20, 0.4110667731154734], [15, 40, 0.4104647637768262], [15, 60, 0.4124477097247866], [15, 80, 0.41310037726180765], [15, 100, 0.4128395905413514], [20, 1, 0.41311876979088996], [20, 20, 0.411151728402081], [20, 40, 0.4114569374866868], [20, 60, 0.41288432787909163], [20, 80, 0.41356334022477065], [20, 100, 0.4152112993887644], [25, 1, 0.4135602223076585], [25, 20, 0.41105289997526406], [25, 40, 0.4118612899717002], [25, 60, 0.4120402393226611], [25, 80, 0.41257256798667086], [25, 100, 0.41319468629975165], [30, 1, 0.4156649086003909], [30, 20, 0.41141531806605874], [30, 40, 0.41401726440998776], [30, 60, 0.41431343471684784], [30, 80, 0.41406168677413735], [30, 100, 0.41160673908546824]], "Random Start": [[1, 1, 0.39475384685646203], [1, 20, 0.4068806735425701], [1, 40, 0.4088201420471528], [1, 60, 0.4092454068499735], [1, 80, 0.4079238522431894], [1, 100, 0.40420066951223327], [5, 1, 0.4000663782734623], [5, 20, 0.4076258239135797], [5, 40, 0.40732828395375303], [5, 60, 0.4075140990861195], [5, 80, 0.4081092426433611], [5, 100, 0.4081455711505368], [10, 1, 0.40547402207178024], [10, 20, 0.4111058727473764], [10, 40, 0.4086473505906063], [10, 60, 0.4105040368049217], [10, 80, 0.4096457601346912], [10, 100, 0.4096384378022967], [15, 1, 0.4002481623867389], [15, 20, 0.4095854332113902], [15, 40, 0.4079117591859197], [15, 60, 0.4087083074610885], [15, 80, 0.4078191665933271], [15, 100, 0.4081423116560264], [20, 1, 0.397875508618554], [20, 20, 0.4095818587432892], [20, 40, 0.4084939745237238], [20, 60, 0.40843879693647706], [20, 80, 0.40977156331734726], [20, 100, 0.4096435871383509], [25, 1, 0.4045008708381832], [25, 20, 0.40839311467796496], [25, 40, 0.40927461823974126], [25, 60, 0.4074015709152856], [25, 80, 0.4097996245713566], [25, 100, 0.41020397705636996], [30, 1, 0.4010118150454348], [30, 20, 0.4082931997529779], [30, 40, 0.4074216798897193], [30, 60, 0.4104169085219739], [30, 80, 0.40875959560664366], [30, 100, 0.4070714184937826]]}