{"Weight Start": [[1, 1, 0.42758970062139057], [1, 20, 0.41297380255457206], [1, 40, 0.41236695885346136], [1, 60, 0.4108164266445237], [1, 80, 0.4115231852706215], [1, 100, 0.4121775692529939], [5, 1, 0.4193325987705096], [5, 20, 0.41286421890465796], [5, 40, 0.41193689150697127], [5, 60, 0.41299251005724497], [5, 80, 0.4118921541692311], [5, 100, 0.41162856450525326], [10, 1, 0.4158959176214865], [10, 20, 0.4106870489937666], [10, 40, 0.411944843786547], [10, 60, 0.4125802052926559], [10, 80, 0.4126006292406802], [10, 100, 0.4113844538685279], [15, 1, 0.41566771154391247], [15, 20, 0.411588346556386], [15, 40, 0.4116885764549636], [15, 60, 0.4119878646789358], [15, 80, 0.4114603703773896], [15, 100, 0.4125496560687157], [20, 1, 0.41662761958448136], [20, 20, 0.41302477572653656], [20, 40, 0.4111947492944698], [20, 60, 0.4114122001489466], [20, 80, 0.4107844759488227], [20, 100, 0.41163620181123833], [25, 1, 0.41667375839398235], [25, 20, 0.4118273078570572], [25, 40, 0.4110157999435089], [25, 60, 0.4125063202027362], [25, 80, 0.41151898085533917], [25, 100, 0.41169621376094867], [30, 1, 0.41641640456422885], [30, 20, 0.4100791187944858], [30, 40, 0.41178600341001975], [30, 60, 0.41078899533769564], [30, 80, 0.41292454582795896], [30, 100, 0.4117409510986889]], "Random Start": [[1, 1, 0.3877793097390662], [1, 20, 0.4010013429771341], [1, 40, 0.4020270422506488], [1, 60, 0.4015096732250185], [1, 80, 0.40218199318548437], [1, 100, 0.40372846255653794], [5, 1, 0.39735281686067714], [5, 20, 0.40498331282839856], [5, 40, 0.40519298479949206], [5, 60, 0.4050346327927479], [5, 80, 0.4043825952029081], [5, 100, 0.40730548179440196], [10, 1, 0.39030908743842696], [10, 20, 0.40624408396089284], [10, 40, 0.40561481671161], [10, 60, 0.4052754839349629], [10, 80, 0.4063321889834067], [10, 100, 0.4080715126644247], [15, 1, 0.3917260375813252], [15, 20, 0.40493051345247855], [15, 40, 0.4059897382896474], [15, 60, 0.4064756131705656], [15, 80, 0.4099211915199363], [15, 100, 0.4088777296645206], [20, 1, 0.3881013683035954], [20, 20, 0.40915782201603684], [20, 40, 0.40253000364527086], [20, 60, 0.40767122301729536], [20, 80, 0.4072068585825716], [20, 100, 0.408592944527939], [25, 1, 0.3877470440697746], [25, 20, 0.4073960747868467], [25, 40, 0.4082211726858079], [25, 60, 0.4100200199467532], [25, 80, 0.40786747839916837], [25, 100, 0.4075268857281587], [30, 1, 0.3921833946572451], [30, 20, 0.40834757399685107], [30, 40, 0.4071325169416631], [30, 60, 0.41146222840013924], [30, 80, 0.4088775880871223], [30, 100, 0.4077245425817925]]}