{"Weight Start": [[1, 1, 0.7175481481481483], [1, 20, 0.7400814814814816], [1, 40, 0.7448], [1, 60, 0.7470814814814816], [1, 80, 0.748488888888889], [1, 100, 0.7478518518518519], [5, 1, 0.7296296296296297], [5, 20, 0.7490518518518519], [5, 40, 0.7520444444444445], [5, 60, 0.7529407407407408], [5, 80, 0.7545333333333334], [5, 100, 0.7541111111111112], [10, 1, 0.7325925925925927], [10, 20, 0.753962962962963], [10, 40, 0.7574814814814814], [10, 60, 0.7600148148148148], [10, 80, 0.7617925925925926], [10, 100, 0.7633481481481481], [15, 1, 0.7360444444444445], [15, 20, 0.7557037037037038], [15, 40, 0.7611481481481481], [15, 60, 0.766037037037037], [15, 80, 0.7684444444444444], [15, 100, 0.7677703703703703], [20, 1, 0.7388370370370372], [20, 20, 0.7589111111111111], [20, 40, 0.7649925925925926], [20, 60, 0.7708148148148146], [20, 80, 0.7716666666666665], [20, 100, 0.7728888888888887], [25, 1, 0.7365481481481482], [25, 20, 0.7643407407407407], [25, 40, 0.7685555555555554], [25, 60, 0.7711777777777776], [25, 80, 0.7743999999999999], [25, 100, 0.7755407407407405], [30, 1, 0.740925925925926], [30, 20, 0.7631481481481481], [30, 40, 0.7699999999999999], [30, 60, 0.7761407407407406], [30, 80, 0.7774666666666665], [30, 100, 0.7786518518518517]], "Random Start": [[1, 1, 0.20944444444444443], [1, 20, 0.3389703703703704], [1, 40, 0.4019555555555557], [1, 60, 0.40647407407407415], [1, 80, 0.39874074074074084], [1, 100, 0.42340740740740757], [5, 1, 0.2676074074074074], [5, 20, 0.4598666666666668], [5, 40, 0.5141481481481484], [5, 60, 0.5865555555555557], [5, 80, 0.5881925925925927], [5, 100, 0.5801481481481483], [10, 1, 0.31847407407407413], [10, 20, 0.5539481481481483], [10, 40, 0.6015555555555556], [10, 60, 0.638688888888889], [10, 80, 0.6338814814814815], [10, 100, 0.6667259259259259], [15, 1, 0.33917777777777786], [15, 20, 0.604688888888889], [15, 40, 0.6477037037037038], [15, 60, 0.6636592592592593], [15, 80, 0.6870814814814815], [15, 100, 0.6853185185185185], [20, 1, 0.35395555555555563], [20, 20, 0.6276962962962964], [20, 40, 0.6808296296296297], [20, 60, 0.6889555555555555], [20, 80, 0.6922518518518519], [20, 100, 0.6942518518518518], [25, 1, 0.36497777777777785], [25, 20, 0.645762962962963], [25, 40, 0.6952370370370371], [25, 60, 0.6942296296296296], [25, 80, 0.6956444444444445], [25, 100, 0.7060592592592593], [30, 1, 0.3706148148148149], [30, 20, 0.6666074074074074], [30, 40, 0.7152592592592593], [30, 60, 0.7148888888888889], [30, 80, 0.7162000000000001], [30, 100, 0.7201481481481482]]}