{"Weight Start": [[1, 1, 0.7213333333333334], [1, 20, 0.7419555555555556], [1, 40, 0.747325925925926], [1, 60, 0.7474666666666667], [1, 80, 0.7492000000000001], [1, 100, 0.7492592592592593], [5, 1, 0.7324222222222223], [5, 20, 0.7524962962962963], [5, 40, 0.7582962962962962], [5, 60, 0.7610296296296296], [5, 80, 0.7603703703703704], [5, 100, 0.7645555555555554], [10, 1, 0.738362962962963], [10, 20, 0.7578518518518519], [10, 40, 0.7685925925925925], [10, 60, 0.7710370370370369], [10, 80, 0.7740148148148147], [10, 100, 0.7749777777777777], [15, 1, 0.7419481481481482], [15, 20, 0.7661777777777777], [15, 40, 0.7719185185185183], [15, 60, 0.7764370370370368], [15, 80, 0.7753259259259258], [15, 100, 0.7778074074074072], [20, 1, 0.7428592592592593], [20, 20, 0.7698888888888887], [20, 40, 0.7747777777777776], [20, 60, 0.7787703703703701], [20, 80, 0.7819851851851849], [20, 100, 0.7816814814814812], [25, 1, 0.7440740740740741], [25, 20, 0.7730740740740739], [25, 40, 0.7767407407407405], [25, 60, 0.7803185185185183], [25, 80, 0.7822296296296294], [25, 100, 0.7835185185185183], [30, 1, 0.7444814814814815], [30, 20, 0.7754074074074072], [30, 40, 0.7790370370370369], [30, 60, 0.7819555555555553], [30, 80, 0.782933333333333], [30, 100, 0.7832740740740738]], "Random Start": [[1, 1, 0.22374814814814814], [1, 20, 0.4435555555555557], [1, 40, 0.4709703703703705], [1, 60, 0.507977777777778], [1, 80, 0.5148740740740743], [1, 100, 0.546688888888889], [5, 1, 0.3306592592592593], [5, 20, 0.599688888888889], [5, 40, 0.6337481481481482], [5, 60, 0.6751111111111112], [5, 80, 0.6726666666666667], [5, 100, 0.6776592592592593], [10, 1, 0.41642222222222236], [10, 20, 0.6522444444444445], [10, 40, 0.7006148148148148], [10, 60, 0.7166666666666667], [10, 80, 0.716288888888889], [10, 100, 0.7185037037037038], [15, 1, 0.43130370370370386], [15, 20, 0.699762962962963], [15, 40, 0.7163037037037038], [15, 60, 0.7361333333333333], [15, 80, 0.7370222222222222], [15, 100, 0.7430222222222223], [20, 1, 0.4573111111111112], [20, 20, 0.7083481481481482], [20, 40, 0.729488888888889], [20, 60, 0.7382222222222222], [20, 80, 0.7413777777777778], [20, 100, 0.7554740740740741], [25, 1, 0.4649185185185187], [25, 20, 0.7329407407407407], [25, 40, 0.7376370370370371], [25, 60, 0.7378592592592592], [25, 80, 0.7514148148148148], [25, 100, 0.7503481481481481], [30, 1, 0.4591555555555557], [30, 20, 0.7344592592592593], [30, 40, 0.750748148148148], [30, 60, 0.7523333333333333], [30, 80, 0.7612962962962962], [30, 100, 0.7624222222222221]]}