{"Weight Start": [[1, 1, 0.7177777777777778], [1, 20, 0.7334296296296297], [1, 40, 0.7412740740740742], [1, 60, 0.743051851851852], [1, 80, 0.7441925925925926], [1, 100, 0.7446666666666668], [5, 1, 0.7248962962962964], [5, 20, 0.745962962962963], [5, 40, 0.748251851851852], [5, 60, 0.7482592592592593], [5, 80, 0.750851851851852], [5, 100, 0.750251851851852], [10, 1, 0.7293555555555556], [10, 20, 0.7498666666666667], [10, 40, 0.7516074074074075], [10, 60, 0.752562962962963], [10, 80, 0.7544222222222222], [10, 100, 0.7535111111111111], [15, 1, 0.7310370370370372], [15, 20, 0.7499777777777779], [15, 40, 0.753251851851852], [15, 60, 0.758], [15, 80, 0.7594814814814814], [15, 100, 0.7601851851851852], [20, 1, 0.7331111111111112], [20, 20, 0.7530740740740741], [20, 40, 0.7556296296296297], [20, 60, 0.7574074074074074], [20, 80, 0.7589037037037037], [20, 100, 0.758962962962963], [25, 1, 0.734851851851852], [25, 20, 0.7529629629629631], [25, 40, 0.7572592592592593], [25, 60, 0.7642518518518517], [25, 80, 0.7627407407407407], [25, 100, 0.763074074074074], [30, 1, 0.7327481481481483], [30, 20, 0.7539037037037037], [30, 40, 0.7615185185185185], [30, 60, 0.7618518518518518], [30, 80, 0.763962962962963], [30, 100, 0.7657777777777777]], "Random Start": [[1, 1, 0.1714], [1, 20, 0.2927777777777778], [1, 40, 0.3184222222222223], [1, 60, 0.3281333333333334], [1, 80, 0.3338518518518519], [1, 100, 0.29229629629629633], [5, 1, 0.22468888888888888], [5, 20, 0.37481481481481493], [5, 40, 0.42951111111111123], [5, 60, 0.4239555555555557], [5, 80, 0.4742592592592594], [5, 100, 0.4988592592592594], [10, 1, 0.2586148148148148], [10, 20, 0.4324074074074075], [10, 40, 0.48371851851851866], [10, 60, 0.5080666666666668], [10, 80, 0.5550000000000002], [10, 100, 0.5547481481481483], [15, 1, 0.272762962962963], [15, 20, 0.49015555555555573], [15, 40, 0.5375555555555557], [15, 60, 0.5503481481481483], [15, 80, 0.5906222222222224], [15, 100, 0.5966592592592593], [20, 1, 0.2741703703703704], [20, 20, 0.4940296296296298], [20, 40, 0.5569407407407408], [20, 60, 0.5586962962962965], [20, 80, 0.6029703703703705], [20, 100, 0.6002814814814815], [25, 1, 0.2771851851851852], [25, 20, 0.521288888888889], [25, 40, 0.5839481481481483], [25, 60, 0.5995333333333335], [25, 80, 0.6139777777777778], [25, 100, 0.6274592592592594], [30, 1, 0.28312592592592595], [30, 20, 0.5418074074074075], [30, 40, 0.5815037037037039], [30, 60, 0.6281111111111112], [30, 80, 0.6301777777777778], [30, 100, 0.6499333333333334]]}