{"Weight Start": [[1, 1, 0.7197851851851853], [1, 20, 0.7423037037037038], [1, 40, 0.7467851851851852], [1, 60, 0.7477111111111111], [1, 80, 0.7496518518518519], [1, 100, 0.7491111111111112], [5, 1, 0.7307629629629631], [5, 20, 0.7502592592592593], [5, 40, 0.7547037037037038], [5, 60, 0.7564962962962963], [5, 80, 0.7583703703703704], [5, 100, 0.7607037037037037], [10, 1, 0.7365185185185186], [10, 20, 0.7564222222222222], [10, 40, 0.761037037037037], [10, 60, 0.766037037037037], [10, 80, 0.7657407407407406], [10, 100, 0.7726222222222221], [15, 1, 0.7422074074074074], [15, 20, 0.7604444444444444], [15, 40, 0.7688518518518518], [15, 60, 0.7733333333333332], [15, 80, 0.7738518518518517], [15, 100, 0.7769925925925923], [20, 1, 0.7405703703703704], [20, 20, 0.7645555555555554], [20, 40, 0.7727407407407406], [20, 60, 0.7770888888888887], [20, 80, 0.7766962962962961], [20, 100, 0.7789555555555553], [25, 1, 0.7429851851851853], [25, 20, 0.7687407407407406], [25, 40, 0.7751037037037035], [25, 60, 0.7774370370370368], [25, 80, 0.7811185185185183], [25, 100, 0.7820814814814813], [30, 1, 0.7434518518518519], [30, 20, 0.7707777777777777], [30, 40, 0.776585185185185], [30, 60, 0.7801999999999998], [30, 80, 0.7812888888888886], [30, 100, 0.7816888888888887]], "Random Start": [[1, 1, 0.21677037037037036], [1, 20, 0.3787407407407408], [1, 40, 0.4460296296296298], [1, 60, 0.4426740740740742], [1, 80, 0.47440000000000015], [1, 100, 0.48949629629629643], [5, 1, 0.32691851851851855], [5, 20, 0.5345851851851853], [5, 40, 0.6002740740740742], [5, 60, 0.6216444444444446], [5, 80, 0.6654518518518518], [5, 100, 0.6629259259259259], [10, 1, 0.34995555555555563], [10, 20, 0.6142666666666667], [10, 40, 0.6628000000000001], [10, 60, 0.6705555555555556], [10, 80, 0.6948740740740741], [10, 100, 0.6938444444444445], [15, 1, 0.3768000000000001], [15, 20, 0.6585111111111112], [15, 40, 0.6911407407407408], [15, 60, 0.6964518518518519], [15, 80, 0.7233851851851852], [15, 100, 0.7058], [20, 1, 0.41383703703703717], [20, 20, 0.6922666666666667], [20, 40, 0.7222], [20, 60, 0.7138666666666666], [20, 80, 0.7232296296296297], [20, 100, 0.7306074074074074], [25, 1, 0.40311111111111125], [25, 20, 0.6943111111111111], [25, 40, 0.7152222222222222], [25, 60, 0.7389925925925926], [25, 80, 0.7454074074074074], [25, 100, 0.7247851851851852], [30, 1, 0.43334074074074086], [30, 20, 0.7059037037037037], [30, 40, 0.735], [30, 60, 0.7333185185185185], [30, 80, 0.7299185185185185], [30, 100, 0.751437037037037]]}