{"Weight Start": [[1, 1, 0.7319777777777778], [1, 20, 0.7319925925925926], [1, 40, 0.7327703703703704], [1, 60, 0.7343481481481482], [1, 80, 0.7351555555555557], [1, 100, 0.7356370370370371], [5, 1, 0.7330814814814816], [5, 20, 0.7307851851851852], [5, 40, 0.7314074074074075], [5, 60, 0.7325333333333334], [5, 80, 0.7342000000000001], [5, 100, 0.7362592592592594], [10, 1, 0.7316222222222223], [10, 20, 0.7307777777777779], [10, 40, 0.7316074074074075], [10, 60, 0.7342444444444446], [10, 80, 0.7346962962962964], [10, 100, 0.7354814814814816], [15, 1, 0.7317703703703704], [15, 20, 0.7335037037037038], [15, 40, 0.7292296296296297], [15, 60, 0.7333037037037038], [15, 80, 0.734488888888889], [15, 100, 0.7338074074074075], [20, 1, 0.7304], [20, 20, 0.7300444444444445], [20, 40, 0.7291037037037038], [20, 60, 0.734888888888889], [20, 80, 0.7336074074074075], [20, 100, 0.7345037037037038], [25, 1, 0.7320962962962964], [25, 20, 0.7302370370370371], [25, 40, 0.7347925925925927], [25, 60, 0.7358814814814816], [25, 80, 0.7357629629629631], [25, 100, 0.7346962962962964], [30, 1, 0.7310000000000001], [30, 20, 0.7321037037037037], [30, 40, 0.7296518518518519], [30, 60, 0.7363333333333334], [30, 80, 0.7325925925925927], [30, 100, 0.7332000000000001]], "Random Start": [[1, 1, 0.15503703703703703], [1, 20, 0.1532888888888889], [1, 40, 0.15018518518518517], [1, 60, 0.16639259259259262], [1, 80, 0.16642222222222222], [1, 100, 0.1660962962962963], [5, 1, 0.14415555555555556], [5, 20, 0.15343703703703704], [5, 40, 0.16408148148148147], [5, 60, 0.1622296296296296], [5, 80, 0.1630148148148148], [5, 100, 0.15825185185185184], [10, 1, 0.14742222222222223], [10, 20, 0.1618888888888889], [10, 40, 0.15411851851851852], [10, 60, 0.1538], [10, 80, 0.16462222222222223], [10, 100, 0.15728148148148147], [15, 1, 0.15276296296296296], [15, 20, 0.15474814814814813], [15, 40, 0.1622074074074074], [15, 60, 0.15633333333333332], [15, 80, 0.15956296296296296], [15, 100, 0.15762962962962962], [20, 1, 0.14962962962962964], [20, 20, 0.15731851851851852], [20, 40, 0.1577185185185185], [20, 60, 0.1585259259259259], [20, 80, 0.1532962962962963], [20, 100, 0.16246666666666668], [25, 1, 0.14200740740740742], [25, 20, 0.14657037037037038], [25, 40, 0.16184444444444446], [25, 60, 0.1549259259259259], [25, 80, 0.15534074074074075], [25, 100, 0.1579925925925926], [30, 1, 0.15304444444444443], [30, 20, 0.168], [30, 40, 0.15896296296296294], [30, 60, 0.15463703703703705], [30, 80, 0.1723777777777778], [30, 100, 0.15242962962962964]]}