{"Weight Start": [[1, 1, 0.7220296296296297], [1, 20, 0.7461851851851852], [1, 40, 0.7488148148148148], [1, 60, 0.7496296296296296], [1, 80, 0.7503703703703705], [1, 100, 0.7514814814814815], [5, 1, 0.7347333333333333], [5, 20, 0.7558888888888888], [5, 40, 0.7588444444444444], [5, 60, 0.7602962962962962], [5, 80, 0.7644074074074073], [5, 100, 0.7693555555555555], [10, 1, 0.7404444444444445], [10, 20, 0.7622222222222221], [10, 40, 0.768037037037037], [10, 60, 0.7717407407407406], [10, 80, 0.7766962962962961], [10, 100, 0.7758518518518517], [15, 1, 0.7445703703703704], [15, 20, 0.7690370370370369], [15, 40, 0.7750370370370369], [15, 60, 0.7806444444444443], [15, 80, 0.780948148148148], [15, 100, 0.7824148148148146], [20, 1, 0.7425851851851852], [20, 20, 0.7722962962962961], [20, 40, 0.7758518518518517], [20, 60, 0.7804148148148146], [20, 80, 0.7826074074074072], [20, 100, 0.7832666666666664], [25, 1, 0.7470444444444445], [25, 20, 0.7760740740740739], [25, 40, 0.7808740740740738], [25, 60, 0.7813185185185183], [25, 80, 0.7829407407407405], [25, 100, 0.7837777777777775], [30, 1, 0.7466], [30, 20, 0.7758814814814813], [30, 40, 0.782222222222222], [30, 60, 0.7824814814814812], [30, 80, 0.7842740740740738], [30, 100, 0.7827703703703701]], "Random Start": [[1, 1, 0.23653333333333332], [1, 20, 0.4754814814814816], [1, 40, 0.5057629629629631], [1, 60, 0.5483185185185186], [1, 80, 0.554488888888889], [1, 100, 0.5614296296296297], [5, 1, 0.3641777777777778], [5, 20, 0.6208888888888889], [5, 40, 0.6782370370370371], [5, 60, 0.7017333333333334], [5, 80, 0.7005037037037037], [5, 100, 0.7174962962962963], [10, 1, 0.43420000000000014], [10, 20, 0.6842222222222223], [10, 40, 0.709488888888889], [10, 60, 0.7233185185185186], [10, 80, 0.7332518518518518], [10, 100, 0.7341703703703704], [15, 1, 0.4660296296296298], [15, 20, 0.712474074074074], [15, 40, 0.7268148148148148], [15, 60, 0.7464222222222222], [15, 80, 0.7334740740740741], [15, 100, 0.7565037037037037], [20, 1, 0.47058518518518533], [20, 20, 0.7337037037037037], [20, 40, 0.7494740740740741], [20, 60, 0.7595037037037037], [20, 80, 0.753325925925926], [20, 100, 0.7572296296296296], [25, 1, 0.5011185185185187], [25, 20, 0.7278666666666667], [25, 40, 0.7523777777777777], [25, 60, 0.7555703703703703], [25, 80, 0.7633037037037036], [25, 100, 0.7699925925925925], [30, 1, 0.5158000000000001], [30, 20, 0.7418074074074074], [30, 40, 0.7533037037037037], [30, 60, 0.7669407407407407], [30, 80, 0.7718962962962962], [30, 100, 0.7773259259259258]]}