{"Weight Start": [[1, 1, 0.9666666666666667], [1, 20, 0.9666666666666667], [1, 40, 0.9677777777777777], [1, 60, 0.9666666666666667], [1, 80, 0.9677777777777777], [1, 100, 0.9666666666666667], [5, 1, 0.9677777777777777], [5, 20, 0.9666666666666667], [5, 40, 0.9666666666666667], [5, 60, 0.9666666666666667], [5, 80, 0.9666666666666667], [5, 100, 0.9666666666666667], [10, 1, 0.9666666666666667], [10, 20, 0.9666666666666667], [10, 40, 0.9666666666666667], [10, 60, 0.9666666666666667], [10, 80, 0.9666666666666667], [10, 100, 0.9666666666666667], [15, 1, 0.9677777777777777], [15, 20, 0.9666666666666667], [15, 40, 0.9666666666666667], [15, 60, 0.9666666666666667], [15, 80, 0.9666666666666667], [15, 100, 0.9666666666666667], [20, 1, 0.9666666666666667], [20, 20, 0.9666666666666667], [20, 40, 0.9666666666666667], [20, 60, 0.9666666666666667], [20, 80, 0.9666666666666667], [20, 100, 0.9666666666666667], [25, 1, 0.9666666666666667], [25, 20, 0.9666666666666667], [25, 40, 0.9666666666666667], [25, 60, 0.9666666666666667], [25, 80, 0.9666666666666667], [25, 100, 0.9666666666666667], [30, 1, 0.9666666666666667], [30, 20, 0.9666666666666667], [30, 40, 0.9666666666666667], [30, 60, 0.9666666666666667], [30, 80, 0.9666666666666667], [30, 100, 0.9666666666666667]], "Random Start": [[1, 1, 0.10666666666666667], [1, 20, 0.5055555555555555], [1, 40, 0.5577777777777778], [1, 60, 0.6333333333333333], [1, 80, 0.6422222222222222], [1, 100, 0.6588888888888889], [5, 1, 0.32], [5, 20, 0.7666666666666667], [5, 40, 0.8644444444444445], [5, 60, 0.9044444444444445], [5, 80, 0.8977777777777778], [5, 100, 0.9277777777777778], [10, 1, 0.4477777777777778], [10, 20, 0.8722222222222222], [10, 40, 0.9088888888888889], [10, 60, 0.9277777777777778], [10, 80, 0.9388888888888889], [10, 100, 0.9333333333333333], [15, 1, 0.5033333333333333], [15, 20, 0.9155555555555556], [15, 40, 0.9344444444444444], [15, 60, 0.9566666666666667], [15, 80, 0.9277777777777778], [15, 100, 0.9622222222222222], [20, 1, 0.51], [20, 20, 0.9555555555555556], [20, 40, 0.9555555555555556], [20, 60, 0.9666666666666667], [20, 80, 0.95], [20, 100, 0.95], [25, 1, 0.5688888888888889], [25, 20, 0.9322222222222223], [25, 40, 0.9555555555555556], [25, 60, 0.9555555555555556], [25, 80, 0.9555555555555556], [25, 100, 0.9611111111111111], [30, 1, 0.6], [30, 20, 0.95], [30, 40, 0.9577777777777778], [30, 60, 0.9666666666666667], [30, 80, 0.9622222222222222], [30, 100, 0.9666666666666667]]}