{"Weight Start": [[1, 1, 0.9944444444444445], [1, 20, 0.9933333333333333], [1, 40, 0.9911111111111112], [1, 60, 0.99], [1, 80, 0.9888888888888889], [1, 100, 0.99], [5, 1, 0.9955555555555555], [5, 20, 0.99], [5, 40, 0.9888888888888889], [5, 60, 0.99], [5, 80, 0.9866666666666667], [5, 100, 0.9888888888888889], [10, 1, 0.9944444444444445], [10, 20, 0.99], [10, 40, 0.9866666666666667], [10, 60, 0.99], [10, 80, 0.9877777777777778], [10, 100, 0.9888888888888889], [15, 1, 0.9944444444444445], [15, 20, 0.9911111111111112], [15, 40, 0.99], [15, 60, 0.9866666666666667], [15, 80, 0.9888888888888889], [15, 100, 0.9855555555555555], [20, 1, 0.9922222222222222], [20, 20, 0.99], [20, 40, 0.9833333333333334], [20, 60, 0.9922222222222222], [20, 80, 0.9877777777777778], [20, 100, 0.9866666666666667], [25, 1, 0.9955555555555555], [25, 20, 0.9911111111111112], [25, 40, 0.99], [25, 60, 0.9911111111111112], [25, 80, 0.9888888888888889], [25, 100, 0.9888888888888889], [30, 1, 0.9933333333333333], [30, 20, 0.9933333333333333], [30, 40, 0.9866666666666667], [30, 60, 0.9944444444444445], [30, 80, 0.9866666666666667], [30, 100, 0.9855555555555555]], "Random Start": [[1, 1, 0.04555555555555556], [1, 20, 0.04], [1, 40, 0.03888888888888889], [1, 60, 0.06111111111111111], [1, 80, 0.06444444444444444], [1, 100, 0.06111111111111111], [5, 1, 0.027777777777777776], [5, 20, 0.03777777777777778], [5, 40, 0.05444444444444444], [5, 60, 0.05], [5, 80, 0.058888888888888886], [5, 100, 0.04555555555555556], [10, 1, 0.03222222222222222], [10, 20, 0.04555555555555556], [10, 40, 0.03777777777777778], [10, 60, 0.04], [10, 80, 0.06444444444444444], [10, 100, 0.03777777777777778], [15, 1, 0.03888888888888889], [15, 20, 0.04], [15, 40, 0.04888888888888889], [15, 60, 0.044444444444444446], [15, 80, 0.043333333333333335], [15, 100, 0.043333333333333335], [20, 1, 0.03666666666666667], [20, 20, 0.043333333333333335], [20, 40, 0.04], [20, 60, 0.04666666666666667], [20, 80, 0.03666666666666667], [20, 100, 0.05555555555555556], [25, 1, 0.03111111111111111], [25, 20, 0.03111111111111111], [25, 40, 0.051111111111111114], [25, 60, 0.03888888888888889], [25, 80, 0.042222222222222223], [25, 100, 0.03777777777777778], [30, 1, 0.044444444444444446], [30, 20, 0.06], [30, 40, 0.05333333333333334], [30, 60, 0.04111111111111111], [30, 80, 0.06999999999999999], [30, 100, 0.03333333333333333]]}