{"Weight Start": [[1, 1, 0.9666666666666667], [1, 20, 0.9666666666666667], [1, 40, 0.9666666666666667], [1, 60, 0.9666666666666667], [1, 80, 0.9666666666666667], [1, 100, 0.9666666666666667], [5, 1, 0.9666666666666667], [5, 20, 0.9666666666666667], [5, 40, 0.9677777777777777], [5, 60, 0.9666666666666667], [5, 80, 0.9666666666666667], [5, 100, 0.9666666666666667], [10, 1, 0.9666666666666667], [10, 20, 0.9666666666666667], [10, 40, 0.9666666666666667], [10, 60, 0.9666666666666667], [10, 80, 0.9666666666666667], [10, 100, 0.9666666666666667], [15, 1, 0.9666666666666667], [15, 20, 0.9666666666666667], [15, 40, 0.9666666666666667], [15, 60, 0.9666666666666667], [15, 80, 0.9666666666666667], [15, 100, 0.9666666666666667], [20, 1, 0.9666666666666667], [20, 20, 0.9666666666666667], [20, 40, 0.9666666666666667], [20, 60, 0.9677777777777777], [20, 80, 0.9666666666666667], [20, 100, 0.9666666666666667], [25, 1, 0.97], [25, 20, 0.9666666666666667], [25, 40, 0.9666666666666667], [25, 60, 0.9666666666666667], [25, 80, 0.9666666666666667], [25, 100, 0.9666666666666667], [30, 1, 0.9666666666666667], [30, 20, 0.9666666666666667], [30, 40, 0.9666666666666667], [30, 60, 0.9677777777777777], [30, 80, 0.9666666666666667], [30, 100, 0.9666666666666667]], "Random Start": [[1, 1, 0.08222222222222222], [1, 20, 0.33444444444444443], [1, 40, 0.45111111111111113], [1, 60, 0.44], [1, 80, 0.4988888888888889], [1, 100, 0.5255555555555556], [5, 1, 0.26222222222222225], [5, 20, 0.6088888888888889], [5, 40, 0.7322222222222222], [5, 60, 0.7666666666666667], [5, 80, 0.8433333333333334], [5, 100, 0.8344444444444444], [10, 1, 0.2966666666666667], [10, 20, 0.7533333333333333], [10, 40, 0.8388888888888889], [10, 60, 0.8544444444444445], [10, 80, 0.8855555555555555], [10, 100, 0.8866666666666667], [15, 1, 0.3433333333333333], [15, 20, 0.8411111111111111], [15, 40, 0.8855555555555555], [15, 60, 0.8855555555555555], [15, 80, 0.9388888888888889], [15, 100, 0.9033333333333333], [20, 1, 0.42333333333333334], [20, 20, 0.8955555555555555], [20, 40, 0.9377777777777778], [20, 60, 0.9166666666666667], [20, 80, 0.9311111111111111], [20, 100, 0.9388888888888889], [25, 1, 0.3988888888888889], [25, 20, 0.8977777777777778], [25, 40, 0.9222222222222223], [25, 60, 0.9544444444444444], [25, 80, 0.9666666666666667], [25, 100, 0.9277777777777778], [30, 1, 0.45666666666666667], [30, 20, 0.9111111111111111], [30, 40, 0.95], [30, 60, 0.9388888888888889], [30, 80, 0.9344444444444444], [30, 100, 0.9644444444444444]]}