{"Weight Start": [[1, 1, 0.9677777777777777], [1, 20, 0.9666666666666667], [1, 40, 0.9677777777777777], [1, 60, 0.9666666666666667], [1, 80, 0.9666666666666667], [1, 100, 0.9677777777777777], [5, 1, 0.9677777777777777], [5, 20, 0.9666666666666667], [5, 40, 0.9666666666666667], [5, 60, 0.9666666666666667], [5, 80, 0.9666666666666667], [5, 100, 0.9666666666666667], [10, 1, 0.9666666666666667], [10, 20, 0.9666666666666667], [10, 40, 0.9666666666666667], [10, 60, 0.9666666666666667], [10, 80, 0.9666666666666667], [10, 100, 0.9666666666666667], [15, 1, 0.9688888888888889], [15, 20, 0.9666666666666667], [15, 40, 0.9666666666666667], [15, 60, 0.9666666666666667], [15, 80, 0.9677777777777777], [15, 100, 0.9666666666666667], [20, 1, 0.9666666666666667], [20, 20, 0.9666666666666667], [20, 40, 0.9666666666666667], [20, 60, 0.9666666666666667], [20, 80, 0.9666666666666667], [20, 100, 0.9666666666666667], [25, 1, 0.9666666666666667], [25, 20, 0.9677777777777777], [25, 40, 0.9666666666666667], [25, 60, 0.9666666666666667], [25, 80, 0.9666666666666667], [25, 100, 0.9666666666666667], [30, 1, 0.9688888888888889], [30, 20, 0.9666666666666667], [30, 40, 0.9666666666666667], [30, 60, 0.9666666666666667], [30, 80, 0.9666666666666667], [30, 100, 0.9666666666666667]], "Random Start": [[1, 1, 0.07777777777777778], [1, 20, 0.26333333333333336], [1, 40, 0.37444444444444447], [1, 60, 0.37777777777777777], [1, 80, 0.36333333333333334], [1, 100, 0.4077777777777778], [5, 1, 0.15888888888888889], [5, 20, 0.47333333333333333], [5, 40, 0.5744444444444444], [5, 60, 0.7077777777777778], [5, 80, 0.7122222222222222], [5, 100, 0.6888888888888889], [10, 1, 0.25], [10, 20, 0.6444444444444445], [10, 40, 0.7388888888888889], [10, 60, 0.8], [10, 80, 0.7911111111111111], [10, 100, 0.8455555555555556], [15, 1, 0.2877777777777778], [15, 20, 0.7444444444444445], [15, 40, 0.8155555555555556], [15, 60, 0.8411111111111111], [15, 80, 0.8866666666666667], [15, 100, 0.8766666666666667], [20, 1, 0.3244444444444445], [20, 20, 0.7855555555555556], [20, 40, 0.8811111111111112], [20, 60, 0.8877777777777778], [20, 80, 0.888888888888889], [20, 100, 0.888888888888889], [25, 1, 0.3388888888888889], [25, 20, 0.8211111111111111], [25, 40, 0.9], [25, 60, 0.8977777777777778], [25, 80, 0.898888888888889], [25, 100, 0.91], [30, 1, 0.3511111111111111], [30, 20, 0.8555555555555556], [30, 40, 0.9388888888888889], [30, 60, 0.9322222222222223], [30, 80, 0.9333333333333333], [30, 100, 0.9333333333333333]]}