{"Weight Start": [[1, 1, 0.9711111111111111], [1, 20, 0.9677777777777777], [1, 40, 0.9688888888888889], [1, 60, 0.9666666666666667], [1, 80, 0.9666666666666667], [1, 100, 0.9666666666666667], [5, 1, 0.9677777777777777], [5, 20, 0.9677777777777777], [5, 40, 0.9677777777777777], [5, 60, 0.9677777777777777], [5, 80, 0.9677777777777777], [5, 100, 0.9666666666666667], [10, 1, 0.9688888888888889], [10, 20, 0.9666666666666667], [10, 40, 0.9666666666666667], [10, 60, 0.9666666666666667], [10, 80, 0.9666666666666667], [10, 100, 0.9666666666666667], [15, 1, 0.9688888888888889], [15, 20, 0.9666666666666667], [15, 40, 0.9666666666666667], [15, 60, 0.9666666666666667], [15, 80, 0.9688888888888889], [15, 100, 0.9677777777777777], [20, 1, 0.9677777777777777], [20, 20, 0.9666666666666667], [20, 40, 0.9666666666666667], [20, 60, 0.9677777777777777], [20, 80, 0.9666666666666667], [20, 100, 0.9666666666666667], [25, 1, 0.9677777777777777], [25, 20, 0.9666666666666667], [25, 40, 0.9666666666666667], [25, 60, 0.9666666666666667], [25, 80, 0.9677777777777777], [25, 100, 0.9666666666666667], [30, 1, 0.9677777777777777], [30, 20, 0.9666666666666667], [30, 40, 0.9666666666666667], [30, 60, 0.9666666666666667], [30, 80, 0.9666666666666667], [30, 100, 0.9677777777777777]], "Random Start": [[1, 1, 0.03666666666666667], [1, 20, 0.18888888888888888], [1, 40, 0.22777777777777777], [1, 60, 0.2411111111111111], [1, 80, 0.25333333333333335], [1, 100, 0.16777777777777778], [5, 1, 0.10444444444444445], [5, 20, 0.32555555555555554], [5, 40, 0.42777777777777776], [5, 60, 0.4088888888888889], [5, 80, 0.5055555555555555], [5, 100, 0.5488888888888889], [10, 1, 0.16222222222222224], [10, 20, 0.43], [10, 40, 0.53], [10, 60, 0.5711111111111111], [10, 80, 0.66], [10, 100, 0.6544444444444445], [15, 1, 0.19333333333333333], [15, 20, 0.5411111111111111], [15, 40, 0.63], [15, 60, 0.6444444444444445], [15, 80, 0.7255555555555556], [15, 100, 0.7344444444444445], [20, 1, 0.19222222222222224], [20, 20, 0.5455555555555556], [20, 40, 0.6622222222222223], [20, 60, 0.6655555555555556], [20, 80, 0.7466666666666667], [20, 100, 0.7388888888888889], [25, 1, 0.20333333333333334], [25, 20, 0.5988888888888889], [25, 40, 0.71], [25, 60, 0.7411111111111112], [25, 80, 0.768888888888889], [25, 100, 0.79], [30, 1, 0.2111111111111111], [30, 20, 0.6366666666666667], [30, 40, 0.7088888888888889], [30, 60, 0.79], [30, 80, 0.7977777777777778], [30, 100, 0.8266666666666667]]}