{"Weight Start": [[1, 1, 0.9666666666666667], [1, 20, 0.9666666666666667], [1, 40, 0.9666666666666667], [1, 60, 0.9666666666666667], [1, 80, 0.9666666666666667], [1, 100, 0.9666666666666667], [5, 1, 0.9666666666666667], [5, 20, 0.9666666666666667], [5, 40, 0.9666666666666667], [5, 60, 0.9666666666666667], [5, 80, 0.9666666666666667], [5, 100, 0.9666666666666667], [10, 1, 0.9666666666666667], [10, 20, 0.9666666666666667], [10, 40, 0.9666666666666667], [10, 60, 0.9677777777777777], [10, 80, 0.9666666666666667], [10, 100, 0.9666666666666667], [15, 1, 0.9677777777777777], [15, 20, 0.9666666666666667], [15, 40, 0.9666666666666667], [15, 60, 0.9666666666666667], [15, 80, 0.9666666666666667], [15, 100, 0.9666666666666667], [20, 1, 0.9688888888888889], [20, 20, 0.9666666666666667], [20, 40, 0.9666666666666667], [20, 60, 0.9666666666666667], [20, 80, 0.9666666666666667], [20, 100, 0.9666666666666667], [25, 1, 0.9677777777777777], [25, 20, 0.9666666666666667], [25, 40, 0.9666666666666667], [25, 60, 0.9666666666666667], [25, 80, 0.9666666666666667], [25, 100, 0.9666666666666667], [30, 1, 0.9666666666666667], [30, 20, 0.9666666666666667], [30, 40, 0.9666666666666667], [30, 60, 0.9666666666666667], [30, 80, 0.9666666666666667], [30, 100, 0.9666666666666667]], "Random Start": [[1, 1, 0.09555555555555556], [1, 20, 0.45], [1, 40, 0.49333333333333335], [1, 60, 0.5655555555555556], [1, 80, 0.5722222222222222], [1, 100, 0.6322222222222222], [5, 1, 0.2611111111111111], [5, 20, 0.7266666666666667], [5, 40, 0.7822222222222223], [5, 60, 0.8588888888888889], [5, 80, 0.8533333333333334], [5, 100, 0.86], [10, 1, 0.42333333333333334], [10, 20, 0.8200000000000001], [10, 40, 0.898888888888889], [10, 60, 0.9277777777777778], [10, 80, 0.9188888888888889], [10, 100, 0.9222222222222223], [15, 1, 0.44555555555555554], [15, 20, 0.9022222222222223], [15, 40, 0.9244444444444444], [15, 60, 0.9555555555555556], [15, 80, 0.95], [15, 100, 0.95], [20, 1, 0.49333333333333335], [20, 20, 0.91], [20, 40, 0.9388888888888889], [20, 60, 0.9444444444444444], [20, 80, 0.9444444444444444], [20, 100, 0.9566666666666667], [25, 1, 0.5055555555555555], [25, 20, 0.9533333333333334], [25, 40, 0.95], [25, 60, 0.9388888888888889], [25, 80, 0.95], [25, 100, 0.95], [30, 1, 0.49], [30, 20, 0.9488888888888889], [30, 40, 0.9611111111111111], [30, 60, 0.9522222222222222], [30, 80, 0.9611111111111111], [30, 100, 0.9611111111111111]]}