{"Weight Start": [[1, 1, 0.042222222222222223], [1, 20, 0.11888888888888889], [1, 40, 0.1388888888888889], [1, 60, 0.14444444444444443], [1, 80, 0.17333333333333334], [1, 100, 0.16333333333333333], [5, 1, 0.06888888888888889], [5, 20, 0.19777777777777777], [5, 40, 0.23], [5, 60, 0.3144444444444444], [5, 80, 0.3333333333333333], [5, 100, 0.38222222222222224], [10, 1, 0.07333333333333333], [10, 20, 0.31333333333333335], [10, 40, 0.39111111111111113], [10, 60, 0.49444444444444446], [10, 80, 0.49777777777777776], [10, 100, 0.6566666666666667], [15, 1, 0.08444444444444445], [15, 20, 0.36444444444444446], [15, 40, 0.5633333333333334], [15, 60, 0.6833333333333333], [15, 80, 0.6811111111111111], [15, 100, 0.7644444444444445], [20, 1, 0.07111111111111111], [20, 20, 0.47444444444444445], [20, 40, 0.66], [20, 60, 0.7411111111111112], [20, 80, 0.7566666666666667], [20, 100, 0.8255555555555556], [25, 1, 0.08888888888888889], [25, 20, 0.5588888888888889], [25, 40, 0.7133333333333334], [25, 60, 0.778888888888889], [25, 80, 0.8688888888888889], [25, 100, 0.8944444444444445], [30, 1, 0.10444444444444444], [30, 20, 0.5966666666666667], [30, 40, 0.7577777777777778], [30, 60, 0.8311111111111111], [30, 80, 0.8877777777777778], [30, 100, 0.8955555555555555]], "Random Start": [[1, 1, 0.003333333333333333], [1, 20, 0.012222222222222223], [1, 40, 0.012222222222222223], [1, 60, 0.014444444444444444], [1, 80, 0.015555555555555555], [1, 100, 0.03333333333333333], [5, 1, 0.0], [5, 20, 0.028888888888888888], [5, 40, 0.034444444444444444], [5, 60, 0.035555555555555556], [5, 80, 0.06222222222222222], [5, 100, 0.06444444444444444], [10, 1, 0.0011111111111111111], [10, 20, 0.03222222222222222], [10, 40, 0.04], [10, 60, 0.051111111111111114], [10, 80, 0.09777777777777778], [10, 100, 0.08], [15, 1, 0.0044444444444444444], [15, 20, 0.03], [15, 40, 0.06777777777777778], [15, 60, 0.11666666666666667], [15, 80, 0.10111111111111111], [15, 100, 0.1], [20, 1, 0.003333333333333333], [20, 20, 0.04777777777777778], [20, 40, 0.09333333333333334], [20, 60, 0.12666666666666668], [20, 80, 0.13777777777777778], [20, 100, 0.18666666666666668], [25, 1, 0.003333333333333333], [25, 20, 0.06], [25, 40, 0.11333333333333333], [25, 60, 0.17777777777777778], [25, 80, 0.1811111111111111], [25, 100, 0.1711111111111111], [30, 1, 0.0022222222222222222], [30, 20, 0.07444444444444444], [30, 40, 0.14888888888888888], [30, 60, 0.19777777777777777], [30, 80, 0.1988888888888889], [30, 100, 0.2688888888888889]]}