{"Weight Start": [[1, 1, 0.051111111111111114], [1, 20, 0.17444444444444443], [1, 40, 0.17333333333333334], [1, 60, 0.19111111111111112], [1, 80, 0.19333333333333333], [1, 100, 0.21555555555555556], [5, 1, 0.08333333333333333], [5, 20, 0.29333333333333333], [5, 40, 0.34888888888888886], [5, 60, 0.3655555555555556], [5, 80, 0.4766666666666667], [5, 100, 0.5755555555555556], [10, 1, 0.10555555555555556], [10, 20, 0.4166666666666667], [10, 40, 0.5566666666666666], [10, 60, 0.6433333333333333], [10, 80, 0.758888888888889], [10, 100, 0.7377777777777778], [15, 1, 0.10888888888888888], [15, 20, 0.5722222222222222], [15, 40, 0.7222222222222222], [15, 60, 0.86], [15, 80, 0.8722222222222222], [15, 100, 0.9044444444444445], [20, 1, 0.11], [20, 20, 0.6477777777777778], [20, 40, 0.7366666666666667], [20, 60, 0.8488888888888889], [20, 80, 0.9155555555555556], [20, 100, 0.93], [25, 1, 0.13666666666666666], [25, 20, 0.7422222222222222], [25, 40, 0.8711111111111112], [25, 60, 0.8844444444444445], [25, 80, 0.9277777777777778], [25, 100, 0.9400000000000001], [30, 1, 0.12666666666666668], [30, 20, 0.73], [30, 40, 0.8944444444444445], [30, 60, 0.9022222222222223], [30, 80, 0.9388888888888889], [30, 100, 0.9311111111111111]], "Random Start": [[1, 1, 0.0022222222222222222], [1, 20, 0.015555555555555555], [1, 40, 0.027777777777777776], [1, 60, 0.024444444444444446], [1, 80, 0.03111111111111111], [1, 100, 0.025555555555555557], [5, 1, 0.008888888888888889], [5, 20, 0.03111111111111111], [5, 40, 0.06888888888888889], [5, 60, 0.06444444444444444], [5, 80, 0.09555555555555556], [5, 100, 0.09666666666666666], [10, 1, 0.003333333333333333], [10, 20, 0.07], [10, 40, 0.13666666666666666], [10, 60, 0.15444444444444444], [10, 80, 0.21666666666666667], [10, 100, 0.2633333333333333], [15, 1, 0.003333333333333333], [15, 20, 0.12], [15, 40, 0.16555555555555557], [15, 60, 0.2677777777777778], [15, 80, 0.3377777777777778], [15, 100, 0.3811111111111111], [20, 1, 0.006666666666666666], [20, 20, 0.12222222222222222], [20, 40, 0.3188888888888889], [20, 60, 0.3988888888888889], [20, 80, 0.4577777777777778], [20, 100, 0.5255555555555556], [25, 1, 0.011111111111111112], [25, 20, 0.18444444444444444], [25, 40, 0.37222222222222223], [25, 60, 0.4577777777777778], [25, 80, 0.5922222222222222], [25, 100, 0.6688888888888889], [30, 1, 0.003333333333333333], [30, 20, 0.25555555555555554], [30, 40, 0.37444444444444447], [30, 60, 0.5377777777777778], [30, 80, 0.7177777777777778], [30, 100, 0.8066666666666666]]}