{"Weight Start": [[1, 1, 0.042222222222222223], [1, 20, 0.12777777777777777], [1, 40, 0.17], [1, 60, 0.1711111111111111], [1, 80, 0.17222222222222222], [1, 100, 0.17666666666666667], [5, 1, 0.06666666666666667], [5, 20, 0.24], [5, 40, 0.33444444444444443], [5, 60, 0.3888888888888889], [5, 80, 0.37333333333333335], [5, 100, 0.4611111111111111], [10, 1, 0.09333333333333334], [10, 20, 0.31666666666666665], [10, 40, 0.5477777777777778], [10, 60, 0.6088888888888889], [10, 80, 0.6855555555555556], [10, 100, 0.7122222222222222], [15, 1, 0.10333333333333333], [15, 20, 0.49666666666666665], [15, 40, 0.6411111111111111], [15, 60, 0.7533333333333333], [15, 80, 0.7366666666666667], [15, 100, 0.7933333333333333], [20, 1, 0.09999999999999999], [20, 20, 0.5977777777777777], [20, 40, 0.7077777777777778], [20, 60, 0.8200000000000001], [20, 80, 0.9022222222222223], [20, 100, 0.888888888888889], [25, 1, 0.10444444444444445], [25, 20, 0.6688888888888889], [25, 40, 0.7644444444444445], [25, 60, 0.8555555555555556], [25, 80, 0.898888888888889], [25, 100, 0.9322222222222223], [30, 1, 0.10333333333333333], [30, 20, 0.7255555555555555], [30, 40, 0.8288888888888889], [30, 60, 0.9066666666666667], [30, 80, 0.9222222222222223], [30, 100, 0.9355555555555556]], "Random Start": [[1, 1, 0.003333333333333333], [1, 20, 0.006666666666666666], [1, 40, 0.021111111111111112], [1, 60, 0.015555555555555555], [1, 80, 0.02], [1, 100, 0.03], [5, 1, 0.006666666666666666], [5, 20, 0.04], [5, 40, 0.05], [5, 60, 0.04555555555555556], [5, 80, 0.06333333333333334], [5, 100, 0.07666666666666666], [10, 1, 0.006666666666666666], [10, 20, 0.04777777777777778], [10, 40, 0.08666666666666667], [10, 60, 0.08888888888888889], [10, 80, 0.12777777777777777], [10, 100, 0.12555555555555556], [15, 1, 0.003333333333333333], [15, 20, 0.06666666666666667], [15, 40, 0.10666666666666667], [15, 60, 0.1322222222222222], [15, 80, 0.18222222222222223], [15, 100, 0.26555555555555554], [20, 1, 0.0044444444444444444], [20, 20, 0.11222222222222222], [20, 40, 0.1711111111111111], [20, 60, 0.23888888888888887], [20, 80, 0.2711111111111111], [20, 100, 0.41555555555555557], [25, 1, 0.006666666666666666], [25, 20, 0.11666666666666667], [25, 40, 0.19777777777777777], [25, 60, 0.2733333333333333], [25, 80, 0.41], [25, 100, 0.3688888888888889], [30, 1, 0.0022222222222222222], [30, 20, 0.1622222222222222], [30, 40, 0.28555555555555556], [30, 60, 0.41333333333333333], [30, 80, 0.5], [30, 100, 0.5211111111111111]]}