{"Weight Start": [[1, 1, 0.03666666666666667], [1, 20, 0.09777777777777778], [1, 40, 0.11777777777777777], [1, 60, 0.12111111111111111], [1, 80, 0.1288888888888889], [1, 100, 0.11555555555555555], [5, 1, 0.05222222222222222], [5, 20, 0.16111111111111112], [5, 40, 0.19555555555555557], [5, 60, 0.22333333333333333], [5, 80, 0.2577777777777778], [5, 100, 0.23444444444444443], [10, 1, 0.051111111111111114], [10, 20, 0.2611111111111111], [10, 40, 0.30666666666666664], [10, 60, 0.37333333333333335], [10, 80, 0.38666666666666666], [10, 100, 0.4411111111111111], [15, 1, 0.04888888888888889], [15, 20, 0.27], [15, 40, 0.39], [15, 60, 0.49333333333333335], [15, 80, 0.5422222222222223], [15, 100, 0.5377777777777778], [20, 1, 0.07222222222222223], [20, 20, 0.3422222222222222], [20, 40, 0.4622222222222222], [20, 60, 0.6066666666666667], [20, 80, 0.63], [20, 100, 0.6544444444444445], [25, 1, 0.04888888888888889], [25, 20, 0.4344444444444444], [25, 40, 0.5444444444444444], [25, 60, 0.6155555555555555], [25, 80, 0.7022222222222222], [25, 100, 0.73], [30, 1, 0.04888888888888889], [30, 20, 0.42], [30, 40, 0.5733333333333334], [30, 60, 0.7444444444444445], [30, 80, 0.7744444444444445], [30, 100, 0.8077777777777778]], "Random Start": [[1, 1, 0.0011111111111111111], [1, 20, 0.006666666666666666], [1, 40, 0.011111111111111112], [1, 60, 0.01], [1, 80, 0.017777777777777778], [1, 100, 0.008888888888888889], [5, 1, 0.0], [5, 20, 0.021111111111111112], [5, 40, 0.026666666666666665], [5, 60, 0.023333333333333334], [5, 80, 0.024444444444444446], [5, 100, 0.03], [10, 1, 0.003333333333333333], [10, 20, 0.022222222222222223], [10, 40, 0.015555555555555555], [10, 60, 0.02666666666666667], [10, 80, 0.03777777777777778], [10, 100, 0.03777777777777778], [15, 1, 0.0022222222222222222], [15, 20, 0.013333333333333332], [15, 40, 0.035555555555555556], [15, 60, 0.04777777777777778], [15, 80, 0.044444444444444446], [15, 100, 0.06666666666666667], [20, 1, 0.0], [20, 20, 0.01888888888888889], [20, 40, 0.03222222222222222], [20, 60, 0.04666666666666667], [20, 80, 0.06333333333333334], [20, 100, 0.0811111111111111], [25, 1, 0.0], [25, 20, 0.022222222222222223], [25, 40, 0.051111111111111114], [25, 60, 0.051111111111111114], [25, 80, 0.06222222222222222], [25, 100, 0.07777777777777778], [30, 1, 0.0044444444444444444], [30, 20, 0.017777777777777778], [30, 40, 0.04111111111111111], [30, 60, 0.04777777777777778], [30, 80, 0.06], [30, 100, 0.09555555555555556]]}