{"Weight Start": [[1, 1, 0.03111111111111111], [1, 20, 0.056666666666666664], [1, 40, 0.07], [1, 60, 0.09888888888888889], [1, 80, 0.07555555555555556], [1, 100, 0.07888888888888888], [5, 1, 0.03222222222222222], [5, 20, 0.09555555555555556], [5, 40, 0.11444444444444445], [5, 60, 0.11], [5, 80, 0.12], [5, 100, 0.1511111111111111], [10, 1, 0.04111111111111111], [10, 20, 0.14444444444444443], [10, 40, 0.16777777777777778], [10, 60, 0.2011111111111111], [10, 80, 0.22444444444444445], [10, 100, 0.17333333333333334], [15, 1, 0.03777777777777778], [15, 20, 0.14222222222222222], [15, 40, 0.21], [15, 60, 0.2911111111111111], [15, 80, 0.3011111111111111], [15, 100, 0.33], [20, 1, 0.044444444444444446], [20, 20, 0.1988888888888889], [20, 40, 0.24666666666666667], [20, 60, 0.2588888888888889], [20, 80, 0.3188888888888889], [20, 100, 0.3111111111111111], [25, 1, 0.03888888888888889], [25, 20, 0.1922222222222222], [25, 40, 0.29], [25, 60, 0.43333333333333335], [25, 80, 0.37555555555555553], [25, 100, 0.4066666666666667], [30, 1, 0.022222222222222223], [30, 20, 0.22666666666666666], [30, 40, 0.36444444444444446], [30, 60, 0.37], [30, 80, 0.42], [30, 100, 0.45666666666666667]], "Random Start": [[1, 1, 0.0011111111111111111], [1, 20, 0.0022222222222222222], [1, 40, 0.0011111111111111111], [1, 60, 0.0044444444444444444], [1, 80, 0.005555555555555556], [1, 100, 0.003333333333333333], [5, 1, 0.0011111111111111111], [5, 20, 0.008888888888888889], [5, 40, 0.0044444444444444444], [5, 60, 0.022222222222222223], [5, 80, 0.01], [5, 100, 0.01], [10, 1, 0.0011111111111111111], [10, 20, 0.0044444444444444444], [10, 40, 0.013333333333333332], [10, 60, 0.012222222222222223], [10, 80, 0.008888888888888889], [10, 100, 0.011111111111111112], [15, 1, 0.0], [15, 20, 0.003333333333333333], [15, 40, 0.0044444444444444444], [15, 60, 0.0077777777777777776], [15, 80, 0.003333333333333333], [15, 100, 0.01], [20, 1, 0.0], [20, 20, 0.008888888888888889], [20, 40, 0.0044444444444444444], [20, 60, 0.01], [20, 80, 0.01], [20, 100, 0.012222222222222223], [25, 1, 0.0011111111111111111], [25, 20, 0.0077777777777777776], [25, 40, 0.008888888888888889], [25, 60, 0.008888888888888889], [25, 80, 0.016666666666666666], [25, 100, 0.013333333333333334], [30, 1, 0.0], [30, 20, 0.0044444444444444444], [30, 40, 0.005555555555555556], [30, 60, 0.015555555555555555], [30, 80, 0.011111111111111112], [30, 100, 0.017777777777777778]]}