{"Weight Start": [[1, 1, 0.02], [1, 20, 0.021111111111111112], [1, 40, 0.024444444444444446], [1, 60, 0.021111111111111112], [1, 80, 0.02666666666666667], [1, 100, 0.03111111111111111], [5, 1, 0.02666666666666667], [5, 20, 0.023333333333333334], [5, 40, 0.015555555555555555], [5, 60, 0.017777777777777778], [5, 80, 0.017777777777777778], [5, 100, 0.02666666666666667], [10, 1, 0.03333333333333333], [10, 20, 0.025555555555555557], [10, 40, 0.027777777777777776], [10, 60, 0.027777777777777776], [10, 80, 0.024444444444444442], [10, 100, 0.026666666666666665], [15, 1, 0.03], [15, 20, 0.03], [15, 40, 0.03222222222222222], [15, 60, 0.02], [15, 80, 0.014444444444444444], [15, 100, 0.03333333333333333], [20, 1, 0.022222222222222223], [20, 20, 0.025555555555555554], [20, 40, 0.022222222222222223], [20, 60, 0.017777777777777778], [20, 80, 0.028888888888888888], [20, 100, 0.025555555555555554], [25, 1, 0.016666666666666666], [25, 20, 0.025555555555555557], [25, 40, 0.028888888888888888], [25, 60, 0.03], [25, 80, 0.026666666666666665], [25, 100, 0.03], [30, 1, 0.028888888888888888], [30, 20, 0.028888888888888888], [30, 40, 0.02], [30, 60, 0.023333333333333334], [30, 80, 0.03], [30, 100, 0.023333333333333334]], "Random Start": [[1, 1, 0.0], [1, 20, 0.0], [1, 40, 0.0], [1, 60, 0.0], [1, 80, 0.0], [1, 100, 0.0011111111111111111], [5, 1, 0.0], [5, 20, 0.0], [5, 40, 0.0], [5, 60, 0.0], [5, 80, 0.0], [5, 100, 0.0011111111111111111], [10, 1, 0.0], [10, 20, 0.0], [10, 40, 0.0], [10, 60, 0.0], [10, 80, 0.0], [10, 100, 0.0], [15, 1, 0.0011111111111111111], [15, 20, 0.0], [15, 40, 0.0], [15, 60, 0.0], [15, 80, 0.0011111111111111111], [15, 100, 0.0], [20, 1, 0.0], [20, 20, 0.0], [20, 40, 0.0], [20, 60, 0.0], [20, 80, 0.0], [20, 100, 0.0], [25, 1, 0.0], [25, 20, 0.0011111111111111111], [25, 40, 0.0], [25, 60, 0.0011111111111111111], [25, 80, 0.0], [25, 100, 0.0], [30, 1, 0.0], [30, 20, 0.0011111111111111111], [30, 40, 0.0], [30, 60, 0.0], [30, 80, 0.0011111111111111111], [30, 100, 0.0011111111111111111]]}