{"Weight Start": [[1, 1, 0.06222222222222222], [1, 20, 0.035555555555555556], [1, 40, 0.0275], [1, 60, 0.02388888888888889], [1, 80, 0.02], [1, 100, 0.01972222222222222], [5, 1, 0.05027777777777778], [5, 20, 0.019444444444444445], [5, 40, 0.017777777777777778], [5, 60, 0.018333333333333333], [5, 80, 0.016666666666666666], [5, 100, 0.017777777777777778], [10, 1, 0.04527777777777778], [10, 20, 0.016944444444444443], [10, 40, 0.017222222222222222], [10, 60, 0.018333333333333333], [10, 80, 0.017222222222222222], [10, 100, 0.01611111111111111], [15, 1, 0.043055555555555555], [15, 20, 0.017222222222222222], [15, 40, 0.017777777777777778], [15, 60, 0.016666666666666666], [15, 80, 0.016666666666666666], [15, 100, 0.016666666666666666], [20, 1, 0.036944444444444446], [20, 20, 0.016666666666666666], [20, 40, 0.016666666666666666], [20, 60, 0.016666666666666666], [20, 80, 0.017222222222222222], [20, 100, 0.016666666666666666], [25, 1, 0.034444444444444444], [25, 20, 0.016666666666666666], [25, 40, 0.016666666666666666], [25, 60, 0.01611111111111111], [25, 80, 0.016666666666666666], [25, 100, 0.016666666666666666], [30, 1, 0.036944444444444446], [30, 20, 0.017222222222222222], [30, 40, 0.016666666666666666], [30, 60, 0.016666666666666666], [30, 80, 0.016666666666666666], [30, 100, 0.016666666666666666]], "Random Start": [[1, 1, 0.12055555555555555], [1, 20, 0.050833333333333335], [1, 40, 0.03916666666666667], [1, 60, 0.033888888888888885], [1, 80, 0.03944444444444444], [1, 100, 0.03277777777777778], [5, 1, 0.09444444444444444], [5, 20, 0.03611111111111111], [5, 40, 0.034722222222222224], [5, 60, 0.03], [5, 80, 0.03], [5, 100, 0.028333333333333332], [10, 1, 0.08777777777777777], [10, 20, 0.03222222222222222], [10, 40, 0.03861111111111111], [10, 60, 0.03305555555555555], [10, 80, 0.03222222222222222], [10, 100, 0.0325], [15, 1, 0.09305555555555556], [15, 20, 0.035277777777777776], [15, 40, 0.035555555555555556], [15, 60, 0.026944444444444444], [15, 80, 0.03333333333333333], [15, 100, 0.030555555555555555], [20, 1, 0.09361111111111112], [20, 20, 0.034166666666666665], [20, 40, 0.03027777777777778], [20, 60, 0.030833333333333334], [20, 80, 0.0275], [20, 100, 0.029166666666666667], [25, 1, 0.10111111111111111], [25, 20, 0.03638888888888889], [25, 40, 0.029444444444444443], [25, 60, 0.0325], [25, 80, 0.03305555555555555], [25, 100, 0.027777777777777776], [30, 1, 0.09361111111111112], [30, 20, 0.03194444444444444], [30, 40, 0.03333333333333333], [30, 60, 0.02722222222222222], [30, 80, 0.03], [30, 100, 0.025555555555555554]]}