{"Weight Start": [[1, 1, 0.05388888888888889], [1, 20, 0.05472222222222222], [1, 40, 0.05333333333333334], [1, 60, 0.05], [1, 80, 0.04916666666666667], [1, 100, 0.04916666666666667], [5, 1, 0.05361111111111111], [5, 20, 0.05416666666666667], [5, 40, 0.051944444444444446], [5, 60, 0.052222222222222225], [5, 80, 0.04694444444444445], [5, 100, 0.04638888888888889], [10, 1, 0.055], [10, 20, 0.05305555555555556], [10, 40, 0.051111111111111114], [10, 60, 0.049444444444444444], [10, 80, 0.04638888888888889], [10, 100, 0.04916666666666667], [15, 1, 0.05555555555555556], [15, 20, 0.052222222222222225], [15, 40, 0.05777777777777778], [15, 60, 0.04777777777777778], [15, 80, 0.04861111111111111], [15, 100, 0.04777777777777778], [20, 1, 0.05472222222222222], [20, 20, 0.05638888888888889], [20, 40, 0.05277777777777778], [20, 60, 0.050833333333333335], [20, 80, 0.04861111111111111], [20, 100, 0.04694444444444445], [25, 1, 0.05444444444444445], [25, 20, 0.05527777777777778], [25, 40, 0.04916666666666667], [25, 60, 0.04916666666666667], [25, 80, 0.04666666666666667], [25, 100, 0.04861111111111111], [30, 1, 0.05583333333333333], [30, 20, 0.055], [30, 40, 0.05444444444444445], [30, 60, 0.050833333333333335], [30, 80, 0.050277777777777775], [30, 100, 0.04777777777777778]], "Random Start": [[1, 1, 0.1625], [1, 20, 0.15444444444444444], [1, 40, 0.1586111111111111], [1, 60, 0.155], [1, 80, 0.15888888888888889], [1, 100, 0.155], [5, 1, 0.16444444444444445], [5, 20, 0.15361111111111111], [5, 40, 0.15305555555555556], [5, 60, 0.15083333333333332], [5, 80, 0.16166666666666665], [5, 100, 0.15194444444444444], [10, 1, 0.1663888888888889], [10, 20, 0.14805555555555555], [10, 40, 0.155], [10, 60, 0.15194444444444444], [10, 80, 0.15916666666666668], [10, 100, 0.14972222222222223], [15, 1, 0.15638888888888888], [15, 20, 0.15416666666666667], [15, 40, 0.15416666666666667], [15, 60, 0.15555555555555556], [15, 80, 0.15361111111111111], [15, 100, 0.15611111111111112], [20, 1, 0.16333333333333333], [20, 20, 0.15138888888888888], [20, 40, 0.15138888888888888], [20, 60, 0.1575], [20, 80, 0.1572222222222222], [20, 100, 0.15305555555555556], [25, 1, 0.16333333333333333], [25, 20, 0.1547222222222222], [25, 40, 0.1511111111111111], [25, 60, 0.15416666666666667], [25, 80, 0.15444444444444444], [25, 100, 0.14888888888888888], [30, 1, 0.16472222222222221], [30, 20, 0.15277777777777776], [30, 40, 0.16527777777777777], [30, 60, 0.15333333333333332], [30, 80, 0.14888888888888888], [30, 100, 0.15166666666666667]]}