{"Weight Start": [[1, 1, 0.05444444444444445], [1, 20, 0.020555555555555556], [1, 40, 0.016666666666666666], [1, 60, 0.016666666666666666], [1, 80, 0.016666666666666666], [1, 100, 0.016666666666666666], [5, 1, 0.03638888888888889], [5, 20, 0.016666666666666666], [5, 40, 0.01611111111111111], [5, 60, 0.016666666666666666], [5, 80, 0.016666666666666666], [5, 100, 0.015555555555555555], [10, 1, 0.025833333333333333], [10, 20, 0.016666666666666666], [10, 40, 0.016666666666666666], [10, 60, 0.016666666666666666], [10, 80, 0.01611111111111111], [10, 100, 0.016666666666666666], [15, 1, 0.020555555555555556], [15, 20, 0.016666666666666666], [15, 40, 0.016666666666666666], [15, 60, 0.015], [15, 80, 0.015555555555555555], [15, 100, 0.014444444444444444], [20, 1, 0.023055555555555555], [20, 20, 0.016666666666666666], [20, 40, 0.016666666666666666], [20, 60, 0.014444444444444444], [20, 80, 0.015], [20, 100, 0.014444444444444444], [25, 1, 0.018333333333333333], [25, 20, 0.016666666666666666], [25, 40, 0.015555555555555555], [25, 60, 0.015555555555555555], [25, 80, 0.015], [25, 100, 0.013888888888888888], [30, 1, 0.018333333333333333], [30, 20, 0.01611111111111111], [30, 40, 0.013888888888888888], [30, 60, 0.013888888888888888], [30, 80, 0.012222222222222223], [30, 100, 0.01611111111111111]], "Random Start": [[1, 1, 0.07194444444444445], [1, 20, 0.030555555555555555], [1, 40, 0.026944444444444444], [1, 60, 0.02361111111111111], [1, 80, 0.021111111111111112], [1, 100, 0.029166666666666667], [5, 1, 0.05138888888888889], [5, 20, 0.024722222222222222], [5, 40, 0.022222222222222223], [5, 60, 0.021111111111111112], [5, 80, 0.020277777777777777], [5, 100, 0.02], [10, 1, 0.04527777777777778], [10, 20, 0.01972222222222222], [10, 40, 0.02277777777777778], [10, 60, 0.018333333333333333], [10, 80, 0.018333333333333333], [10, 100, 0.018333333333333333], [15, 1, 0.04472222222222222], [15, 20, 0.021111111111111112], [15, 40, 0.021666666666666667], [15, 60, 0.019444444444444445], [15, 80, 0.022222222222222223], [15, 100, 0.018333333333333333], [20, 1, 0.042222222222222223], [20, 20, 0.023055555555555555], [20, 40, 0.01888888888888889], [20, 60, 0.018333333333333333], [20, 80, 0.018333333333333333], [20, 100, 0.017222222222222222], [25, 1, 0.04138888888888889], [25, 20, 0.01888888888888889], [25, 40, 0.017222222222222222], [25, 60, 0.02], [25, 80, 0.017222222222222222], [25, 100, 0.01611111111111111], [30, 1, 0.04722222222222222], [30, 20, 0.01888888888888889], [30, 40, 0.02], [30, 60, 0.017777777777777778], [30, 80, 0.017222222222222222], [30, 100, 0.01888888888888889]]}