{"Weight Start": [[1, 1, 0.05638888888888889], [1, 20, 0.02388888888888889], [1, 40, 0.017222222222222222], [1, 60, 0.018333333333333333], [1, 80, 0.017777777777777778], [1, 100, 0.016666666666666666], [5, 1, 0.0425], [5, 20, 0.018333333333333333], [5, 40, 0.016666666666666666], [5, 60, 0.017222222222222222], [5, 80, 0.016666666666666666], [5, 100, 0.016666666666666666], [10, 1, 0.03027777777777778], [10, 20, 0.017222222222222222], [10, 40, 0.016666666666666666], [10, 60, 0.016666666666666666], [10, 80, 0.016666666666666666], [10, 100, 0.01611111111111111], [15, 1, 0.022222222222222223], [15, 20, 0.016666666666666666], [15, 40, 0.016666666666666666], [15, 60, 0.016666666666666666], [15, 80, 0.016666666666666666], [15, 100, 0.01611111111111111], [20, 1, 0.02388888888888889], [20, 20, 0.016666666666666666], [20, 40, 0.016666666666666666], [20, 60, 0.015], [20, 80, 0.01611111111111111], [20, 100, 0.01611111111111111], [25, 1, 0.023333333333333334], [25, 20, 0.016666666666666666], [25, 40, 0.01611111111111111], [25, 60, 0.01611111111111111], [25, 80, 0.014444444444444444], [25, 100, 0.014444444444444444], [30, 1, 0.022222222222222223], [30, 20, 0.016666666666666666], [30, 40, 0.01611111111111111], [30, 60, 0.015], [30, 80, 0.01611111111111111], [30, 100, 0.015555555555555555]], "Random Start": [[1, 1, 0.09222222222222222], [1, 20, 0.037222222222222226], [1, 40, 0.03], [1, 60, 0.024722222222222222], [1, 80, 0.026111111111111113], [1, 100, 0.02666666666666667], [5, 1, 0.06277777777777778], [5, 20, 0.025555555555555557], [5, 40, 0.026111111111111113], [5, 60, 0.025833333333333333], [5, 80, 0.024166666666666666], [5, 100, 0.02], [10, 1, 0.05138888888888889], [10, 20, 0.021666666666666667], [10, 40, 0.025], [10, 60, 0.02666666666666667], [10, 80, 0.017777777777777778], [10, 100, 0.01888888888888889], [15, 1, 0.049444444444444444], [15, 20, 0.030555555555555555], [15, 40, 0.021111111111111112], [15, 60, 0.017222222222222222], [15, 80, 0.019444444444444445], [15, 100, 0.020555555555555556], [20, 1, 0.0625], [20, 20, 0.024444444444444446], [20, 40, 0.022222222222222223], [20, 60, 0.02], [20, 80, 0.01861111111111111], [20, 100, 0.02], [25, 1, 0.05388888888888889], [25, 20, 0.025833333333333333], [25, 40, 0.019444444444444445], [25, 60, 0.018333333333333333], [25, 80, 0.021666666666666667], [25, 100, 0.017222222222222222], [30, 1, 0.058333333333333334], [30, 20, 0.019444444444444445], [30, 40, 0.01888888888888889], [30, 60, 0.018333333333333333], [30, 80, 0.01888888888888889], [30, 100, 0.01888888888888889]]}