{"Weight Start": [[1, 1, 0.060833333333333336], [1, 20, 0.026666666666666665], [1, 40, 0.020555555555555556], [1, 60, 0.017222222222222222], [1, 80, 0.017222222222222222], [1, 100, 0.016666666666666666], [5, 1, 0.041944444444444444], [5, 20, 0.016944444444444443], [5, 40, 0.017222222222222222], [5, 60, 0.017222222222222222], [5, 80, 0.017222222222222222], [5, 100, 0.016666666666666666], [10, 1, 0.0375], [10, 20, 0.016666666666666666], [10, 40, 0.016666666666666666], [10, 60, 0.017222222222222222], [10, 80, 0.017222222222222222], [10, 100, 0.017222222222222222], [15, 1, 0.0325], [15, 20, 0.016666666666666666], [15, 40, 0.016666666666666666], [15, 60, 0.016666666666666666], [15, 80, 0.016666666666666666], [15, 100, 0.01611111111111111], [20, 1, 0.028888888888888888], [20, 20, 0.017777777777777778], [20, 40, 0.01611111111111111], [20, 60, 0.016666666666666666], [20, 80, 0.016666666666666666], [20, 100, 0.016666666666666666], [25, 1, 0.03], [25, 20, 0.016666666666666666], [25, 40, 0.016666666666666666], [25, 60, 0.01611111111111111], [25, 80, 0.01611111111111111], [25, 100, 0.015555555555555555], [30, 1, 0.025555555555555554], [30, 20, 0.016666666666666666], [30, 40, 0.016666666666666666], [30, 60, 0.01611111111111111], [30, 80, 0.015555555555555555], [30, 100, 0.015555555555555555]], "Random Start": [[1, 1, 0.09916666666666667], [1, 20, 0.03944444444444444], [1, 40, 0.03333333333333333], [1, 60, 0.029722222222222223], [1, 80, 0.03027777777777778], [1, 100, 0.027777777777777776], [5, 1, 0.06833333333333333], [5, 20, 0.02722222222222222], [5, 40, 0.028333333333333332], [5, 60, 0.026944444444444444], [5, 80, 0.03], [5, 100, 0.023055555555555555], [10, 1, 0.06916666666666667], [10, 20, 0.025], [10, 40, 0.029166666666666667], [10, 60, 0.02388888888888889], [10, 80, 0.025555555555555557], [10, 100, 0.02277777777777778], [15, 1, 0.06666666666666667], [15, 20, 0.0275], [15, 40, 0.024444444444444446], [15, 60, 0.023333333333333334], [15, 80, 0.023333333333333334], [15, 100, 0.020555555555555556], [20, 1, 0.07472222222222222], [20, 20, 0.024166666666666666], [20, 40, 0.028888888888888888], [20, 60, 0.021666666666666667], [20, 80, 0.021111111111111112], [20, 100, 0.020277777777777777], [25, 1, 0.06972222222222223], [25, 20, 0.030833333333333334], [25, 40, 0.02277777777777778], [25, 60, 0.02388888888888889], [25, 80, 0.02277777777777778], [25, 100, 0.023333333333333334], [30, 1, 0.07388888888888889], [30, 20, 0.021944444444444444], [30, 40, 0.025], [30, 60, 0.01888888888888889], [30, 80, 0.02277777777777778], [30, 100, 0.021111111111111112]]}