{"Weight Start": [[1, 1, 0.05472222222222222], [1, 20, 0.02361111111111111], [1, 40, 0.018333333333333333], [1, 60, 0.017777777777777778], [1, 80, 0.017222222222222222], [1, 100, 0.016666666666666666], [5, 1, 0.03833333333333333], [5, 20, 0.016944444444444443], [5, 40, 0.016666666666666666], [5, 60, 0.01611111111111111], [5, 80, 0.016666666666666666], [5, 100, 0.016666666666666666], [10, 1, 0.028888888888888888], [10, 20, 0.016666666666666666], [10, 40, 0.016666666666666666], [10, 60, 0.016666666666666666], [10, 80, 0.015], [10, 100, 0.015], [15, 1, 0.023333333333333334], [15, 20, 0.01611111111111111], [15, 40, 0.01611111111111111], [15, 60, 0.01611111111111111], [15, 80, 0.01611111111111111], [15, 100, 0.01611111111111111], [20, 1, 0.02361111111111111], [20, 20, 0.016666666666666666], [20, 40, 0.016666666666666666], [20, 60, 0.01611111111111111], [20, 80, 0.015555555555555555], [20, 100, 0.015], [25, 1, 0.020833333333333332], [25, 20, 0.016666666666666666], [25, 40, 0.016666666666666666], [25, 60, 0.015555555555555555], [25, 80, 0.014444444444444444], [25, 100, 0.013888888888888888], [30, 1, 0.018333333333333333], [30, 20, 0.016666666666666666], [30, 40, 0.016666666666666666], [30, 60, 0.01611111111111111], [30, 80, 0.014444444444444444], [30, 100, 0.015]], "Random Start": [[1, 1, 0.08694444444444445], [1, 20, 0.029722222222222223], [1, 40, 0.0275], [1, 60, 0.029722222222222223], [1, 80, 0.025555555555555557], [1, 100, 0.02666666666666667], [5, 1, 0.05333333333333334], [5, 20, 0.02666666666666667], [5, 40, 0.02277777777777778], [5, 60, 0.021111111111111112], [5, 80, 0.021666666666666667], [5, 100, 0.022222222222222223], [10, 1, 0.05472222222222222], [10, 20, 0.021666666666666667], [10, 40, 0.020555555555555556], [10, 60, 0.019444444444444445], [10, 80, 0.01888888888888889], [10, 100, 0.018333333333333333], [15, 1, 0.051111111111111114], [15, 20, 0.02], [15, 40, 0.021388888888888888], [15, 60, 0.018333333333333333], [15, 80, 0.018333333333333333], [15, 100, 0.018333333333333333], [20, 1, 0.04861111111111111], [20, 20, 0.022222222222222223], [20, 40, 0.022222222222222223], [20, 60, 0.01888888888888889], [20, 80, 0.017222222222222222], [20, 100, 0.01888888888888889], [25, 1, 0.044722222222222226], [25, 20, 0.02], [25, 40, 0.02], [25, 60, 0.017222222222222222], [25, 80, 0.017222222222222222], [25, 100, 0.017777777777777778], [30, 1, 0.043055555555555555], [30, 20, 0.021388888888888888], [30, 40, 0.017222222222222222], [30, 60, 0.01861111111111111], [30, 80, 0.01888888888888889], [30, 100, 0.017777777777777778]]}