{"Weight Start": [[1, 1, 0.8216666666666664], [1, 20, 0.8264814814814813], [1, 40, 0.8251851851851849], [1, 60, 0.8249999999999997], [1, 80, 0.8259259259259257], [1, 100, 0.8338888888888887], [5, 1, 0.8253703703703702], [5, 20, 0.8270370370370368], [5, 40, 0.8257407407407406], [5, 60, 0.8261111111111109], [5, 80, 0.8253703703703701], [5, 100, 0.8266666666666664], [10, 1, 0.8268518518518516], [10, 20, 0.8283333333333331], [10, 40, 0.8305555555555553], [10, 60, 0.8255555555555554], [10, 80, 0.8270370370370368], [10, 100, 0.8277777777777775], [15, 1, 0.8270370370370368], [15, 20, 0.8290740740740739], [15, 40, 0.8285185185185183], [15, 60, 0.8338888888888887], [15, 80, 0.8294444444444442], [15, 100, 0.8337037037037035], [20, 1, 0.8264814814814813], [20, 20, 0.8244444444444442], [20, 40, 0.8279629629629627], [20, 60, 0.8303703703703702], [20, 80, 0.8299999999999997], [20, 100, 0.8301851851851849], [25, 1, 0.8294444444444442], [25, 20, 0.8259259259259257], [25, 40, 0.8266666666666664], [25, 60, 0.823148148148148], [25, 80, 0.8303703703703701], [25, 100, 0.8285185185185183], [30, 1, 0.8257407407407406], [30, 20, 0.8214814814814813], [30, 40, 0.828333333333333], [30, 60, 0.8249999999999997], [30, 80, 0.8294444444444442], [30, 100, 0.8296296296296294]], "Random Start": [[1, 1, 0.030555555555555555], [1, 20, 0.03722222222222222], [1, 40, 0.0374074074074074], [1, 60, 0.03185185185185185], [1, 80, 0.03611111111111111], [1, 100, 0.0374074074074074], [5, 1, 0.02925925925925926], [5, 20, 0.03351851851851852], [5, 40, 0.03981481481481481], [5, 60, 0.029074074074074075], [5, 80, 0.034444444444444444], [5, 100, 0.0437037037037037], [10, 1, 0.03314814814814815], [10, 20, 0.039629629629629626], [10, 40, 0.04907407407407407], [10, 60, 0.046296296296296294], [10, 80, 0.03833333333333333], [10, 100, 0.0387037037037037], [15, 1, 0.02796296296296296], [15, 20, 0.032407407407407406], [15, 40, 0.038148148148148146], [15, 60, 0.02611111111111111], [15, 80, 0.030555555555555555], [15, 100, 0.039074074074074074], [20, 1, 0.032407407407407406], [20, 20, 0.021296296296296296], [20, 40, 0.03981481481481481], [20, 60, 0.042222222222222223], [20, 80, 0.045925925925925926], [20, 100, 0.041296296296296296], [25, 1, 0.03407407407407407], [25, 20, 0.028148148148148148], [25, 40, 0.04148148148148148], [25, 60, 0.03925925925925926], [25, 80, 0.039629629629629626], [25, 100, 0.042777777777777776], [30, 1, 0.029444444444444443], [30, 20, 0.028888888888888888], [30, 40, 0.03222222222222222], [30, 60, 0.03259259259259259], [30, 80, 0.039074074074074074], [30, 100, 0.038148148148148146]]}