{"Weight Start": [[1, 1, 0.8085185185185183], [1, 20, 0.8118518518518517], [1, 40, 0.8172222222222221], [1, 60, 0.823148148148148], [1, 80, 0.8259259259259257], [1, 100, 0.8312962962962962], [5, 1, 0.8075925925925924], [5, 20, 0.8311111111111109], [5, 40, 0.8412962962962962], [5, 60, 0.855185185185185], [5, 80, 0.8670370370370368], [5, 100, 0.8668518518518517], [10, 1, 0.8116666666666665], [10, 20, 0.8590740740740739], [10, 40, 0.8733333333333332], [10, 60, 0.893148148148148], [10, 80, 0.9162962962962962], [10, 100, 0.9051851851851851], [15, 1, 0.8174074074074072], [15, 20, 0.8709259259259258], [15, 40, 0.9116666666666665], [15, 60, 0.911111111111111], [15, 80, 0.9346296296296296], [15, 100, 0.9312962962962962], [20, 1, 0.8229629629629628], [20, 20, 0.8951851851851851], [20, 40, 0.9101851851851851], [20, 60, 0.9287037037037036], [20, 80, 0.9537037037037036], [20, 100, 0.9512962962962962], [25, 1, 0.8255555555555554], [25, 20, 0.9068518518518517], [25, 40, 0.9338888888888888], [25, 60, 0.9446296296296295], [25, 80, 0.9542592592592591], [25, 100, 0.9640740740740741], [30, 1, 0.8335185185185183], [30, 20, 0.9072222222222222], [30, 40, 0.9366666666666665], [30, 60, 0.9518518518518518], [30, 80, 0.9588888888888888], [30, 100, 0.9646296296296296]], "Random Start": [[1, 1, 0.11777777777777776], [1, 20, 0.40981481481481474], [1, 40, 0.4181481481481481], [1, 60, 0.477037037037037], [1, 80, 0.5009259259259259], [1, 100, 0.5464814814814815], [5, 1, 0.27574074074074073], [5, 20, 0.5988888888888889], [5, 40, 0.701111111111111], [5, 60, 0.7375925925925925], [5, 80, 0.7468518518518518], [5, 100, 0.7601851851851851], [10, 1, 0.3766666666666666], [10, 20, 0.716111111111111], [10, 40, 0.7762962962962963], [10, 60, 0.7999999999999999], [10, 80, 0.7937037037037036], [10, 100, 0.8303703703703702], [15, 1, 0.4344444444444444], [15, 20, 0.7698148148148147], [15, 40, 0.8129629629629629], [15, 60, 0.8214814814814814], [15, 80, 0.8424074074074073], [15, 100, 0.8703703703703702], [20, 1, 0.4805555555555555], [20, 20, 0.8031481481481481], [20, 40, 0.8416666666666666], [20, 60, 0.8568518518518518], [20, 80, 0.8751851851851851], [20, 100, 0.8874074074074073], [25, 1, 0.5088888888888888], [25, 20, 0.8183333333333332], [25, 40, 0.8538888888888887], [25, 60, 0.8825925925925925], [25, 80, 0.9196296296296296], [25, 100, 0.9068518518518517], [30, 1, 0.5172222222222221], [30, 20, 0.8455555555555554], [30, 40, 0.8879629629629628], [30, 60, 0.9090740740740739], [30, 80, 0.9392592592592591], [30, 100, 0.9346296296296296]]}