{"Weight Start": [[1, 1, 0.8144444444444442], [1, 20, 0.8105555555555554], [1, 40, 0.8109259259259257], [1, 60, 0.8127777777777776], [1, 80, 0.8155555555555554], [1, 100, 0.8183333333333331], [5, 1, 0.8090740740740738], [5, 20, 0.8105555555555554], [5, 40, 0.8198148148148147], [5, 60, 0.8283333333333331], [5, 80, 0.8268518518518516], [5, 100, 0.8299999999999998], [10, 1, 0.8116666666666664], [10, 20, 0.8248148148148147], [10, 40, 0.839259259259259], [10, 60, 0.8309259259259257], [10, 80, 0.8333333333333331], [10, 100, 0.8418518518518516], [15, 1, 0.8112962962962961], [15, 20, 0.825185185185185], [15, 40, 0.8390740740740739], [15, 60, 0.8375925925925924], [15, 80, 0.8401851851851849], [15, 100, 0.8474074074074073], [20, 1, 0.8140740740740738], [20, 20, 0.8344444444444442], [20, 40, 0.8420370370370369], [20, 60, 0.8416666666666665], [20, 80, 0.8444444444444443], [20, 100, 0.8472222222222221], [25, 1, 0.8162962962962961], [25, 20, 0.8453703703703701], [25, 40, 0.8449999999999999], [25, 60, 0.8570370370370368], [25, 80, 0.8607407407407406], [25, 100, 0.8653703703703702], [30, 1, 0.8155555555555554], [30, 20, 0.8320370370370368], [30, 40, 0.8468518518518516], [30, 60, 0.8537037037037035], [30, 80, 0.8585185185185183], [30, 100, 0.8690740740740739]], "Random Start": [[1, 1, 0.053518518518518514], [1, 20, 0.17722222222222223], [1, 40, 0.16907407407407407], [1, 60, 0.21444444444444444], [1, 80, 0.19574074074074072], [1, 100, 0.21814814814814812], [5, 1, 0.10555555555555554], [5, 20, 0.24203703703703702], [5, 40, 0.3138888888888889], [5, 60, 0.34851851851851845], [5, 80, 0.40259259259259256], [5, 100, 0.4105555555555555], [10, 1, 0.1487037037037037], [10, 20, 0.3511111111111111], [10, 40, 0.4283333333333333], [10, 60, 0.45518518518518514], [10, 80, 0.46907407407407403], [10, 100, 0.49907407407407406], [15, 1, 0.14648148148148146], [15, 20, 0.3935185185185185], [15, 40, 0.4625925925925925], [15, 60, 0.5255555555555554], [15, 80, 0.5564814814814815], [15, 100, 0.5466666666666666], [20, 1, 0.16092592592592592], [20, 20, 0.4414814814814814], [20, 40, 0.5216666666666666], [20, 60, 0.5599999999999999], [20, 80, 0.577037037037037], [20, 100, 0.5740740740740741], [25, 1, 0.17981481481481482], [25, 20, 0.474074074074074], [25, 40, 0.5296296296296296], [25, 60, 0.5509259259259259], [25, 80, 0.6016666666666666], [25, 100, 0.6075925925925926], [30, 1, 0.19907407407407407], [30, 20, 0.4716666666666666], [30, 40, 0.5607407407407407], [30, 60, 0.596111111111111], [30, 80, 0.6096296296296296], [30, 100, 0.6309259259259259]]}