{"Weight Start": [[1, 1, 0.8077777777777776], [1, 20, 0.8103703703703702], [1, 40, 0.8138888888888887], [1, 60, 0.8216666666666664], [1, 80, 0.8218518518518516], [1, 100, 0.8157407407407405], [5, 1, 0.8099999999999998], [5, 20, 0.8253703703703702], [5, 40, 0.8279629629629628], [5, 60, 0.835185185185185], [5, 80, 0.8368518518518516], [5, 100, 0.8433333333333332], [10, 1, 0.809074074074074], [10, 20, 0.8344444444444442], [10, 40, 0.8412962962962961], [10, 60, 0.8437037037037035], [10, 80, 0.8429629629629628], [10, 100, 0.8529629629629628], [15, 1, 0.8137037037037035], [15, 20, 0.8409259259259257], [15, 40, 0.8561111111111109], [15, 60, 0.8675925925925925], [15, 80, 0.8616666666666665], [15, 100, 0.8814814814814813], [20, 1, 0.8149999999999998], [20, 20, 0.8475925925925923], [20, 40, 0.8727777777777775], [20, 60, 0.8649999999999998], [20, 80, 0.8827777777777777], [20, 100, 0.8759259259259258], [25, 1, 0.8149999999999998], [25, 20, 0.8546296296296294], [25, 40, 0.8757407407407406], [25, 60, 0.8899999999999998], [25, 80, 0.8946296296296294], [25, 100, 0.8964814814814813], [30, 1, 0.8187037037037035], [30, 20, 0.8668518518518517], [30, 40, 0.8824074074074073], [30, 60, 0.9090740740740739], [30, 80, 0.8942592592592591], [30, 100, 0.9072222222222222]], "Random Start": [[1, 1, 0.06203703703703703], [1, 20, 0.2537037037037037], [1, 40, 0.27555555555555555], [1, 60, 0.3018518518518518], [1, 80, 0.3244444444444444], [1, 100, 0.3005555555555555], [5, 1, 0.14814814814814814], [5, 20, 0.36166666666666664], [5, 40, 0.48999999999999994], [5, 60, 0.47851851851851845], [5, 80, 0.5718518518518518], [5, 100, 0.5574074074074074], [10, 1, 0.2162962962962963], [10, 20, 0.4779629629629629], [10, 40, 0.5735185185185184], [10, 60, 0.6231481481481481], [10, 80, 0.677962962962963], [10, 100, 0.6638888888888889], [15, 1, 0.255], [15, 20, 0.5877777777777777], [15, 40, 0.6331481481481481], [15, 60, 0.6462962962962963], [15, 80, 0.7105555555555555], [15, 100, 0.7370370370370369], [20, 1, 0.2635185185185185], [20, 20, 0.5783333333333334], [20, 40, 0.6698148148148149], [20, 60, 0.7035185185185184], [20, 80, 0.738148148148148], [20, 100, 0.744074074074074], [25, 1, 0.2740740740740741], [25, 20, 0.6562962962962963], [25, 40, 0.7005555555555555], [25, 60, 0.7253703703703702], [25, 80, 0.7314814814814814], [25, 100, 0.7529629629629628], [30, 1, 0.31925925925925924], [30, 20, 0.657037037037037], [30, 40, 0.7288888888888888], [30, 60, 0.7544444444444444], [30, 80, 0.7485185185185185], [30, 100, 0.7718518518518518]]}