{"Weight Start": [[1, 1, 0.8072222222222221], [1, 20, 0.8118518518518517], [1, 40, 0.8118518518518516], [1, 60, 0.8233333333333331], [1, 80, 0.8253703703703702], [1, 100, 0.823148148148148], [5, 1, 0.8096296296296295], [5, 20, 0.8211111111111109], [5, 40, 0.8277777777777776], [5, 60, 0.8433333333333332], [5, 80, 0.8396296296296294], [5, 100, 0.8437037037037035], [10, 1, 0.8103703703703702], [10, 20, 0.8362962962962961], [10, 40, 0.8555555555555554], [10, 60, 0.8453703703703702], [10, 80, 0.8659259259259258], [10, 100, 0.8642592592592591], [15, 1, 0.8140740740740738], [15, 20, 0.8468518518518517], [15, 40, 0.8701851851851851], [15, 60, 0.8729629629629628], [15, 80, 0.892222222222222], [15, 100, 0.8812962962962961], [20, 1, 0.8159259259259257], [20, 20, 0.8561111111111109], [20, 40, 0.8746296296296294], [20, 60, 0.8918518518518517], [20, 80, 0.9099999999999999], [20, 100, 0.9168518518518517], [25, 1, 0.8179629629629628], [25, 20, 0.8655555555555554], [25, 40, 0.8994444444444444], [25, 60, 0.9051851851851851], [25, 80, 0.9162962962962962], [25, 100, 0.9335185185185184], [30, 1, 0.8199999999999998], [30, 20, 0.8953703703703703], [30, 40, 0.9068518518518517], [30, 60, 0.9283333333333332], [30, 80, 0.937037037037037], [30, 100, 0.9307407407407406]], "Random Start": [[1, 1, 0.10259259259259258], [1, 20, 0.2766666666666666], [1, 40, 0.3277777777777777], [1, 60, 0.37611111111111106], [1, 80, 0.40777777777777774], [1, 100, 0.38574074074074066], [5, 1, 0.19685185185185186], [5, 20, 0.4568518518518518], [5, 40, 0.6075925925925926], [5, 60, 0.6424074074074073], [5, 80, 0.6388888888888888], [5, 100, 0.6635185185185185], [10, 1, 0.27796296296296297], [10, 20, 0.5677777777777777], [10, 40, 0.6551851851851852], [10, 60, 0.7131481481481481], [10, 80, 0.7329629629629629], [10, 100, 0.7314814814814814], [15, 1, 0.3057407407407407], [15, 20, 0.672037037037037], [15, 40, 0.6951851851851851], [15, 60, 0.7446296296296295], [15, 80, 0.7664814814814814], [15, 100, 0.7775925925925924], [20, 1, 0.35388888888888886], [20, 20, 0.6974074074074074], [20, 40, 0.7424074074074074], [20, 60, 0.7753703703703703], [20, 80, 0.7925925925925925], [20, 100, 0.7909259259259258], [25, 1, 0.36537037037037035], [25, 20, 0.7024074074074074], [25, 40, 0.7779629629629629], [25, 60, 0.8014814814814814], [25, 80, 0.8324074074074073], [25, 100, 0.8294444444444443], [30, 1, 0.389074074074074], [30, 20, 0.7611111111111111], [30, 40, 0.8157407407407407], [30, 60, 0.8374074074074073], [30, 80, 0.8388888888888888], [30, 100, 0.8540740740740739]]}