{"Weight Start": [[1, 1, 0.8074074074074072], [1, 20, 0.8149999999999998], [1, 40, 0.8187037037037035], [1, 60, 0.8162962962962962], [1, 80, 0.8225925925925924], [1, 100, 0.8227777777777776], [5, 1, 0.809074074074074], [5, 20, 0.8318518518518517], [5, 40, 0.8362962962962961], [5, 60, 0.8372222222222221], [5, 80, 0.8466666666666666], [5, 100, 0.8699999999999999], [10, 1, 0.8127777777777776], [10, 20, 0.854259259259259], [10, 40, 0.8574074074074073], [10, 60, 0.8692592592592591], [10, 80, 0.8872222222222221], [10, 100, 0.8853703703703701], [15, 1, 0.8185185185185184], [15, 20, 0.8740740740740739], [15, 40, 0.8709259259259258], [15, 60, 0.9083333333333332], [15, 80, 0.911111111111111], [15, 100, 0.9240740740740739], [20, 1, 0.8227777777777776], [20, 20, 0.8709259259259258], [20, 40, 0.9079629629629629], [20, 60, 0.9209259259259258], [20, 80, 0.9348148148148147], [20, 100, 0.9322222222222222], [25, 1, 0.8224074074074073], [25, 20, 0.9114814814814813], [25, 40, 0.9137037037037036], [25, 60, 0.9381481481481481], [25, 80, 0.9435185185185184], [25, 100, 0.9509259259259258], [30, 1, 0.8259259259259257], [30, 20, 0.9116666666666665], [30, 40, 0.9218518518518517], [30, 60, 0.9420370370370369], [30, 80, 0.955], [30, 100, 0.9575925925925926]], "Random Start": [[1, 1, 0.10129629629629629], [1, 20, 0.342037037037037], [1, 40, 0.3696296296296296], [1, 60, 0.43296296296296294], [1, 80, 0.4827777777777777], [1, 100, 0.4766666666666666], [5, 1, 0.23981481481481481], [5, 20, 0.5705555555555556], [5, 40, 0.6287037037037037], [5, 60, 0.6990740740740741], [5, 80, 0.696111111111111], [5, 100, 0.7166666666666667], [10, 1, 0.337037037037037], [10, 20, 0.6631481481481482], [10, 40, 0.7324074074074074], [10, 60, 0.7514814814814814], [10, 80, 0.7796296296296295], [10, 100, 0.7949999999999998], [15, 1, 0.38759259259259254], [15, 20, 0.7379629629629628], [15, 40, 0.7664814814814814], [15, 60, 0.7977777777777777], [15, 80, 0.8137037037037036], [15, 100, 0.8225925925925924], [20, 1, 0.4175925925925925], [20, 20, 0.7549999999999999], [20, 40, 0.8109259259259258], [20, 60, 0.8335185185185183], [20, 80, 0.8418518518518517], [20, 100, 0.843148148148148], [25, 1, 0.4331481481481481], [25, 20, 0.776111111111111], [25, 40, 0.8196296296296295], [25, 60, 0.8549999999999999], [25, 80, 0.8529629629629628], [25, 100, 0.878148148148148], [30, 1, 0.4574074074074073], [30, 20, 0.8157407407407407], [30, 40, 0.8494444444444442], [30, 60, 0.8651851851851851], [30, 80, 0.8764814814814813], [30, 100, 0.8933333333333332]]}