{"Weight Start": [[1, 1, 0.9766666666666667], [1, 20, 0.9666666666666667], [1, 40, 0.9666666666666667], [1, 60, 0.9666666666666667], [1, 80, 0.9677777777777777], [1, 100, 0.9666666666666667], [5, 1, 0.9688888888888889], [5, 20, 0.9666666666666667], [5, 40, 0.9666666666666667], [5, 60, 0.9688888888888889], [5, 80, 0.9677777777777777], [5, 100, 0.9666666666666667], [10, 1, 0.9722222222222222], [10, 20, 0.9666666666666667], [10, 40, 0.97], [10, 60, 0.9666666666666667], [10, 80, 0.9666666666666667], [10, 100, 0.9677777777777777], [15, 1, 0.97], [15, 20, 0.9666666666666667], [15, 40, 0.9677777777777777], [15, 60, 0.9688888888888889], [15, 80, 0.9677777777777777], [15, 100, 0.9688888888888889], [20, 1, 0.9711111111111111], [20, 20, 0.9677777777777777], [20, 40, 0.9677777777777777], [20, 60, 0.9677777777777777], [20, 80, 0.9666666666666667], [20, 100, 0.9688888888888889], [25, 1, 0.9722222222222222], [25, 20, 0.9688888888888889], [25, 40, 0.9677777777777777], [25, 60, 0.97], [25, 80, 0.9666666666666667], [25, 100, 0.9677777777777777], [30, 1, 0.9711111111111111], [30, 20, 0.9677777777777777], [30, 40, 0.9677777777777777], [30, 60, 0.9666666666666667], [30, 80, 0.9677777777777777], [30, 100, 0.9666666666666667]], "Random Start": [[1, 1, 0.05444444444444444], [1, 20, 0.22333333333333333], [1, 40, 0.20444444444444446], [1, 60, 0.2733333333333333], [1, 80, 0.24444444444444446], [1, 100, 0.28444444444444444], [5, 1, 0.12444444444444444], [5, 20, 0.3011111111111111], [5, 40, 0.4022222222222222], [5, 60, 0.43777777777777777], [5, 80, 0.5244444444444445], [5, 100, 0.5355555555555556], [10, 1, 0.18333333333333335], [10, 20, 0.4533333333333333], [10, 40, 0.5455555555555556], [10, 60, 0.5911111111111111], [10, 80, 0.6155555555555555], [10, 100, 0.65], [15, 1, 0.17666666666666667], [15, 20, 0.5166666666666667], [15, 40, 0.6033333333333333], [15, 60, 0.6922222222222222], [15, 80, 0.7333333333333334], [15, 100, 0.7133333333333334], [20, 1, 0.1988888888888889], [20, 20, 0.5788888888888889], [20, 40, 0.7011111111111111], [20, 60, 0.7433333333333334], [20, 80, 0.7666666666666667], [20, 100, 0.7555555555555555], [25, 1, 0.22666666666666666], [25, 20, 0.6311111111111111], [25, 40, 0.7033333333333334], [25, 60, 0.7255555555555555], [25, 80, 0.7933333333333333], [25, 100, 0.8088888888888889], [30, 1, 0.2588888888888889], [30, 20, 0.6177777777777778], [30, 40, 0.7333333333333334], [30, 60, 0.7844444444444445], [30, 80, 0.8166666666666667], [30, 100, 0.8377777777777778]]}