{"Weight Start": [[1, 1, 0.9688888888888889], [1, 20, 0.9666666666666667], [1, 40, 0.9666666666666667], [1, 60, 0.9677777777777777], [1, 80, 0.9677777777777777], [1, 100, 0.9666666666666667], [5, 1, 0.9666666666666667], [5, 20, 0.9666666666666667], [5, 40, 0.9666666666666667], [5, 60, 0.9666666666666667], [5, 80, 0.9688888888888889], [5, 100, 0.9666666666666667], [10, 1, 0.9688888888888889], [10, 20, 0.9666666666666667], [10, 40, 0.9666666666666667], [10, 60, 0.9688888888888889], [10, 80, 0.9677777777777777], [10, 100, 0.9666666666666667], [15, 1, 0.9677777777777777], [15, 20, 0.9666666666666667], [15, 40, 0.9677777777777777], [15, 60, 0.9666666666666667], [15, 80, 0.9666666666666667], [15, 100, 0.9677777777777777], [20, 1, 0.9677777777777777], [20, 20, 0.9666666666666667], [20, 40, 0.9688888888888889], [20, 60, 0.9677777777777777], [20, 80, 0.9666666666666667], [20, 100, 0.9677777777777777], [25, 1, 0.97], [25, 20, 0.9666666666666667], [25, 40, 0.9666666666666667], [25, 60, 0.9666666666666667], [25, 80, 0.9666666666666667], [25, 100, 0.9666666666666667], [30, 1, 0.9688888888888889], [30, 20, 0.9666666666666667], [30, 40, 0.9666666666666667], [30, 60, 0.9666666666666667], [30, 80, 0.9666666666666667], [30, 100, 0.9666666666666667]], "Random Start": [[1, 1, 0.06666666666666667], [1, 20, 0.31777777777777777], [1, 40, 0.3466666666666667], [1, 60, 0.3811111111111111], [1, 80, 0.41555555555555557], [1, 100, 0.37222222222222223], [5, 1, 0.1711111111111111], [5, 20, 0.44666666666666666], [5, 40, 0.6188888888888889], [5, 60, 0.5933333333333334], [5, 80, 0.7211111111111111], [5, 100, 0.7055555555555556], [10, 1, 0.26222222222222225], [10, 20, 0.6077777777777778], [10, 40, 0.7333333333333334], [10, 60, 0.7911111111111111], [10, 80, 0.8666666666666667], [10, 100, 0.8288888888888889], [15, 1, 0.3288888888888889], [15, 20, 0.7488888888888889], [15, 40, 0.7977777777777778], [15, 60, 0.8133333333333334], [15, 80, 0.89], [15, 100, 0.9066666666666667], [20, 1, 0.3277777777777778], [20, 20, 0.7211111111111111], [20, 40, 0.8455555555555556], [20, 60, 0.8877777777777778], [20, 80, 0.9133333333333333], [20, 100, 0.9177777777777778], [25, 1, 0.34444444444444444], [25, 20, 0.8511111111111112], [25, 40, 0.8566666666666667], [25, 60, 0.8877777777777778], [25, 80, 0.9077777777777778], [25, 100, 0.92], [30, 1, 0.41444444444444445], [30, 20, 0.8322222222222222], [30, 40, 0.9022222222222223], [30, 60, 0.9166666666666667], [30, 80, 0.9155555555555556], [30, 100, 0.9455555555555556]]}