{"Weight Start": [[1, 1, 0.9677777777777777], [1, 20, 0.9666666666666667], [1, 40, 0.9666666666666667], [1, 60, 0.9666666666666667], [1, 80, 0.9666666666666667], [1, 100, 0.9666666666666667], [5, 1, 0.9666666666666667], [5, 20, 0.9666666666666667], [5, 40, 0.9666666666666667], [5, 60, 0.9666666666666667], [5, 80, 0.9666666666666667], [5, 100, 0.9666666666666667], [10, 1, 0.9677777777777777], [10, 20, 0.9666666666666667], [10, 40, 0.9666666666666667], [10, 60, 0.9666666666666667], [10, 80, 0.9666666666666667], [10, 100, 0.9666666666666667], [15, 1, 0.9666666666666667], [15, 20, 0.9666666666666667], [15, 40, 0.9666666666666667], [15, 60, 0.9666666666666667], [15, 80, 0.9666666666666667], [15, 100, 0.9666666666666667], [20, 1, 0.9666666666666667], [20, 20, 0.9677777777777777], [20, 40, 0.9666666666666667], [20, 60, 0.9666666666666667], [20, 80, 0.9666666666666667], [20, 100, 0.9666666666666667], [25, 1, 0.9666666666666667], [25, 20, 0.9666666666666667], [25, 40, 0.9666666666666667], [25, 60, 0.9677777777777777], [25, 80, 0.9666666666666667], [25, 100, 0.9666666666666667], [30, 1, 0.9677777777777777], [30, 20, 0.9666666666666667], [30, 40, 0.9666666666666667], [30, 60, 0.9666666666666667], [30, 80, 0.9666666666666667], [30, 100, 0.9666666666666667]], "Random Start": [[1, 1, 0.11666666666666667], [1, 20, 0.4355555555555556], [1, 40, 0.46111111111111114], [1, 60, 0.5466666666666666], [1, 80, 0.6155555555555555], [1, 100, 0.6033333333333334], [5, 1, 0.2788888888888889], [5, 20, 0.72], [5, 40, 0.7811111111111111], [5, 60, 0.8633333333333334], [5, 80, 0.8511111111111112], [5, 100, 0.8822222222222222], [10, 1, 0.4188888888888889], [10, 20, 0.8277777777777778], [10, 40, 0.91], [10, 60, 0.9144444444444445], [10, 80, 0.9166666666666667], [10, 100, 0.9222222222222223], [15, 1, 0.4922222222222222], [15, 20, 0.898888888888889], [15, 40, 0.9222222222222223], [15, 60, 0.9400000000000001], [15, 80, 0.9466666666666667], [15, 100, 0.9511111111111111], [20, 1, 0.5311111111111111], [20, 20, 0.9111111111111111], [20, 40, 0.9544444444444444], [20, 60, 0.95], [20, 80, 0.9555555555555556], [20, 100, 0.9555555555555556], [25, 1, 0.5477777777777778], [25, 20, 0.9333333333333333], [25, 40, 0.95], [25, 60, 0.9611111111111111], [25, 80, 0.9555555555555556], [25, 100, 0.9666666666666667], [30, 1, 0.5966666666666667], [30, 20, 0.95], [30, 40, 0.9555555555555556], [30, 60, 0.9666666666666667], [30, 80, 0.9666666666666667], [30, 100, 0.9666666666666667]]}