{"Weight Start": [[1, 1, 0.9666666666666667], [1, 20, 0.9666666666666667], [1, 40, 0.9666666666666667], [1, 60, 0.9666666666666667], [1, 80, 0.9666666666666667], [1, 100, 0.9666666666666667], [5, 1, 0.9666666666666667], [5, 20, 0.9666666666666667], [5, 40, 0.9666666666666667], [5, 60, 0.9666666666666667], [5, 80, 0.9677777777777777], [5, 100, 0.9666666666666667], [10, 1, 0.9666666666666667], [10, 20, 0.9677777777777777], [10, 40, 0.9666666666666667], [10, 60, 0.9666666666666667], [10, 80, 0.9666666666666667], [10, 100, 0.9666666666666667], [15, 1, 0.9666666666666667], [15, 20, 0.9666666666666667], [15, 40, 0.9677777777777777], [15, 60, 0.9666666666666667], [15, 80, 0.9666666666666667], [15, 100, 0.9666666666666667], [20, 1, 0.9666666666666667], [20, 20, 0.9666666666666667], [20, 40, 0.9666666666666667], [20, 60, 0.9666666666666667], [20, 80, 0.9666666666666667], [20, 100, 0.9666666666666667], [25, 1, 0.9666666666666667], [25, 20, 0.9666666666666667], [25, 40, 0.9666666666666667], [25, 60, 0.9666666666666667], [25, 80, 0.9666666666666667], [25, 100, 0.9666666666666667], [30, 1, 0.9666666666666667], [30, 20, 0.9666666666666667], [30, 40, 0.9666666666666667], [30, 60, 0.9666666666666667], [30, 80, 0.9666666666666667], [30, 100, 0.9666666666666667]], "Random Start": [[1, 1, 0.14], [1, 20, 0.5255555555555556], [1, 40, 0.5166666666666667], [1, 60, 0.5911111111111111], [1, 80, 0.6433333333333333], [1, 100, 0.7022222222222222], [5, 1, 0.3244444444444445], [5, 20, 0.7577777777777778], [5, 40, 0.8688888888888889], [5, 60, 0.9033333333333333], [5, 80, 0.898888888888889], [5, 100, 0.9077777777777778], [10, 1, 0.4722222222222222], [10, 20, 0.8788888888888889], [10, 40, 0.9266666666666666], [10, 60, 0.9466666666666667], [10, 80, 0.9188888888888889], [10, 100, 0.95], [15, 1, 0.5455555555555556], [15, 20, 0.9055555555555556], [15, 40, 0.95], [15, 60, 0.9388888888888889], [15, 80, 0.95], [15, 100, 0.9611111111111111], [20, 1, 0.6133333333333333], [20, 20, 0.9388888888888889], [20, 40, 0.95], [20, 60, 0.9611111111111111], [20, 80, 0.9611111111111111], [20, 100, 0.9666666666666667], [25, 1, 0.6533333333333333], [25, 20, 0.95], [25, 40, 0.9622222222222222], [25, 60, 0.9611111111111111], [25, 80, 0.9611111111111111], [25, 100, 0.9666666666666667], [30, 1, 0.6711111111111111], [30, 20, 0.9611111111111111], [30, 40, 0.9644444444444444], [30, 60, 0.9655555555555556], [30, 80, 0.9666666666666667], [30, 100, 0.9666666666666667]]}