{"Weight Start": [[1, 1, 0.9666666666666667], [1, 20, 0.9666666666666667], [1, 40, 0.9666666666666667], [1, 60, 0.9666666666666667], [1, 80, 0.9666666666666667], [1, 100, 0.9666666666666667], [5, 1, 0.9666666666666667], [5, 20, 0.9666666666666667], [5, 40, 0.9666666666666667], [5, 60, 0.9666666666666667], [5, 80, 0.9666666666666667], [5, 100, 0.9666666666666667], [10, 1, 0.9677777777777777], [10, 20, 0.9677777777777777], [10, 40, 0.9666666666666667], [10, 60, 0.9666666666666667], [10, 80, 0.9677777777777777], [10, 100, 0.9666666666666667], [15, 1, 0.9666666666666667], [15, 20, 0.9666666666666667], [15, 40, 0.9666666666666667], [15, 60, 0.9666666666666667], [15, 80, 0.9666666666666667], [15, 100, 0.9666666666666667], [20, 1, 0.9677777777777777], [20, 20, 0.9666666666666667], [20, 40, 0.9666666666666667], [20, 60, 0.9677777777777777], [20, 80, 0.9666666666666667], [20, 100, 0.9666666666666667], [25, 1, 0.9666666666666667], [25, 20, 0.9666666666666667], [25, 40, 0.9666666666666667], [25, 60, 0.9666666666666667], [25, 80, 0.9666666666666667], [25, 100, 0.9666666666666667], [30, 1, 0.9666666666666667], [30, 20, 0.9666666666666667], [30, 40, 0.9666666666666667], [30, 60, 0.9666666666666667], [30, 80, 0.9666666666666667], [30, 100, 0.9666666666666667]], "Random Start": [[1, 1, 0.12], [1, 20, 0.34555555555555556], [1, 40, 0.4188888888888889], [1, 60, 0.4777777777777778], [1, 80, 0.5133333333333333], [1, 100, 0.4855555555555556], [5, 1, 0.23666666666666666], [5, 20, 0.5733333333333334], [5, 40, 0.7733333333333333], [5, 60, 0.8088888888888889], [5, 80, 0.8022222222222223], [5, 100, 0.8222222222222223], [10, 1, 0.3511111111111111], [10, 20, 0.7122222222222222], [10, 40, 0.8200000000000001], [10, 60, 0.8855555555555555], [10, 80, 0.8877777777777778], [10, 100, 0.8822222222222222], [15, 1, 0.38], [15, 20, 0.8433333333333334], [15, 40, 0.8411111111111111], [15, 60, 0.9055555555555556], [15, 80, 0.9233333333333333], [15, 100, 0.9311111111111111], [20, 1, 0.4533333333333333], [20, 20, 0.8633333333333334], [20, 40, 0.8977777777777778], [20, 60, 0.9366666666666666], [20, 80, 0.9388888888888889], [20, 100, 0.9188888888888889], [25, 1, 0.4588888888888889], [25, 20, 0.8477777777777779], [25, 40, 0.9222222222222223], [25, 60, 0.9355555555555556], [25, 80, 0.9555555555555556], [25, 100, 0.9666666666666667], [30, 1, 0.5022222222222222], [30, 20, 0.9311111111111111], [30, 40, 0.95], [30, 60, 0.9444444444444444], [30, 80, 0.9611111111111111], [30, 100, 0.9566666666666667]]}