{"Weight Start": [[1, 1, 0.9844444444444445], [1, 20, 0.99], [1, 40, 0.9888888888888889], [1, 60, 0.9888888888888889], [1, 80, 0.99], [1, 100, 0.9955555555555555], [5, 1, 0.99], [5, 20, 0.9944444444444445], [5, 40, 0.9877777777777778], [5, 60, 0.9877777777777778], [5, 80, 0.99], [5, 100, 0.9877777777777778], [10, 1, 0.99], [10, 20, 0.9922222222222222], [10, 40, 0.9944444444444445], [10, 60, 0.99], [10, 80, 0.99], [10, 100, 0.9911111111111112], [15, 1, 0.9911111111111112], [15, 20, 0.9922222222222222], [15, 40, 0.9922222222222222], [15, 60, 0.9966666666666667], [15, 80, 0.9922222222222222], [15, 100, 0.9955555555555555], [20, 1, 0.9877777777777778], [20, 20, 0.9855555555555555], [20, 40, 0.99], [20, 60, 0.9944444444444445], [20, 80, 0.9933333333333333], [20, 100, 0.9944444444444445], [25, 1, 0.9933333333333333], [25, 20, 0.9888888888888889], [25, 40, 0.9911111111111112], [25, 60, 0.9855555555555555], [25, 80, 0.9955555555555555], [25, 100, 0.9911111111111112], [30, 1, 0.99], [30, 20, 0.9855555555555555], [30, 40, 0.9922222222222222], [30, 60, 0.9888888888888889], [30, 80, 0.9922222222222222], [30, 100, 0.9933333333333333]], "Random Start": [[1, 1, 0.034444444444444444], [1, 20, 0.04], [1, 40, 0.04], [1, 60, 0.03222222222222222], [1, 80, 0.03777777777777778], [1, 100, 0.04], [5, 1, 0.03111111111111111], [5, 20, 0.03666666666666667], [5, 40, 0.04666666666666667], [5, 60, 0.03111111111111111], [5, 80, 0.034444444444444444], [5, 100, 0.04888888888888889], [10, 1, 0.035555555555555556], [10, 20, 0.04888888888888889], [10, 40, 0.06111111111111111], [10, 60, 0.05333333333333334], [10, 80, 0.044444444444444446], [10, 100, 0.04], [15, 1, 0.03], [15, 20, 0.03111111111111111], [15, 40, 0.043333333333333335], [15, 60, 0.028888888888888888], [15, 80, 0.03222222222222222], [15, 100, 0.04555555555555556], [20, 1, 0.035555555555555556], [20, 20, 0.02], [20, 40, 0.04666666666666667], [20, 60, 0.04777777777777778], [20, 80, 0.052222222222222225], [20, 100, 0.04555555555555556], [25, 1, 0.03777777777777778], [25, 20, 0.03], [25, 40, 0.04777777777777778], [25, 60, 0.043333333333333335], [25, 80, 0.04555555555555556], [25, 100, 0.05444444444444445], [30, 1, 0.03111111111111111], [30, 20, 0.03111111111111111], [30, 40, 0.03333333333333333], [30, 60, 0.035555555555555556], [30, 80, 0.04555555555555556], [30, 100, 0.043333333333333335]]}