{"Weight Start": [[1, 1, 0.07111111111111111], [1, 20, 0.1511111111111111], [1, 40, 0.1622222222222222], [1, 60, 0.16444444444444445], [1, 80, 0.19333333333333333], [1, 100, 0.22666666666666666], [5, 1, 0.10555555555555556], [5, 20, 0.21555555555555556], [5, 40, 0.2577777777777778], [5, 60, 0.3188888888888889], [5, 80, 0.37333333333333335], [5, 100, 0.38], [10, 1, 0.12444444444444444], [10, 20, 0.33666666666666667], [10, 40, 0.4122222222222222], [10, 60, 0.5255555555555556], [10, 80, 0.6411111111111111], [10, 100, 0.58], [15, 1, 0.16333333333333333], [15, 20, 0.4033333333333333], [15, 40, 0.6066666666666667], [15, 60, 0.6144444444444445], [15, 80, 0.7466666666666667], [15, 100, 0.7322222222222222], [20, 1, 0.1811111111111111], [20, 20, 0.5333333333333333], [20, 40, 0.6111111111111112], [20, 60, 0.7166666666666667], [20, 80, 0.8566666666666667], [20, 100, 0.8422222222222222], [25, 1, 0.1811111111111111], [25, 20, 0.5922222222222222], [25, 40, 0.7411111111111112], [25, 60, 0.8033333333333333], [25, 80, 0.8622222222222222], [25, 100, 0.9177777777777778], [30, 1, 0.22333333333333333], [30, 20, 0.5944444444444444], [30, 40, 0.7611111111111112], [30, 60, 0.8488888888888889], [30, 80, 0.8877777777777778], [30, 100, 0.9211111111111111]], "Random Start": [[1, 1, 0.0011111111111111111], [1, 20, 0.01], [1, 40, 0.02777777777777778], [1, 60, 0.03333333333333333], [1, 80, 0.022222222222222223], [1, 100, 0.01888888888888889], [5, 1, 0.014444444444444444], [5, 20, 0.042222222222222223], [5, 40, 0.06222222222222222], [5, 60, 0.1], [5, 80, 0.11444444444444445], [5, 100, 0.1388888888888889], [10, 1, 0.011111111111111112], [10, 20, 0.08666666666666667], [10, 40, 0.16666666666666666], [10, 60, 0.1988888888888889], [10, 80, 0.21888888888888888], [10, 100, 0.2711111111111111], [15, 1, 0.01888888888888889], [15, 20, 0.1811111111111111], [15, 40, 0.20444444444444446], [15, 60, 0.25666666666666665], [15, 80, 0.33], [15, 100, 0.42666666666666664], [20, 1, 0.014444444444444444], [20, 20, 0.19555555555555557], [20, 40, 0.33444444444444443], [20, 60, 0.36333333333333334], [20, 80, 0.4311111111111111], [20, 100, 0.49444444444444446], [25, 1, 0.01888888888888889], [25, 20, 0.22777777777777777], [25, 40, 0.3277777777777778], [25, 60, 0.47888888888888886], [25, 80, 0.6811111111111111], [25, 100, 0.5911111111111111], [30, 1, 0.01], [30, 20, 0.3188888888888889], [30, 40, 0.5], [30, 60, 0.6088888888888889], [30, 80, 0.7722222222222223], [30, 100, 0.7466666666666667]]}