{"Weight Start": [[1, 1, 0.035555555555555556], [1, 20, 0.10111111111111111], [1, 40, 0.09444444444444444], [1, 60, 0.13111111111111112], [1, 80, 0.13], [1, 100, 0.09777777777777778], [5, 1, 0.06666666666666667], [5, 20, 0.14555555555555555], [5, 40, 0.17555555555555555], [5, 60, 0.1922222222222222], [5, 80, 0.19666666666666666], [5, 100, 0.23], [10, 1, 0.06777777777777778], [10, 20, 0.2], [10, 40, 0.22777777777777777], [10, 60, 0.23555555555555555], [10, 80, 0.23555555555555555], [10, 100, 0.28888888888888886], [15, 1, 0.10777777777777778], [15, 20, 0.2222222222222222], [15, 40, 0.2966666666666667], [15, 60, 0.3711111111111111], [15, 80, 0.33666666666666667], [15, 100, 0.4355555555555556], [20, 1, 0.1111111111111111], [20, 20, 0.26], [20, 40, 0.38222222222222224], [20, 60, 0.3411111111111111], [20, 80, 0.45444444444444443], [20, 100, 0.41333333333333333], [25, 1, 0.09888888888888889], [25, 20, 0.29888888888888887], [25, 40, 0.41], [25, 60, 0.48333333333333334], [25, 80, 0.5144444444444445], [25, 100, 0.5211111111111111], [30, 1, 0.12111111111111111], [30, 20, 0.37222222222222223], [30, 40, 0.4488888888888889], [30, 60, 0.6022222222222222], [30, 80, 0.5111111111111111], [30, 100, 0.5955555555555556]], "Random Start": [[1, 1, 0.0], [1, 20, 0.0044444444444444444], [1, 40, 0.01], [1, 60, 0.015555555555555555], [1, 80, 0.01], [1, 100, 0.012222222222222223], [5, 1, 0.003333333333333333], [5, 20, 0.016666666666666666], [5, 40, 0.023333333333333334], [5, 60, 0.028888888888888888], [5, 80, 0.026666666666666665], [5, 100, 0.03777777777777778], [10, 1, 0.0077777777777777776], [10, 20, 0.016666666666666666], [10, 40, 0.035555555555555556], [10, 60, 0.04111111111111111], [10, 80, 0.03777777777777778], [10, 100, 0.06444444444444444], [15, 1, 0.0044444444444444444], [15, 20, 0.04], [15, 40, 0.04888888888888889], [15, 60, 0.04555555555555556], [15, 80, 0.05666666666666667], [15, 100, 0.08555555555555555], [20, 1, 0.006666666666666666], [20, 20, 0.034444444444444444], [20, 40, 0.05555555555555555], [20, 60, 0.05333333333333334], [20, 80, 0.09777777777777778], [20, 100, 0.09111111111111111], [25, 1, 0.0077777777777777776], [25, 20, 0.042222222222222223], [25, 40, 0.06333333333333334], [25, 60, 0.07888888888888888], [25, 80, 0.09444444444444444], [25, 100, 0.1088888888888889], [30, 1, 0.0077777777777777776], [30, 20, 0.043333333333333335], [30, 40, 0.08222222222222222], [30, 60, 0.11888888888888889], [30, 80, 0.09222222222222222], [30, 100, 0.10777777777777778]]}