{"Weight Start": [[1, 1, 0.04111111111111111], [1, 20, 0.11777777777777777], [1, 40, 0.11555555555555555], [1, 60, 0.1711111111111111], [1, 80, 0.17444444444444446], [1, 100, 0.17333333333333334], [5, 1, 0.07777777777777778], [5, 20, 0.13444444444444445], [5, 40, 0.17888888888888888], [5, 60, 0.26], [5, 80, 0.23444444444444446], [5, 100, 0.25222222222222224], [10, 1, 0.08888888888888889], [10, 20, 0.21666666666666667], [10, 40, 0.31], [10, 60, 0.26222222222222225], [10, 80, 0.35333333333333333], [10, 100, 0.35555555555555557], [15, 1, 0.11222222222222222], [15, 20, 0.2733333333333333], [15, 40, 0.39111111111111113], [15, 60, 0.4], [15, 80, 0.5166666666666667], [15, 100, 0.44], [20, 1, 0.13555555555555557], [20, 20, 0.3188888888888889], [20, 40, 0.4033333333333333], [20, 60, 0.5011111111111111], [20, 80, 0.6055555555555555], [20, 100, 0.6422222222222222], [25, 1, 0.14333333333333334], [25, 20, 0.36], [25, 40, 0.5466666666666666], [25, 60, 0.58], [25, 80, 0.6433333333333333], [25, 100, 0.7388888888888889], [30, 1, 0.1388888888888889], [30, 20, 0.53], [30, 40, 0.5855555555555555], [30, 60, 0.7155555555555556], [30, 80, 0.7577777777777778], [30, 100, 0.7211111111111111]], "Random Start": [[1, 1, 0.0022222222222222222], [1, 20, 0.0022222222222222222], [1, 40, 0.014444444444444444], [1, 60, 0.013333333333333332], [1, 80, 0.014444444444444444], [1, 100, 0.015555555555555555], [5, 1, 0.003333333333333333], [5, 20, 0.017777777777777778], [5, 40, 0.04111111111111111], [5, 60, 0.05555555555555555], [5, 80, 0.057777777777777775], [5, 100, 0.06333333333333334], [10, 1, 0.0077777777777777776], [10, 20, 0.03222222222222222], [10, 40, 0.06333333333333334], [10, 60, 0.08], [10, 80, 0.09666666666666666], [10, 100, 0.11777777777777777], [15, 1, 0.012222222222222223], [15, 20, 0.051111111111111114], [15, 40, 0.09888888888888889], [15, 60, 0.11888888888888889], [15, 80, 0.13444444444444445], [15, 100, 0.1411111111111111], [20, 1, 0.008888888888888889], [20, 20, 0.07222222222222223], [20, 40, 0.13], [20, 60, 0.12222222222222222], [20, 80, 0.18666666666666668], [20, 100, 0.21666666666666667], [25, 1, 0.016666666666666666], [25, 20, 0.09444444444444444], [25, 40, 0.16111111111111112], [25, 60, 0.21], [25, 80, 0.29], [25, 100, 0.21222222222222223], [30, 1, 0.016666666666666666], [30, 20, 0.1088888888888889], [30, 40, 0.2011111111111111], [30, 60, 0.3144444444444444], [30, 80, 0.27444444444444444], [30, 100, 0.35]]}