{"Weight Start": [[1, 1, 0.01888888888888889], [1, 20, 0.023333333333333334], [1, 40, 0.016666666666666666], [1, 60, 0.015555555555555555], [1, 80, 0.016666666666666666], [1, 100, 0.03111111111111111], [5, 1, 0.011111111111111112], [5, 20, 0.006666666666666666], [5, 40, 0.021111111111111112], [5, 60, 0.023333333333333334], [5, 80, 0.013333333333333332], [5, 100, 0.02666666666666667], [10, 1, 0.022222222222222223], [10, 20, 0.01888888888888889], [10, 40, 0.022222222222222223], [10, 60, 0.013333333333333332], [10, 80, 0.022222222222222223], [10, 100, 0.02], [15, 1, 0.017777777777777778], [15, 20, 0.023333333333333334], [15, 40, 0.01888888888888889], [15, 60, 0.028888888888888888], [15, 80, 0.024444444444444446], [15, 100, 0.028888888888888888], [20, 1, 0.025555555555555557], [20, 20, 0.023333333333333334], [20, 40, 0.023333333333333334], [20, 60, 0.02], [20, 80, 0.024444444444444446], [20, 100, 0.023333333333333334], [25, 1, 0.01888888888888889], [25, 20, 0.02], [25, 40, 0.01888888888888889], [25, 60, 0.02], [25, 80, 0.01888888888888889], [25, 100, 0.023333333333333334], [30, 1, 0.016666666666666666], [30, 20, 0.013333333333333332], [30, 40, 0.022222222222222223], [30, 60, 0.016666666666666666], [30, 80, 0.023333333333333334], [30, 100, 0.023333333333333334]], "Random Start": [[1, 1, 0.0011111111111111111], [1, 20, 0.0], [1, 40, 0.0011111111111111111], [1, 60, 0.0], [1, 80, 0.0], [1, 100, 0.0], [5, 1, 0.0], [5, 20, 0.0022222222222222222], [5, 40, 0.0011111111111111111], [5, 60, 0.0], [5, 80, 0.0011111111111111111], [5, 100, 0.0022222222222222222], [10, 1, 0.0011111111111111111], [10, 20, 0.0], [10, 40, 0.0], [10, 60, 0.0], [10, 80, 0.0], [10, 100, 0.0], [15, 1, 0.0], [15, 20, 0.0], [15, 40, 0.0], [15, 60, 0.0], [15, 80, 0.0], [15, 100, 0.0], [20, 1, 0.0], [20, 20, 0.0011111111111111111], [20, 40, 0.0], [20, 60, 0.0], [20, 80, 0.0], [20, 100, 0.0022222222222222222], [25, 1, 0.0011111111111111111], [25, 20, 0.0], [25, 40, 0.0], [25, 60, 0.0], [25, 80, 0.0], [25, 100, 0.0], [30, 1, 0.0], [30, 20, 0.0011111111111111111], [30, 40, 0.0], [30, 60, 0.0], [30, 80, 0.0], [30, 100, 0.0011111111111111111]]}