{"Weight Start": [[1, 1, 0.04888888888888889], [1, 20, 0.14666666666666667], [1, 40, 0.14222222222222222], [1, 60, 0.16333333333333333], [1, 80, 0.16777777777777778], [1, 100, 0.18222222222222223], [5, 1, 0.08888888888888889], [5, 20, 0.21888888888888888], [5, 40, 0.2311111111111111], [5, 60, 0.2311111111111111], [5, 80, 0.28444444444444444], [5, 100, 0.3988888888888889], [10, 1, 0.12111111111111111], [10, 20, 0.3211111111111111], [10, 40, 0.3288888888888889], [10, 60, 0.3922222222222222], [10, 80, 0.48444444444444446], [10, 100, 0.47444444444444445], [15, 1, 0.15666666666666668], [15, 20, 0.4111111111111111], [15, 40, 0.39666666666666667], [15, 60, 0.5966666666666667], [15, 80, 0.6133333333333333], [15, 100, 0.6922222222222222], [20, 1, 0.17], [20, 20, 0.3922222222222222], [20, 40, 0.6], [20, 60, 0.6655555555555556], [20, 80, 0.75], [20, 100, 0.7344444444444445], [25, 1, 0.17222222222222222], [25, 20, 0.6177777777777778], [25, 40, 0.6277777777777778], [25, 60, 0.7633333333333333], [25, 80, 0.8022222222222223], [25, 100, 0.8433333333333334], [30, 1, 0.1622222222222222], [30, 20, 0.6133333333333333], [30, 40, 0.6733333333333333], [30, 60, 0.7877777777777778], [30, 80, 0.8644444444444445], [30, 100, 0.88]], "Random Start": [[1, 1, 0.003333333333333333], [1, 20, 0.013333333333333334], [1, 40, 0.01888888888888889], [1, 60, 0.024444444444444446], [1, 80, 0.016666666666666666], [1, 100, 0.021111111111111112], [5, 1, 0.011111111111111112], [5, 20, 0.03777777777777778], [5, 40, 0.052222222222222225], [5, 60, 0.06777777777777778], [5, 80, 0.07555555555555556], [5, 100, 0.09555555555555556], [10, 1, 0.02], [10, 20, 0.06444444444444444], [10, 40, 0.08], [10, 60, 0.11], [10, 80, 0.17555555555555555], [10, 100, 0.22777777777777777], [15, 1, 0.012222222222222223], [15, 20, 0.10444444444444445], [15, 40, 0.16111111111111112], [15, 60, 0.1811111111111111], [15, 80, 0.22777777777777777], [15, 100, 0.24222222222222223], [20, 1, 0.011111111111111112], [20, 20, 0.12444444444444444], [20, 40, 0.20444444444444446], [20, 60, 0.29], [20, 80, 0.33], [20, 100, 0.29888888888888887], [25, 1, 0.01888888888888889], [25, 20, 0.13111111111111112], [25, 40, 0.21555555555555556], [25, 60, 0.34555555555555556], [25, 80, 0.36777777777777776], [25, 100, 0.4611111111111111], [30, 1, 0.01], [30, 20, 0.23222222222222222], [30, 40, 0.3422222222222222], [30, 60, 0.3688888888888889], [30, 80, 0.43222222222222223], [30, 100, 0.51]]}