{"Weight Start": [[1, 1, 0.026666666666666665], [1, 20, 0.058888888888888886], [1, 40, 0.06222222222222222], [1, 60, 0.06666666666666667], [1, 80, 0.07888888888888888], [1, 100, 0.08777777777777777], [5, 1, 0.04777777777777778], [5, 20, 0.06], [5, 40, 0.10666666666666667], [5, 60, 0.14], [5, 80, 0.1288888888888889], [5, 100, 0.15], [10, 1, 0.058888888888888886], [10, 20, 0.12666666666666668], [10, 40, 0.19555555555555557], [10, 60, 0.16444444444444445], [10, 80, 0.16777777777777778], [10, 100, 0.20777777777777778], [15, 1, 0.05444444444444444], [15, 20, 0.12555555555555556], [15, 40, 0.19555555555555557], [15, 60, 0.17777777777777778], [15, 80, 0.19666666666666666], [15, 100, 0.2311111111111111], [20, 1, 0.06555555555555556], [20, 20, 0.1688888888888889], [20, 40, 0.21], [20, 60, 0.21], [20, 80, 0.22444444444444445], [20, 100, 0.23777777777777778], [25, 1, 0.07333333333333333], [25, 20, 0.21888888888888888], [25, 40, 0.23], [25, 60, 0.2811111111111111], [25, 80, 0.3088888888888889], [25, 100, 0.3311111111111111], [30, 1, 0.07], [30, 20, 0.15888888888888889], [30, 40, 0.23444444444444446], [30, 60, 0.27555555555555555], [30, 80, 0.29555555555555557], [30, 100, 0.35444444444444445]], "Random Start": [[1, 1, 0.0011111111111111111], [1, 20, 0.0], [1, 40, 0.0077777777777777776], [1, 60, 0.005555555555555556], [1, 80, 0.005555555555555556], [1, 100, 0.005555555555555556], [5, 1, 0.0], [5, 20, 0.003333333333333333], [5, 40, 0.01], [5, 60, 0.01], [5, 80, 0.011111111111111112], [5, 100, 0.0077777777777777776], [10, 1, 0.003333333333333333], [10, 20, 0.012222222222222223], [10, 40, 0.013333333333333332], [10, 60, 0.0077777777777777776], [10, 80, 0.012222222222222223], [10, 100, 0.02], [15, 1, 0.0], [15, 20, 0.008888888888888889], [15, 40, 0.021111111111111112], [15, 60, 0.016666666666666666], [15, 80, 0.015555555555555555], [15, 100, 0.022222222222222223], [20, 1, 0.0011111111111111111], [20, 20, 0.012222222222222223], [20, 40, 0.011111111111111112], [20, 60, 0.015555555555555555], [20, 80, 0.02], [20, 100, 0.021111111111111112], [25, 1, 0.0022222222222222222], [25, 20, 0.011111111111111112], [25, 40, 0.011111111111111112], [25, 60, 0.015555555555555555], [25, 80, 0.01888888888888889], [25, 100, 0.024444444444444446], [30, 1, 0.0011111111111111111], [30, 20, 0.013333333333333332], [30, 40, 0.02], [30, 60, 0.03], [30, 80, 0.014444444444444444], [30, 100, 0.03222222222222222]]}