{"Weight Start": [[1, 1, 0.37], [1, 20, 0.3738888888888889], [1, 40, 0.3738888888888889], [1, 60, 0.3788888888888889], [1, 80, 0.3788888888888889], [1, 100, 0.3794444444444444], [5, 1, 0.3705555555555555], [5, 20, 0.3711111111111111], [5, 40, 0.37333333333333335], [5, 60, 0.37444444444444447], [5, 80, 0.37555555555555553], [5, 100, 0.37444444444444447], [10, 1, 0.36777777777777776], [10, 20, 0.3705555555555555], [10, 40, 0.3738888888888889], [10, 60, 0.37722222222222224], [10, 80, 0.38], [10, 100, 0.37833333333333335], [15, 1, 0.3705555555555555], [15, 20, 0.37166666666666665], [15, 40, 0.37222222222222223], [15, 60, 0.3744444444444444], [15, 80, 0.3761111111111111], [15, 100, 0.3761111111111111], [20, 1, 0.37], [20, 20, 0.37444444444444447], [20, 40, 0.37444444444444447], [20, 60, 0.375], [20, 80, 0.37666666666666665], [20, 100, 0.38055555555555554], [25, 1, 0.3711111111111111], [25, 20, 0.37222222222222223], [25, 40, 0.3738888888888889], [25, 60, 0.3794444444444444], [25, 80, 0.37833333333333335], [25, 100, 0.38166666666666665], [30, 1, 0.3711111111111111], [30, 20, 0.3711111111111111], [30, 40, 0.3761111111111111], [30, 60, 0.3788888888888889], [30, 80, 0.37555555555555553], [30, 100, 0.37833333333333335]], "Random Start": [[1, 1, 0.02388888888888889], [1, 20, 0.031111111111111114], [1, 40, 0.027222222222222224], [1, 60, 0.034444444444444444], [1, 80, 0.03666666666666667], [1, 100, 0.041666666666666664], [5, 1, 0.021666666666666667], [5, 20, 0.03611111111111111], [5, 40, 0.027222222222222224], [5, 60, 0.02666666666666667], [5, 80, 0.02666666666666667], [5, 100, 0.028333333333333335], [10, 1, 0.026666666666666665], [10, 20, 0.02888888888888889], [10, 40, 0.02388888888888889], [10, 60, 0.03222222222222222], [10, 80, 0.02888888888888889], [10, 100, 0.030555555555555558], [15, 1, 0.035555555555555556], [15, 20, 0.03222222222222222], [15, 40, 0.03166666666666667], [15, 60, 0.030555555555555558], [15, 80, 0.03666666666666667], [15, 100, 0.03277777777777778], [20, 1, 0.02277777777777778], [20, 20, 0.03222222222222222], [20, 40, 0.02666666666666667], [20, 60, 0.03388888888888889], [20, 80, 0.027222222222222224], [20, 100, 0.030555555555555555], [25, 1, 0.019444444444444445], [25, 20, 0.025], [25, 40, 0.02388888888888889], [25, 60, 0.042777777777777776], [25, 80, 0.03166666666666667], [25, 100, 0.03222222222222222], [30, 1, 0.025], [30, 20, 0.027222222222222224], [30, 40, 0.03222222222222222], [30, 60, 0.03222222222222222], [30, 80, 0.03277777777777778], [30, 100, 0.03166666666666667]]}