{"Weight Start": [[1, 1, 0.3638888888888889], [1, 20, 0.4077777777777778], [1, 40, 0.42833333333333334], [1, 60, 0.4088888888888889], [1, 80, 0.43], [1, 100, 0.4461111111111111], [5, 1, 0.39], [5, 20, 0.47111111111111115], [5, 40, 0.5], [5, 60, 0.48388888888888887], [5, 80, 0.5911111111111111], [5, 100, 0.5416666666666666], [10, 1, 0.39944444444444444], [10, 20, 0.5288888888888889], [10, 40, 0.5555555555555556], [10, 60, 0.5772222222222222], [10, 80, 0.6144444444444445], [10, 100, 0.6055555555555555], [15, 1, 0.425], [15, 20, 0.5511111111111111], [15, 40, 0.6211111111111111], [15, 60, 0.6488888888888888], [15, 80, 0.6866666666666666], [15, 100, 0.7116666666666667], [20, 1, 0.4411111111111111], [20, 20, 0.6172222222222222], [20, 40, 0.6477777777777778], [20, 60, 0.7022222222222222], [20, 80, 0.7411111111111112], [20, 100, 0.7411111111111112], [25, 1, 0.44166666666666665], [25, 20, 0.6922222222222222], [25, 40, 0.7194444444444444], [25, 60, 0.7305555555555555], [25, 80, 0.7766666666666667], [25, 100, 0.835], [30, 1, 0.4633333333333333], [30, 20, 0.6766666666666666], [30, 40, 0.8161111111111111], [30, 60, 0.8377777777777777], [30, 80, 0.8505555555555555], [30, 100, 0.87]], "Random Start": [[1, 1, 0.07222222222222222], [1, 20, 0.1438888888888889], [1, 40, 0.18222222222222223], [1, 60, 0.18777777777777777], [1, 80, 0.2111111111111111], [1, 100, 0.205], [5, 1, 0.16111111111111112], [5, 20, 0.2827777777777778], [5, 40, 0.31444444444444447], [5, 60, 0.39444444444444443], [5, 80, 0.38722222222222225], [5, 100, 0.39333333333333337], [10, 1, 0.22166666666666668], [10, 20, 0.37333333333333335], [10, 40, 0.3988888888888889], [10, 60, 0.5294444444444445], [10, 80, 0.5405555555555556], [10, 100, 0.5166666666666667], [15, 1, 0.27], [15, 20, 0.43666666666666665], [15, 40, 0.5188888888888888], [15, 60, 0.5827777777777777], [15, 80, 0.5783333333333334], [15, 100, 0.6155555555555555], [20, 1, 0.29888888888888887], [20, 20, 0.5222222222222223], [20, 40, 0.5511111111111111], [20, 60, 0.58], [20, 80, 0.6561111111111111], [20, 100, 0.6533333333333333], [25, 1, 0.30777777777777776], [25, 20, 0.5472222222222222], [25, 40, 0.6172222222222222], [25, 60, 0.6811111111111111], [25, 80, 0.6955555555555556], [25, 100, 0.7066666666666667], [30, 1, 0.3277777777777778], [30, 20, 0.6338888888888888], [30, 40, 0.6433333333333333], [30, 60, 0.6922222222222222], [30, 80, 0.741111111111111], [30, 100, 0.7966666666666666]]}