{"Weight Start": [[1, 1, 0.36277777777777775], [1, 20, 0.3988888888888889], [1, 40, 0.4227777777777778], [1, 60, 0.4227777777777778], [1, 80, 0.42444444444444446], [1, 100, 0.4316666666666667], [5, 1, 0.3927777777777778], [5, 20, 0.4238888888888889], [5, 40, 0.4527777777777778], [5, 60, 0.4722222222222222], [5, 80, 0.485], [5, 100, 0.5061111111111111], [10, 1, 0.39166666666666666], [10, 20, 0.4816666666666667], [10, 40, 0.4911111111111111], [10, 60, 0.5305555555555556], [10, 80, 0.5316666666666666], [10, 100, 0.5838888888888889], [15, 1, 0.4088888888888889], [15, 20, 0.5272222222222223], [15, 40, 0.5594444444444444], [15, 60, 0.5505555555555556], [15, 80, 0.5961111111111111], [15, 100, 0.6222222222222222], [20, 1, 0.4227777777777778], [20, 20, 0.5427777777777778], [20, 40, 0.5811111111111111], [20, 60, 0.6072222222222222], [20, 80, 0.6505555555555556], [20, 100, 0.6911111111111111], [25, 1, 0.4338888888888889], [25, 20, 0.5905555555555555], [25, 40, 0.6438888888888888], [25, 60, 0.6494444444444445], [25, 80, 0.6477777777777778], [25, 100, 0.7016666666666667], [30, 1, 0.41944444444444445], [30, 20, 0.5777777777777777], [30, 40, 0.6744444444444444], [30, 60, 0.6927777777777778], [30, 80, 0.7138888888888889], [30, 100, 0.7433333333333333]], "Random Start": [[1, 1, 0.06166666666666667], [1, 20, 0.14], [1, 40, 0.13444444444444445], [1, 60, 0.15944444444444444], [1, 80, 0.15], [1, 100, 0.16444444444444445], [5, 1, 0.14777777777777779], [5, 20, 0.21833333333333332], [5, 40, 0.26666666666666666], [5, 60, 0.2838888888888889], [5, 80, 0.34833333333333333], [5, 100, 0.36], [10, 1, 0.1638888888888889], [10, 20, 0.3211111111111111], [10, 40, 0.3616666666666667], [10, 60, 0.3616666666666667], [10, 80, 0.40166666666666667], [10, 100, 0.41833333333333333], [15, 1, 0.20277777777777778], [15, 20, 0.3383333333333333], [15, 40, 0.4338888888888889], [15, 60, 0.45055555555555554], [15, 80, 0.4633333333333333], [15, 100, 0.49722222222222223], [20, 1, 0.21888888888888888], [20, 20, 0.42388888888888887], [20, 40, 0.47], [20, 60, 0.45611111111111113], [20, 80, 0.5077777777777778], [20, 100, 0.5583333333333333], [25, 1, 0.24166666666666667], [25, 20, 0.45944444444444443], [25, 40, 0.4961111111111111], [25, 60, 0.5072222222222222], [25, 80, 0.5255555555555556], [25, 100, 0.5872222222222222], [30, 1, 0.24555555555555555], [30, 20, 0.5327777777777778], [30, 40, 0.5338888888888889], [30, 60, 0.545], [30, 80, 0.6094444444444445], [30, 100, 0.6105555555555555]]}