{"Weight Start": [[1, 1, 0.3638888888888889], [1, 20, 0.38722222222222225], [1, 40, 0.40166666666666667], [1, 60, 0.4022222222222222], [1, 80, 0.40444444444444444], [1, 100, 0.4138888888888889], [5, 1, 0.3761111111111111], [5, 20, 0.42000000000000004], [5, 40, 0.43], [5, 60, 0.4444444444444445], [5, 80, 0.45333333333333337], [5, 100, 0.45333333333333337], [10, 1, 0.3844444444444445], [10, 20, 0.4222222222222222], [10, 40, 0.47833333333333333], [10, 60, 0.4761111111111111], [10, 80, 0.4872222222222222], [10, 100, 0.4905555555555556], [15, 1, 0.39444444444444443], [15, 20, 0.4627777777777778], [15, 40, 0.4888888888888889], [15, 60, 0.4961111111111111], [15, 80, 0.5083333333333333], [15, 100, 0.5316666666666666], [20, 1, 0.39722222222222225], [20, 20, 0.4711111111111111], [20, 40, 0.5155555555555555], [20, 60, 0.5188888888888888], [20, 80, 0.5044444444444445], [20, 100, 0.5216666666666666], [25, 1, 0.40111111111111114], [25, 20, 0.49444444444444446], [25, 40, 0.5322222222222223], [25, 60, 0.5183333333333333], [25, 80, 0.5694444444444444], [25, 100, 0.615], [30, 1, 0.4111111111111111], [30, 20, 0.5], [30, 40, 0.5488888888888889], [30, 60, 0.56], [30, 80, 0.5455555555555556], [30, 100, 0.5366666666666666]], "Random Start": [[1, 1, 0.04055555555555555], [1, 20, 0.07444444444444444], [1, 40, 0.115], [1, 60, 0.11055555555555556], [1, 80, 0.09666666666666666], [1, 100, 0.10277777777777777], [5, 1, 0.07944444444444444], [5, 20, 0.16944444444444445], [5, 40, 0.16555555555555557], [5, 60, 0.18333333333333335], [5, 80, 0.1827777777777778], [5, 100, 0.22166666666666668], [10, 1, 0.10722222222222222], [10, 20, 0.17722222222222223], [10, 40, 0.22111111111111112], [10, 60, 0.2538888888888889], [10, 80, 0.23500000000000001], [10, 100, 0.23166666666666666], [15, 1, 0.12777777777777777], [15, 20, 0.23222222222222222], [15, 40, 0.26611111111111113], [15, 60, 0.2816666666666667], [15, 80, 0.2861111111111111], [15, 100, 0.32], [20, 1, 0.13166666666666665], [20, 20, 0.2611111111111111], [20, 40, 0.3], [20, 60, 0.31277777777777777], [20, 80, 0.31555555555555553], [20, 100, 0.31777777777777777], [25, 1, 0.13944444444444445], [25, 20, 0.29], [25, 40, 0.31277777777777777], [25, 60, 0.30666666666666664], [25, 80, 0.3538888888888889], [25, 100, 0.3688888888888889], [30, 1, 0.15944444444444444], [30, 20, 0.29333333333333333], [30, 40, 0.32333333333333336], [30, 60, 0.38], [30, 80, 0.37722222222222224], [30, 100, 0.3977777777777778]]}