{"Weight Start": [[1, 1, 0.3672222222222222], [1, 20, 0.4138888888888889], [1, 40, 0.42333333333333334], [1, 60, 0.41555555555555557], [1, 80, 0.4527777777777778], [1, 100, 0.44666666666666666], [5, 1, 0.3933333333333333], [5, 20, 0.4633333333333333], [5, 40, 0.5466666666666666], [5, 60, 0.5477777777777778], [5, 80, 0.5772222222222222], [5, 100, 0.6166666666666667], [10, 1, 0.4311111111111111], [10, 20, 0.5755555555555556], [10, 40, 0.5883333333333334], [10, 60, 0.6566666666666666], [10, 80, 0.6388888888888888], [10, 100, 0.7216666666666667], [15, 1, 0.4538888888888889], [15, 20, 0.5777777777777778], [15, 40, 0.6611111111111111], [15, 60, 0.741111111111111], [15, 80, 0.7494444444444445], [15, 100, 0.7983333333333333], [20, 1, 0.45555555555555555], [20, 20, 0.6594444444444445], [20, 40, 0.7672222222222222], [20, 60, 0.8005555555555556], [20, 80, 0.8288888888888889], [20, 100, 0.8366666666666667], [25, 1, 0.4766666666666667], [25, 20, 0.7227777777777777], [25, 40, 0.8038888888888889], [25, 60, 0.8711111111111112], [25, 80, 0.8716666666666667], [25, 100, 0.8961111111111111], [30, 1, 0.4905555555555556], [30, 20, 0.7755555555555556], [30, 40, 0.8277777777777778], [30, 60, 0.9094444444444445], [30, 80, 0.9266666666666666], [30, 100, 0.92]], "Random Start": [[1, 1, 0.075], [1, 20, 0.16666666666666669], [1, 40, 0.19666666666666666], [1, 60, 0.21722222222222223], [1, 80, 0.225], [1, 100, 0.2644444444444444], [5, 1, 0.20333333333333334], [5, 20, 0.3277777777777778], [5, 40, 0.3811111111111111], [5, 60, 0.45666666666666667], [5, 80, 0.4527777777777778], [5, 100, 0.47000000000000003], [10, 1, 0.25666666666666665], [10, 20, 0.44], [10, 40, 0.4988888888888889], [10, 60, 0.5911111111111111], [10, 80, 0.5816666666666667], [10, 100, 0.6016666666666667], [15, 1, 0.2783333333333333], [15, 20, 0.5311111111111111], [15, 40, 0.5938888888888889], [15, 60, 0.64], [15, 80, 0.6772222222222222], [15, 100, 0.7022222222222222], [20, 1, 0.3244444444444444], [20, 20, 0.5938888888888889], [20, 40, 0.6844444444444444], [20, 60, 0.6911111111111111], [20, 80, 0.7416666666666667], [20, 100, 0.8072222222222222], [25, 1, 0.3477777777777778], [25, 20, 0.6711111111111111], [25, 40, 0.74], [25, 60, 0.8022222222222222], [25, 80, 0.8727777777777778], [25, 100, 0.8566666666666667], [30, 1, 0.36277777777777775], [30, 20, 0.6783333333333333], [30, 40, 0.7877777777777778], [30, 60, 0.8211111111111111], [30, 80, 0.8333333333333334], [30, 100, 0.8788888888888889]]}