{"Weight Start": [[1, 1, 0.36944444444444446], [1, 20, 0.4172222222222222], [1, 40, 0.4411111111111111], [1, 60, 0.4488888888888889], [1, 80, 0.4538888888888889], [1, 100, 0.47444444444444445], [5, 1, 0.3988888888888889], [5, 20, 0.48833333333333334], [5, 40, 0.545], [5, 60, 0.6211111111111112], [5, 80, 0.6116666666666667], [5, 100, 0.6305555555555555], [10, 1, 0.4338888888888889], [10, 20, 0.5777777777777778], [10, 40, 0.65], [10, 60, 0.665], [10, 80, 0.6944444444444444], [10, 100, 0.7605555555555555], [15, 1, 0.45722222222222225], [15, 20, 0.6294444444444445], [15, 40, 0.7183333333333334], [15, 60, 0.7705555555555555], [15, 80, 0.8122222222222222], [15, 100, 0.8727777777777778], [20, 1, 0.46444444444444444], [20, 20, 0.7522222222222222], [20, 40, 0.7977777777777778], [20, 60, 0.8205555555555556], [20, 80, 0.8844444444444445], [20, 100, 0.9255555555555556], [25, 1, 0.4777777777777778], [25, 20, 0.7527777777777778], [25, 40, 0.8377777777777778], [25, 60, 0.9033333333333333], [25, 80, 0.9472222222222222], [25, 100, 0.9188888888888889], [30, 1, 0.5188888888888888], [30, 20, 0.7977777777777778], [30, 40, 0.905], [30, 60, 0.9244444444444444], [30, 80, 0.9583333333333334], [30, 100, 0.9505555555555556]], "Random Start": [[1, 1, 0.08944444444444444], [1, 20, 0.20277777777777778], [1, 40, 0.2361111111111111], [1, 60, 0.25555555555555554], [1, 80, 0.2683333333333333], [1, 100, 0.3038888888888889], [5, 1, 0.20833333333333334], [5, 20, 0.37333333333333335], [5, 40, 0.44722222222222224], [5, 60, 0.515], [5, 80, 0.5483333333333333], [5, 100, 0.5222222222222223], [10, 1, 0.29], [10, 20, 0.508888888888889], [10, 40, 0.6022222222222222], [10, 60, 0.6305555555555555], [10, 80, 0.69], [10, 100, 0.7016666666666667], [15, 1, 0.33111111111111113], [15, 20, 0.6227777777777778], [15, 40, 0.6627777777777778], [15, 60, 0.6977777777777778], [15, 80, 0.7466666666666667], [15, 100, 0.8044444444444444], [20, 1, 0.3611111111111111], [20, 20, 0.6077777777777778], [20, 40, 0.7005555555555556], [20, 60, 0.74], [20, 80, 0.8344444444444444], [20, 100, 0.8594444444444445], [25, 1, 0.40055555555555555], [25, 20, 0.7133333333333334], [25, 40, 0.8066666666666666], [25, 60, 0.8672222222222222], [25, 80, 0.8988888888888888], [25, 100, 0.8988888888888888], [30, 1, 0.4116666666666667], [30, 20, 0.7661111111111111], [30, 40, 0.8405555555555556], [30, 60, 0.885], [30, 80, 0.9277777777777778], [30, 100, 0.9261111111111111]]}