{"Weight Start": [[1, 1, 0.03222222222222222], [1, 20, 0.08777777777777777], [1, 40, 0.10333333333333333], [1, 60, 0.12], [1, 80, 0.12777777777777777], [1, 100, 0.12444444444444444], [5, 1, 0.08666666666666667], [5, 20, 0.14222222222222222], [5, 40, 0.2111111111111111], [5, 60, 0.3233333333333333], [5, 80, 0.3144444444444444], [5, 100, 0.3388888888888889], [10, 1, 0.1111111111111111], [10, 20, 0.2544444444444444], [10, 40, 0.36], [10, 60, 0.37444444444444447], [10, 80, 0.4266666666666667], [10, 100, 0.5455555555555556], [15, 1, 0.12666666666666668], [15, 20, 0.3188888888888889], [15, 40, 0.4711111111111111], [15, 60, 0.5611111111111111], [15, 80, 0.6444444444444445], [15, 100, 0.7533333333333333], [20, 1, 0.12555555555555556], [20, 20, 0.5255555555555556], [20, 40, 0.6033333333333334], [20, 60, 0.6488888888888888], [20, 80, 0.7777777777777778], [20, 100, 0.8511111111111112], [25, 1, 0.15], [25, 20, 0.5344444444444445], [25, 40, 0.6822222222222222], [25, 60, 0.8111111111111111], [25, 80, 0.8955555555555555], [25, 100, 0.84], [30, 1, 0.18], [30, 20, 0.6111111111111112], [30, 40, 0.8111111111111111], [30, 60, 0.8533333333333334], [30, 80, 0.9177777777777778], [30, 100, 0.9011111111111111]], "Random Start": [[1, 1, 0.0022222222222222222], [1, 20, 0.01888888888888889], [1, 40, 0.02666666666666667], [1, 60, 0.024444444444444442], [1, 80, 0.028888888888888888], [1, 100, 0.044444444444444446], [5, 1, 0.012222222222222223], [5, 20, 0.08333333333333333], [5, 40, 0.11444444444444445], [5, 60, 0.20444444444444443], [5, 80, 0.23777777777777778], [5, 100, 0.17666666666666667], [10, 1, 0.043333333333333335], [10, 20, 0.18222222222222223], [10, 40, 0.28444444444444444], [10, 60, 0.33666666666666667], [10, 80, 0.4166666666666667], [10, 100, 0.43555555555555553], [15, 1, 0.06], [15, 20, 0.32666666666666666], [15, 40, 0.3788888888888889], [15, 60, 0.43444444444444447], [15, 80, 0.52], [15, 100, 0.6377777777777778], [20, 1, 0.07], [20, 20, 0.2866666666666667], [20, 40, 0.43555555555555553], [20, 60, 0.5077777777777778], [20, 80, 0.6766666666666666], [20, 100, 0.7266666666666667], [25, 1, 0.10444444444444445], [25, 20, 0.4577777777777778], [25, 40, 0.6233333333333333], [25, 60, 0.7444444444444445], [25, 80, 0.8044444444444444], [25, 100, 0.8], [30, 1, 0.09555555555555556], [30, 20, 0.5555555555555556], [30, 40, 0.69], [30, 60, 0.7755555555555556], [30, 80, 0.8566666666666667], [30, 100, 0.8544444444444445]]}