{"Weight Start": [[1, 1, 0.011111111111111112], [1, 20, 0.042222222222222223], [1, 40, 0.06222222222222222], [1, 60, 0.06444444444444444], [1, 80, 0.0811111111111111], [1, 100, 0.07888888888888888], [5, 1, 0.05555555555555555], [5, 20, 0.058888888888888886], [5, 40, 0.09111111111111111], [5, 60, 0.10333333333333333], [5, 80, 0.13111111111111112], [5, 100, 0.1411111111111111], [10, 1, 0.05444444444444444], [10, 20, 0.12], [10, 40, 0.1288888888888889], [10, 60, 0.16333333333333333], [10, 80, 0.1922222222222222], [10, 100, 0.2577777777777778], [15, 1, 0.08666666666666667], [15, 20, 0.17222222222222222], [15, 40, 0.21222222222222223], [15, 60, 0.19], [15, 80, 0.2677777777777778], [15, 100, 0.3], [20, 1, 0.07777777777777778], [20, 20, 0.2011111111111111], [20, 40, 0.24333333333333332], [20, 60, 0.28444444444444444], [20, 80, 0.35], [20, 100, 0.4111111111111111], [25, 1, 0.08222222222222222], [25, 20, 0.2577777777777778], [25, 40, 0.33666666666666667], [25, 60, 0.3422222222222222], [25, 80, 0.3411111111111111], [25, 100, 0.4288888888888889], [30, 1, 0.08555555555555555], [30, 20, 0.22555555555555556], [30, 40, 0.38], [30, 60, 0.41], [30, 80, 0.45111111111111113], [30, 100, 0.5055555555555555]], "Random Start": [[1, 1, 0.0011111111111111111], [1, 20, 0.01], [1, 40, 0.006666666666666666], [1, 60, 0.013333333333333334], [1, 80, 0.014444444444444444], [1, 100, 0.013333333333333332], [5, 1, 0.0044444444444444444], [5, 20, 0.022222222222222223], [5, 40, 0.03777777777777778], [5, 60, 0.04111111111111111], [5, 80, 0.06111111111111111], [5, 100, 0.06666666666666667], [10, 1, 0.008888888888888889], [10, 20, 0.04888888888888889], [10, 40, 0.07888888888888888], [10, 60, 0.08777777777777777], [10, 80, 0.10444444444444444], [10, 100, 0.10222222222222223], [15, 1, 0.013333333333333334], [15, 20, 0.06111111111111111], [15, 40, 0.12222222222222222], [15, 60, 0.13], [15, 80, 0.13555555555555554], [15, 100, 0.1811111111111111], [20, 1, 0.02], [20, 20, 0.10444444444444444], [20, 40, 0.16333333333333333], [20, 60, 0.1288888888888889], [20, 80, 0.17888888888888888], [20, 100, 0.24777777777777776], [25, 1, 0.021111111111111112], [25, 20, 0.14222222222222222], [25, 40, 0.14888888888888888], [25, 60, 0.18333333333333332], [25, 80, 0.17], [25, 100, 0.2688888888888889], [30, 1, 0.027777777777777776], [30, 20, 0.19333333333333333], [30, 40, 0.21], [30, 60, 0.22555555555555556], [30, 80, 0.3055555555555556], [30, 100, 0.3088888888888889]]}