{"Weight Start": [[1, 1, 0.027777777777777776], [1, 20, 0.08555555555555555], [1, 40, 0.07555555555555556], [1, 60, 0.08], [1, 80, 0.10666666666666667], [1, 100, 0.10444444444444444], [5, 1, 0.06555555555555556], [5, 20, 0.11777777777777777], [5, 40, 0.2088888888888889], [5, 60, 0.2222222222222222], [5, 80, 0.24555555555555555], [5, 100, 0.31333333333333335], [10, 1, 0.10222222222222223], [10, 20, 0.2511111111111111], [10, 40, 0.25], [10, 60, 0.3688888888888889], [10, 80, 0.33555555555555555], [10, 100, 0.4777777777777778], [15, 1, 0.12777777777777777], [15, 20, 0.24555555555555555], [15, 40, 0.36777777777777776], [15, 60, 0.5166666666666667], [15, 80, 0.5333333333333333], [15, 100, 0.6077777777777778], [20, 1, 0.11222222222222222], [20, 20, 0.36333333333333334], [20, 40, 0.5611111111111111], [20, 60, 0.6122222222222222], [20, 80, 0.6744444444444445], [20, 100, 0.6866666666666666], [25, 1, 0.12666666666666668], [25, 20, 0.4711111111111111], [25, 40, 0.6188888888888889], [25, 60, 0.7466666666666667], [25, 80, 0.7455555555555555], [25, 100, 0.7944444444444445], [30, 1, 0.15888888888888889], [30, 20, 0.5666666666666667], [30, 40, 0.6655555555555556], [30, 60, 0.8211111111111111], [30, 80, 0.8533333333333334], [30, 100, 0.8411111111111111]], "Random Start": [[1, 1, 0.0022222222222222222], [1, 20, 0.008888888888888889], [1, 40, 0.015555555555555555], [1, 60, 0.024444444444444446], [1, 80, 0.03111111111111111], [1, 100, 0.028888888888888888], [5, 1, 0.024444444444444446], [5, 20, 0.05444444444444444], [5, 40, 0.07888888888888888], [5, 60, 0.13444444444444445], [5, 80, 0.14444444444444443], [5, 100, 0.14888888888888888], [10, 1, 0.027777777777777776], [10, 20, 0.11666666666666667], [10, 40, 0.18333333333333332], [10, 60, 0.28444444444444444], [10, 80, 0.26222222222222225], [10, 100, 0.2811111111111111], [15, 1, 0.042222222222222223], [15, 20, 0.19555555555555557], [15, 40, 0.2911111111111111], [15, 60, 0.3433333333333333], [15, 80, 0.39999999999999997], [15, 100, 0.4355555555555556], [20, 1, 0.057777777777777775], [20, 20, 0.2877777777777778], [20, 40, 0.4066666666666667], [20, 60, 0.42444444444444446], [20, 80, 0.51], [20, 100, 0.6322222222222222], [25, 1, 0.06], [25, 20, 0.3933333333333333], [25, 40, 0.5011111111111111], [25, 60, 0.6144444444444445], [25, 80, 0.7488888888888889], [25, 100, 0.7166666666666667], [30, 1, 0.06888888888888889], [30, 20, 0.39444444444444443], [30, 40, 0.59], [30, 60, 0.6522222222222223], [30, 80, 0.6777777777777778], [30, 100, 0.7611111111111111]]}