{"Weight Start": [[1, 1, 0.016666666666666666], [1, 20, 0.03222222222222222], [1, 40, 0.042222222222222223], [1, 60, 0.044444444444444446], [1, 80, 0.04], [1, 100, 0.04], [5, 1, 0.03111111111111111], [5, 20, 0.052222222222222225], [5, 40, 0.07111111111111111], [5, 60, 0.0811111111111111], [5, 80, 0.07222222222222222], [5, 100, 0.08333333333333333], [10, 1, 0.043333333333333335], [10, 20, 0.06111111111111111], [10, 40, 0.09555555555555556], [10, 60, 0.11333333333333333], [10, 80, 0.10222222222222223], [10, 100, 0.10333333333333333], [15, 1, 0.04777777777777778], [15, 20, 0.10333333333333333], [15, 40, 0.11666666666666667], [15, 60, 0.1288888888888889], [15, 80, 0.14222222222222222], [15, 100, 0.16666666666666666], [20, 1, 0.03777777777777778], [20, 20, 0.09444444444444444], [20, 40, 0.14333333333333334], [20, 60, 0.15222222222222223], [20, 80, 0.13111111111111112], [20, 100, 0.13111111111111112], [25, 1, 0.043333333333333335], [25, 20, 0.12444444444444444], [25, 40, 0.17666666666666667], [25, 60, 0.14444444444444443], [25, 80, 0.21444444444444444], [25, 100, 0.28], [30, 1, 0.05], [30, 20, 0.1322222222222222], [30, 40, 0.19], [30, 60, 0.20777777777777778], [30, 80, 0.17888888888888888], [30, 100, 0.16666666666666666]], "Random Start": [[1, 1, 0.0022222222222222222], [1, 20, 0.0], [1, 40, 0.003333333333333333], [1, 60, 0.005555555555555556], [1, 80, 0.005555555555555556], [1, 100, 0.006666666666666666], [5, 1, 0.003333333333333333], [5, 20, 0.006666666666666666], [5, 40, 0.01], [5, 60, 0.017777777777777778], [5, 80, 0.016666666666666666], [5, 100, 0.023333333333333334], [10, 1, 0.0044444444444444444], [10, 20, 0.014444444444444444], [10, 40, 0.01888888888888889], [10, 60, 0.03666666666666667], [10, 80, 0.025555555555555557], [10, 100, 0.025555555555555557], [15, 1, 0.0077777777777777776], [15, 20, 0.027777777777777776], [15, 40, 0.04], [15, 60, 0.03888888888888889], [15, 80, 0.044444444444444446], [15, 100, 0.058888888888888886], [20, 1, 0.0044444444444444444], [20, 20, 0.035555555555555556], [20, 40, 0.04777777777777778], [20, 60, 0.05], [20, 80, 0.052222222222222225], [20, 100, 0.05555555555555555], [25, 1, 0.006666666666666666], [25, 20, 0.044444444444444446], [25, 40, 0.05555555555555555], [25, 60, 0.06444444444444444], [25, 80, 0.06666666666666667], [25, 100, 0.07333333333333333], [30, 1, 0.008888888888888889], [30, 20, 0.05222222222222222], [30, 40, 0.05444444444444445], [30, 60, 0.07333333333333333], [30, 80, 0.08], [30, 100, 0.08]]}