{"Weight Start": [[1, 1, 0.0077777777777777776], [1, 20, 0.008888888888888889], [1, 40, 0.011111111111111112], [1, 60, 0.011111111111111112], [1, 80, 0.015555555555555555], [1, 100, 0.013333333333333332], [5, 1, 0.0077777777777777776], [5, 20, 0.012222222222222223], [5, 40, 0.008888888888888889], [5, 60, 0.011111111111111112], [5, 80, 0.008888888888888889], [5, 100, 0.006666666666666666], [10, 1, 0.006666666666666666], [10, 20, 0.0077777777777777776], [10, 40, 0.008888888888888889], [10, 60, 0.014444444444444444], [10, 80, 0.011111111111111112], [10, 100, 0.014444444444444444], [15, 1, 0.0077777777777777776], [15, 20, 0.0077777777777777776], [15, 40, 0.011111111111111112], [15, 60, 0.012222222222222223], [15, 80, 0.011111111111111112], [15, 100, 0.01], [20, 1, 0.0077777777777777776], [20, 20, 0.01], [20, 40, 0.01], [20, 60, 0.0077777777777777776], [20, 80, 0.011111111111111112], [20, 100, 0.013333333333333332], [25, 1, 0.0077777777777777776], [25, 20, 0.0077777777777777776], [25, 40, 0.013333333333333332], [25, 60, 0.014444444444444444], [25, 80, 0.015555555555555555], [25, 100, 0.014444444444444444], [30, 1, 0.0077777777777777776], [30, 20, 0.011111111111111112], [30, 40, 0.008888888888888889], [30, 60, 0.012222222222222223], [30, 80, 0.011111111111111112], [30, 100, 0.01]], "Random Start": [[1, 1, 0.0], [1, 20, 0.0], [1, 40, 0.0], [1, 60, 0.0], [1, 80, 0.0], [1, 100, 0.0], [5, 1, 0.0], [5, 20, 0.0], [5, 40, 0.0], [5, 60, 0.0], [5, 80, 0.0], [5, 100, 0.0011111111111111111], [10, 1, 0.0], [10, 20, 0.0], [10, 40, 0.0011111111111111111], [10, 60, 0.0], [10, 80, 0.0], [10, 100, 0.0], [15, 1, 0.0011111111111111111], [15, 20, 0.0011111111111111111], [15, 40, 0.0], [15, 60, 0.0022222222222222222], [15, 80, 0.0], [15, 100, 0.0], [20, 1, 0.0], [20, 20, 0.0], [20, 40, 0.0011111111111111111], [20, 60, 0.0], [20, 80, 0.0], [20, 100, 0.0], [25, 1, 0.0], [25, 20, 0.0], [25, 40, 0.0], [25, 60, 0.0011111111111111111], [25, 80, 0.0], [25, 100, 0.0011111111111111111], [30, 1, 0.0], [30, 20, 0.0], [30, 40, 0.0], [30, 60, 0.0011111111111111111], [30, 80, 0.0], [30, 100, 0.0]]}