{"Weight Start": [[1, 1, 0.023333333333333334], [1, 20, 0.06777777777777778], [1, 40, 0.09], [1, 60, 0.07555555555555556], [1, 80, 0.07777777777777778], [1, 100, 0.09888888888888889], [5, 1, 0.05555555555555555], [5, 20, 0.13111111111111112], [5, 40, 0.1688888888888889], [5, 60, 0.13666666666666666], [5, 80, 0.27111111111111114], [5, 100, 0.19111111111111112], [10, 1, 0.06888888888888889], [10, 20, 0.19111111111111112], [10, 40, 0.21444444444444444], [10, 60, 0.2511111111111111], [10, 80, 0.2922222222222222], [10, 100, 0.28], [15, 1, 0.09777777777777778], [15, 20, 0.20333333333333334], [15, 40, 0.31555555555555553], [15, 60, 0.35444444444444445], [15, 80, 0.4088888888888889], [15, 100, 0.45], [20, 1, 0.11777777777777777], [20, 20, 0.29666666666666663], [20, 40, 0.3377777777777778], [20, 60, 0.43777777777777777], [20, 80, 0.5044444444444445], [20, 100, 0.5011111111111111], [25, 1, 0.09222222222222222], [25, 20, 0.4166666666666667], [25, 40, 0.4666666666666667], [25, 60, 0.4866666666666667], [25, 80, 0.5666666666666667], [25, 100, 0.6822222222222222], [30, 1, 0.12], [30, 20, 0.3988888888888889], [30, 40, 0.64], [30, 60, 0.6811111111111111], [30, 80, 0.7044444444444444], [30, 100, 0.7455555555555555]], "Random Start": [[1, 1, 0.0022222222222222222], [1, 20, 0.011111111111111112], [1, 40, 0.01888888888888889], [1, 60, 0.013333333333333334], [1, 80, 0.021111111111111112], [1, 100, 0.01888888888888889], [5, 1, 0.011111111111111112], [5, 20, 0.04], [5, 40, 0.04666666666666667], [5, 60, 0.11222222222222222], [5, 80, 0.09222222222222222], [5, 100, 0.09222222222222222], [10, 1, 0.03111111111111111], [10, 20, 0.08], [10, 40, 0.0811111111111111], [10, 60, 0.21777777777777776], [10, 80, 0.21], [10, 100, 0.18444444444444444], [15, 1, 0.03111111111111111], [15, 20, 0.10888888888888888], [15, 40, 0.19], [15, 60, 0.2544444444444445], [15, 80, 0.25333333333333335], [15, 100, 0.3144444444444444], [20, 1, 0.03777777777777778], [20, 20, 0.19777777777777777], [20, 40, 0.23444444444444446], [20, 60, 0.2644444444444444], [20, 80, 0.3655555555555556], [20, 100, 0.36], [25, 1, 0.04666666666666667], [25, 20, 0.21666666666666667], [25, 40, 0.31], [25, 60, 0.4033333333333333], [25, 80, 0.42444444444444446], [25, 100, 0.44333333333333336], [30, 1, 0.06111111111111111], [30, 20, 0.3211111111111111], [30, 40, 0.3477777777777778], [30, 60, 0.4222222222222222], [30, 80, 0.5211111111111111], [30, 100, 0.6066666666666667]]}