{"Weight Start": [[1, 1, 0.6335555555555556], [1, 5, 0.6300740740740742], [1, 10, 0.6307407407407408], [1, 15, 0.6297777777777779], [1, 20, 0.6300000000000001], [1, 25, 0.6327407407407408], [1, 30, 0.6365925925925927], [5, 1, 0.6301481481481482], [5, 5, 0.6321481481481482], [5, 10, 0.6331851851851853], [5, 15, 0.6357777777777779], [5, 20, 0.635925925925926], [5, 25, 0.6372592592592594], [5, 30, 0.6405185185185186], [10, 1, 0.6257777777777779], [10, 5, 0.6287407407407408], [10, 10, 0.6345185185185186], [10, 15, 0.6366666666666668], [10, 20, 0.6414074074074075], [10, 25, 0.6414074074074075], [10, 30, 0.6428888888888891], [15, 1, 0.6254814814814816], [15, 5, 0.6284444444444446], [15, 10, 0.6363703703703705], [15, 15, 0.6374074074074075], [15, 20, 0.640814814814815], [15, 25, 0.6441481481481482], [15, 30, 0.644814814814815], [20, 1, 0.625851851851852], [20, 5, 0.6310370370370372], [20, 10, 0.6371111111111112], [20, 15, 0.6390370370370372], [20, 20, 0.6413333333333334], [20, 25, 0.640814814814815], [20, 30, 0.6443703703703705], [25, 1, 0.6248148148148149], [25, 5, 0.6312592592592594], [25, 10, 0.6345925925925927], [25, 15, 0.6397777777777779], [25, 20, 0.6430370370370372], [25, 25, 0.6432592592592594], [25, 30, 0.6446666666666667], [30, 1, 0.6223703703703705], [30, 5, 0.6282962962962965], [30, 10, 0.6365925925925927], [30, 15, 0.6391851851851853], [30, 20, 0.6431111111111112], [30, 25, 0.6442962962962964], [30, 30, 0.643851851851852]], "Random Start": [[1, 1, 0.5241481481481483], [1, 5, 0.5577777777777779], [1, 10, 0.5646666666666668], [1, 15, 0.5741481481481483], [1, 20, 0.5728148148148149], [1, 25, 0.581777777777778], [1, 30, 0.5841481481481483], [5, 1, 0.536814814814815], [5, 5, 0.5603703703703705], [5, 10, 0.5745925925925928], [5, 15, 0.5797037037037038], [5, 20, 0.5814074074074076], [5, 25, 0.587851851851852], [5, 30, 0.5894814814814816], [10, 1, 0.5353333333333334], [10, 5, 0.5637037037037038], [10, 10, 0.5762222222222223], [10, 15, 0.5821481481481483], [10, 20, 0.587851851851852], [10, 25, 0.590888888888889], [10, 30, 0.591777777777778], [15, 1, 0.5351851851851853], [15, 5, 0.5654074074074076], [15, 10, 0.5769629629629631], [15, 15, 0.585851851851852], [15, 20, 0.5900000000000001], [15, 25, 0.5895555555555557], [15, 30, 0.5947407407407409], [20, 1, 0.5311851851851853], [20, 5, 0.5610370370370371], [20, 10, 0.5774074074074076], [20, 15, 0.580814814814815], [20, 20, 0.5882222222222223], [20, 25, 0.595851851851852], [20, 30, 0.5926666666666668], [25, 1, 0.535851851851852], [25, 5, 0.5616296296296298], [25, 10, 0.5803703703703705], [25, 15, 0.5842222222222223], [25, 20, 0.5897037037037038], [25, 25, 0.5926666666666668], [25, 30, 0.6007407407407409], [30, 1, 0.5392592592592593], [30, 5, 0.5691111111111112], [30, 10, 0.5767407407407409], [30, 15, 0.5869629629629631], [30, 20, 0.5917037037037038], [30, 25, 0.5951111111111113], [30, 30, 0.5977777777777779]]}