{"Weight Start": [[1, 1, 0.635925925925926], [1, 5, 0.6355555555555557], [1, 10, 0.6354814814814816], [1, 15, 0.6354814814814816], [1, 20, 0.6357037037037038], [1, 25, 0.6351851851851853], [1, 30, 0.6348888888888891], [5, 1, 0.635925925925926], [5, 5, 0.6354074074074075], [5, 10, 0.6354814814814816], [5, 15, 0.6362962962962964], [5, 20, 0.6346666666666668], [5, 25, 0.6347407407407408], [5, 30, 0.6354814814814816], [10, 1, 0.6360000000000001], [10, 5, 0.6354814814814816], [10, 10, 0.6357777777777779], [10, 15, 0.6353333333333334], [10, 20, 0.6345925925925927], [10, 25, 0.6342962962962965], [10, 30, 0.6348888888888891], [15, 1, 0.6354074074074075], [15, 5, 0.6356296296296298], [15, 10, 0.6356296296296298], [15, 15, 0.6357037037037039], [15, 20, 0.6347407407407408], [15, 25, 0.6351111111111112], [15, 30, 0.6351111111111112], [20, 1, 0.6357777777777779], [20, 5, 0.6357037037037039], [20, 10, 0.6352592592592594], [20, 15, 0.6357037037037039], [20, 20, 0.6352592592592594], [20, 25, 0.6354074074074075], [20, 30, 0.6353333333333334], [25, 1, 0.6360000000000001], [25, 5, 0.6355555555555557], [25, 10, 0.6352592592592594], [25, 15, 0.6352592592592594], [25, 20, 0.6354074074074075], [25, 25, 0.6349629629629631], [25, 30, 0.6349629629629631], [30, 1, 0.6357777777777779], [30, 5, 0.635925925925926], [30, 10, 0.6344444444444446], [30, 15, 0.6354074074074075], [30, 20, 0.6357037037037039], [30, 25, 0.6360740740740742], [30, 30, 0.6354074074074075]], "Random Start": [[1, 1, 0.499851851851852], [1, 5, 0.5084444444444446], [1, 10, 0.506888888888889], [1, 15, 0.5068148148148149], [1, 20, 0.5137777777777779], [1, 25, 0.5132592592592594], [1, 30, 0.511851851851852], [5, 1, 0.5023703703703705], [5, 5, 0.504888888888889], [5, 10, 0.5061481481481482], [5, 15, 0.4997777777777779], [5, 20, 0.5081481481481482], [5, 25, 0.5043703703703705], [5, 30, 0.5057037037037039], [10, 1, 0.49933333333333346], [10, 5, 0.5093333333333334], [10, 10, 0.5051851851851853], [10, 15, 0.5105185185185186], [10, 20, 0.5071851851851853], [10, 25, 0.5111111111111112], [10, 30, 0.5097037037037039], [15, 1, 0.4964444444444446], [15, 5, 0.5003703703703705], [15, 10, 0.5053333333333334], [15, 15, 0.5081481481481482], [15, 20, 0.5145925925925927], [15, 25, 0.5105185185185186], [15, 30, 0.5123703703703705], [20, 1, 0.5117037037037039], [20, 5, 0.5084444444444446], [20, 10, 0.5049629629629631], [20, 15, 0.500888888888889], [20, 20, 0.5160740740740742], [20, 25, 0.504888888888889], [20, 30, 0.5126666666666668], [25, 1, 0.5027407407407408], [25, 5, 0.505925925925926], [25, 10, 0.5031111111111113], [25, 15, 0.5063703703703705], [25, 20, 0.511925925925926], [25, 25, 0.5096296296296298], [25, 30, 0.5130370370370372], [30, 1, 0.5053333333333334], [30, 5, 0.5005925925925927], [30, 10, 0.5100000000000001], [30, 15, 0.5029629629629631], [30, 20, 0.5125925925925927], [30, 25, 0.5105185185185187], [30, 30, 0.5004444444444446]]}