{"Weight Start": [[1, 1, 0.6342222222222224], [1, 5, 0.6331851851851853], [1, 10, 0.6328888888888891], [1, 15, 0.6315555555555556], [1, 20, 0.6334814814814816], [1, 25, 0.6330370370370372], [1, 30, 0.6326666666666668], [5, 1, 0.6326666666666668], [5, 5, 0.6301481481481482], [5, 10, 0.6309629629629631], [5, 15, 0.6300740740740742], [5, 20, 0.6327407407407408], [5, 25, 0.6325925925925927], [5, 30, 0.6331111111111112], [10, 1, 0.6320000000000001], [10, 5, 0.6277777777777779], [10, 10, 0.6294074074074075], [10, 15, 0.6303703703703705], [10, 20, 0.6320740740740742], [10, 25, 0.6332592592592594], [10, 30, 0.6345185185185186], [15, 1, 0.6314814814814816], [15, 5, 0.6295555555555556], [15, 10, 0.6308148148148149], [15, 15, 0.6316296296296298], [15, 20, 0.6311851851851853], [15, 25, 0.6351111111111113], [15, 30, 0.6337777777777779], [20, 1, 0.630888888888889], [20, 5, 0.6290370370370372], [20, 10, 0.6305925925925927], [20, 15, 0.6304444444444446], [20, 20, 0.6320740740740742], [20, 25, 0.6351851851851853], [20, 30, 0.6357777777777779], [25, 1, 0.6271111111111113], [25, 5, 0.6264444444444446], [25, 10, 0.6305925925925927], [25, 15, 0.6348148148148149], [25, 20, 0.6334814814814816], [25, 25, 0.6349629629629631], [25, 30, 0.6351851851851853], [30, 1, 0.6300740740740742], [30, 5, 0.628888888888889], [30, 10, 0.6307407407407408], [30, 15, 0.6304444444444446], [30, 20, 0.6340740740740742], [30, 25, 0.6348148148148149], [30, 30, 0.6354814814814816]], "Random Start": [[1, 1, 0.5070370370370372], [1, 5, 0.5265185185185186], [1, 10, 0.5386666666666668], [1, 15, 0.5341481481481483], [1, 20, 0.5365925925925927], [1, 25, 0.5429629629629631], [1, 30, 0.5456296296296298], [5, 1, 0.5169629629629631], [5, 5, 0.5342222222222224], [5, 10, 0.5313333333333334], [5, 15, 0.5404444444444445], [5, 20, 0.5484444444444445], [5, 25, 0.5402962962962964], [5, 30, 0.5420000000000001], [10, 1, 0.5157777777777779], [10, 5, 0.5287407407407408], [10, 10, 0.5342962962962964], [10, 15, 0.5402962962962964], [10, 20, 0.5416296296296298], [10, 25, 0.5398518518518519], [10, 30, 0.5466666666666667], [15, 1, 0.5172592592592594], [15, 5, 0.5317037037037038], [15, 10, 0.5366666666666668], [15, 15, 0.5400740740740742], [15, 20, 0.5395555555555557], [15, 25, 0.5418518518518519], [15, 30, 0.5434074074074076], [20, 1, 0.5174074074074075], [20, 5, 0.5306666666666668], [20, 10, 0.5442962962962964], [20, 15, 0.540888888888889], [20, 20, 0.5451111111111112], [20, 25, 0.546888888888889], [20, 30, 0.5422222222222224], [25, 1, 0.5171851851851853], [25, 5, 0.5331111111111112], [25, 10, 0.5375555555555557], [25, 15, 0.5389629629629631], [25, 20, 0.5411851851851853], [25, 25, 0.546888888888889], [25, 30, 0.5441481481481483], [30, 1, 0.5183703703703705], [30, 5, 0.5294074074074075], [30, 10, 0.5360740740740741], [30, 15, 0.5371851851851853], [30, 20, 0.5451111111111112], [30, 25, 0.541925925925926], [30, 30, 0.548814814814815]]}