{"Weight Start": [[1, 1, 0.6349629629629631], [1, 5, 0.6306666666666668], [1, 10, 0.6305925925925927], [1, 15, 0.6317037037037039], [1, 20, 0.6309629629629631], [1, 25, 0.6320000000000001], [1, 30, 0.6320000000000001], [5, 1, 0.6300000000000001], [5, 5, 0.6309629629629631], [5, 10, 0.6326666666666668], [5, 15, 0.6320740740740742], [5, 20, 0.6340740740740742], [5, 25, 0.6351111111111112], [5, 30, 0.6381481481481482], [10, 1, 0.6284444444444446], [10, 5, 0.6294074074074075], [10, 10, 0.6305185185185186], [10, 15, 0.6343703703703705], [10, 20, 0.6348148148148149], [10, 25, 0.6355555555555557], [10, 30, 0.6374074074074075], [15, 1, 0.6268148148148149], [15, 5, 0.6296296296296298], [15, 10, 0.6321481481481482], [15, 15, 0.6335555555555556], [15, 20, 0.6370370370370372], [15, 25, 0.6394074074074075], [15, 30, 0.6400000000000001], [20, 1, 0.6282962962962965], [20, 5, 0.6291851851851853], [20, 10, 0.6315555555555556], [20, 15, 0.6335555555555556], [20, 20, 0.6368888888888891], [20, 25, 0.6402962962962965], [20, 30, 0.6411851851851853], [25, 1, 0.6285185185185186], [25, 5, 0.6307407407407408], [25, 10, 0.6320740740740742], [25, 15, 0.6361481481481482], [25, 20, 0.6375555555555557], [25, 25, 0.6382962962962964], [25, 30, 0.6414814814814817], [30, 1, 0.624962962962963], [30, 5, 0.6280000000000001], [30, 10, 0.6325925925925927], [30, 15, 0.633925925925926], [30, 20, 0.6394074074074075], [30, 25, 0.6405185185185186], [30, 30, 0.6401481481481482]], "Random Start": [[1, 1, 0.5233333333333334], [1, 5, 0.5425925925925927], [1, 10, 0.5511111111111112], [1, 15, 0.5580740740740742], [1, 20, 0.5598518518518519], [1, 25, 0.5668148148148149], [1, 30, 0.5652592592592594], [5, 1, 0.5263703703703705], [5, 5, 0.5508148148148149], [5, 10, 0.5605925925925928], [5, 15, 0.5654074074074076], [5, 20, 0.5660000000000002], [5, 25, 0.5658518518518519], [5, 30, 0.5683703703703705], [10, 1, 0.5244444444444446], [10, 5, 0.5513333333333335], [10, 10, 0.5514814814814816], [10, 15, 0.5613333333333335], [10, 20, 0.562888888888889], [10, 25, 0.5706666666666668], [10, 30, 0.5777037037037038], [15, 1, 0.5274074074074075], [15, 5, 0.5467407407407409], [15, 10, 0.5584444444444445], [15, 15, 0.5665185185185186], [15, 20, 0.5680740740740742], [15, 25, 0.5698518518518519], [15, 30, 0.5739259259259261], [20, 1, 0.5280740740740741], [20, 5, 0.553925925925926], [20, 10, 0.5641481481481483], [20, 15, 0.5701481481481483], [20, 20, 0.570888888888889], [20, 25, 0.5734074074074076], [20, 30, 0.5757777777777779], [25, 1, 0.5256296296296298], [25, 5, 0.5520740740740742], [25, 10, 0.5590370370370372], [25, 15, 0.5651111111111112], [25, 20, 0.5718518518518519], [25, 25, 0.5724444444444445], [25, 30, 0.5733333333333335], [30, 1, 0.5329629629629631], [30, 5, 0.555925925925926], [30, 10, 0.5618518518518519], [30, 15, 0.5636296296296298], [30, 20, 0.5708148148148149], [30, 25, 0.5722222222222224], [30, 30, 0.5760740740740742]]}