{"Weight Start": [[1, 1, 0.6356296296296298], [1, 5, 0.6345185185185187], [1, 10, 0.6329629629629631], [1, 15, 0.6334074074074075], [1, 20, 0.633851851851852], [1, 25, 0.6331851851851853], [1, 30, 0.6324444444444446], [5, 1, 0.6354074074074075], [5, 5, 0.6331111111111112], [5, 10, 0.6322222222222224], [5, 15, 0.6317777777777779], [5, 20, 0.6321481481481482], [5, 25, 0.6325925925925927], [5, 30, 0.6328888888888891], [10, 1, 0.6344444444444446], [10, 5, 0.6311851851851853], [10, 10, 0.6297777777777779], [10, 15, 0.6314814814814816], [10, 20, 0.6324444444444446], [10, 25, 0.6335555555555556], [10, 30, 0.6346666666666668], [15, 1, 0.6354814814814816], [15, 5, 0.6315555555555556], [15, 10, 0.6317777777777779], [15, 15, 0.6316296296296298], [15, 20, 0.6304444444444446], [15, 25, 0.6305925925925927], [15, 30, 0.6325185185185186], [20, 1, 0.6348148148148149], [20, 5, 0.6302222222222224], [20, 10, 0.6303703703703705], [20, 15, 0.631925925925926], [20, 20, 0.6327407407407408], [20, 25, 0.631851851851852], [20, 30, 0.6348888888888891], [25, 1, 0.6330370370370372], [25, 5, 0.6317777777777779], [25, 10, 0.6317777777777779], [25, 15, 0.6316296296296298], [25, 20, 0.6317037037037039], [25, 25, 0.6337037037037039], [25, 30, 0.6337037037037039], [30, 1, 0.6347407407407408], [30, 5, 0.6313333333333334], [30, 10, 0.6313333333333334], [30, 15, 0.6314074074074075], [30, 20, 0.6310370370370372], [30, 25, 0.6316296296296298], [30, 30, 0.6349629629629631]], "Random Start": [[1, 1, 0.5101481481481482], [1, 5, 0.5164444444444446], [1, 10, 0.5160740740740742], [1, 15, 0.5212592592592594], [1, 20, 0.5216296296296298], [1, 25, 0.5210370370370372], [1, 30, 0.5274814814814816], [5, 1, 0.5065925925925927], [5, 5, 0.5242222222222224], [5, 10, 0.5222222222222224], [5, 15, 0.517925925925926], [5, 20, 0.5226666666666668], [5, 25, 0.5210370370370372], [5, 30, 0.5290370370370372], [10, 1, 0.5097037037037038], [10, 5, 0.5205185185185186], [10, 10, 0.5313333333333334], [10, 15, 0.5207407407407408], [10, 20, 0.5240740740740741], [10, 25, 0.5246666666666668], [10, 30, 0.5257777777777779], [15, 1, 0.509925925925926], [15, 5, 0.5160740740740742], [15, 10, 0.5231851851851853], [15, 15, 0.515925925925926], [15, 20, 0.5222962962962964], [15, 25, 0.5275555555555557], [15, 30, 0.5264444444444446], [20, 1, 0.5100000000000001], [20, 5, 0.5225185185185186], [20, 10, 0.5245185185185186], [20, 15, 0.5322962962962964], [20, 20, 0.5255555555555557], [20, 25, 0.524814814814815], [20, 30, 0.5265925925925927], [25, 1, 0.5107407407407408], [25, 5, 0.521851851851852], [25, 10, 0.5160740740740742], [25, 15, 0.5217037037037038], [25, 20, 0.5261481481481483], [25, 25, 0.523851851851852], [25, 30, 0.5325925925925927], [30, 1, 0.5135555555555557], [30, 5, 0.519925925925926], [30, 10, 0.517851851851852], [30, 15, 0.5262222222222224], [30, 20, 0.5271111111111112], [30, 25, 0.5276296296296298], [30, 30, 0.5273333333333334]]}