{"Weight Start": [[1, 1, 0.6348888888888891], [1, 5, 0.6314074074074075], [1, 10, 0.6320000000000001], [1, 15, 0.633925925925926], [1, 20, 0.6321481481481482], [1, 25, 0.6316296296296298], [1, 30, 0.6325925925925927], [5, 1, 0.6331851851851853], [5, 5, 0.6294074074074075], [5, 10, 0.6302222222222224], [5, 15, 0.6305925925925927], [5, 20, 0.6320000000000001], [5, 25, 0.6337037037037039], [5, 30, 0.6323703703703705], [10, 1, 0.6327407407407408], [10, 5, 0.6300740740740742], [10, 10, 0.6300000000000001], [10, 15, 0.6304444444444446], [10, 20, 0.6291851851851853], [10, 25, 0.6332592592592594], [10, 30, 0.633851851851852], [15, 1, 0.6304444444444446], [15, 5, 0.6291851851851853], [15, 10, 0.6306666666666668], [15, 15, 0.6257777777777779], [15, 20, 0.6328888888888891], [15, 25, 0.633925925925926], [15, 30, 0.6331851851851853], [20, 1, 0.6299259259259261], [20, 5, 0.6270370370370372], [20, 10, 0.6283703703703705], [20, 15, 0.6281481481481482], [20, 20, 0.6305185185185186], [20, 25, 0.6331851851851853], [20, 30, 0.6334814814814816], [25, 1, 0.6306666666666668], [25, 5, 0.6261481481481482], [25, 10, 0.6288148148148149], [25, 15, 0.631851851851852], [25, 20, 0.6294074074074075], [25, 25, 0.6328888888888891], [25, 30, 0.6337037037037039], [30, 1, 0.630888888888889], [30, 5, 0.6285185185185187], [30, 10, 0.6314814814814816], [30, 15, 0.6306666666666668], [30, 20, 0.6304444444444446], [30, 25, 0.6330370370370372], [30, 30, 0.6347407407407408]], "Random Start": [[1, 1, 0.5152592592592594], [1, 5, 0.529851851851852], [1, 10, 0.5329629629629631], [1, 15, 0.5384444444444446], [1, 20, 0.5395555555555557], [1, 25, 0.541851851851852], [1, 30, 0.5355555555555557], [5, 1, 0.5136296296296298], [5, 5, 0.5335555555555557], [5, 10, 0.5355555555555557], [5, 15, 0.5371111111111112], [5, 20, 0.5445185185185186], [5, 25, 0.5491111111111112], [5, 30, 0.5464444444444446], [10, 1, 0.5100740740740742], [10, 5, 0.5331111111111112], [10, 10, 0.5367407407407409], [10, 15, 0.5355555555555557], [10, 20, 0.5415555555555557], [10, 25, 0.544888888888889], [10, 30, 0.5452592592592593], [15, 1, 0.5166666666666668], [15, 5, 0.5340740740740741], [15, 10, 0.5356296296296298], [15, 15, 0.5491851851851853], [15, 20, 0.5442962962962964], [15, 25, 0.5400000000000001], [15, 30, 0.5456296296296298], [20, 1, 0.5211851851851853], [20, 5, 0.5351111111111112], [20, 10, 0.5373333333333334], [20, 15, 0.5445925925925927], [20, 20, 0.537851851851852], [20, 25, 0.5490370370370372], [20, 30, 0.5451111111111112], [25, 1, 0.521925925925926], [25, 5, 0.536888888888889], [25, 10, 0.5405925925925927], [25, 15, 0.5430370370370372], [25, 20, 0.5440740740740742], [25, 25, 0.5445925925925927], [25, 30, 0.5467407407407409], [30, 1, 0.5194814814814817], [30, 5, 0.5317777777777779], [30, 10, 0.5325185185185186], [30, 15, 0.5376296296296298], [30, 20, 0.5414814814814816], [30, 25, 0.5483703703703705], [30, 30, 0.548888888888889]]}