{"Weight Start": [[1, 1, 0.6322962962962965], [1, 5, 0.629925925925926], [1, 10, 0.6305185185185186], [1, 15, 0.6282222222222223], [1, 20, 0.6307407407407408], [1, 25, 0.6326666666666668], [1, 30, 0.6308148148148149], [5, 1, 0.6280740740740742], [5, 5, 0.6293333333333334], [5, 10, 0.6307407407407408], [5, 15, 0.6328888888888891], [5, 20, 0.6337037037037039], [5, 25, 0.6361481481481482], [5, 30, 0.6342962962962965], [10, 1, 0.6274074074074075], [10, 5, 0.6293333333333334], [10, 10, 0.6315555555555556], [10, 15, 0.6305925925925927], [10, 20, 0.6352592592592594], [10, 25, 0.6369629629629631], [10, 30, 0.637851851851852], [15, 1, 0.6268148148148149], [15, 5, 0.6271851851851853], [15, 10, 0.6311111111111113], [15, 15, 0.6330370370370372], [15, 20, 0.6363703703703705], [15, 25, 0.637925925925926], [15, 30, 0.6384444444444446], [20, 1, 0.6252592592592594], [20, 5, 0.6265925925925927], [20, 10, 0.6303703703703705], [20, 15, 0.6342222222222224], [20, 20, 0.6345185185185187], [20, 25, 0.6385185185185187], [20, 30, 0.6394814814814817], [25, 1, 0.6276296296296298], [25, 5, 0.6284444444444446], [25, 10, 0.6314814814814816], [25, 15, 0.6351851851851853], [25, 20, 0.6365185185185186], [25, 25, 0.6391111111111112], [25, 30, 0.6385925925925927], [30, 1, 0.6254814814814816], [30, 5, 0.6270370370370372], [30, 10, 0.6342222222222224], [30, 15, 0.6349629629629631], [30, 20, 0.6385925925925927], [30, 25, 0.639925925925926], [30, 30, 0.6394074074074075]], "Random Start": [[1, 1, 0.525851851851852], [1, 5, 0.5404444444444446], [1, 10, 0.551925925925926], [1, 15, 0.5560000000000002], [1, 20, 0.5601481481481483], [1, 25, 0.5651111111111112], [1, 30, 0.5651111111111112], [5, 1, 0.522888888888889], [5, 5, 0.543925925925926], [5, 10, 0.5613333333333335], [5, 15, 0.5650370370370371], [5, 20, 0.5697777777777779], [5, 25, 0.5687407407407409], [5, 30, 0.5728148148148149], [10, 1, 0.5234074074074075], [10, 5, 0.5464444444444446], [10, 10, 0.5581481481481483], [10, 15, 0.5634814814814816], [10, 20, 0.5675555555555557], [10, 25, 0.5673333333333335], [10, 30, 0.5772592592592594], [15, 1, 0.5320000000000001], [15, 5, 0.548814814814815], [15, 10, 0.5602962962962964], [15, 15, 0.5609629629629631], [15, 20, 0.5717777777777779], [15, 25, 0.5674814814814816], [15, 30, 0.5732592592592594], [20, 1, 0.5264444444444446], [20, 5, 0.5525185185185186], [20, 10, 0.5580000000000002], [20, 15, 0.5673333333333335], [20, 20, 0.5654814814814816], [20, 25, 0.5708148148148149], [20, 30, 0.5771111111111112], [25, 1, 0.5229629629629631], [25, 5, 0.5536296296296298], [25, 10, 0.5536296296296297], [25, 15, 0.5651851851851853], [25, 20, 0.5729629629629631], [25, 25, 0.5720000000000002], [25, 30, 0.577851851851852], [30, 1, 0.5237777777777779], [30, 5, 0.5524444444444445], [30, 10, 0.5604444444444445], [30, 15, 0.5694814814814816], [30, 20, 0.5707407407407409], [30, 25, 0.5714074074074076], [30, 30, 0.5774074074074076]]}