{"Weight Start": [[1, 1, 0.6348148148148149], [1, 5, 0.633925925925926], [1, 10, 0.6322222222222224], [1, 15, 0.6314814814814816], [1, 20, 0.6310370370370372], [1, 25, 0.6340740740740742], [1, 30, 0.633851851851852], [5, 1, 0.6342962962962965], [5, 5, 0.6313333333333335], [5, 10, 0.6320000000000001], [5, 15, 0.630888888888889], [5, 20, 0.6324444444444446], [5, 25, 0.6325185185185187], [5, 30, 0.6334814814814816], [10, 1, 0.6332592592592594], [10, 5, 0.6317037037037039], [10, 10, 0.6333333333333334], [10, 15, 0.6301481481481482], [10, 20, 0.6312592592592594], [10, 25, 0.6291851851851853], [10, 30, 0.6321481481481482], [15, 1, 0.6346666666666668], [15, 5, 0.629925925925926], [15, 10, 0.6301481481481482], [15, 15, 0.6308148148148149], [15, 20, 0.6312592592592594], [15, 25, 0.6315555555555556], [15, 30, 0.6326666666666668], [20, 1, 0.6345185185185186], [20, 5, 0.6315555555555556], [20, 10, 0.629925925925926], [20, 15, 0.6305925925925927], [20, 20, 0.631925925925926], [20, 25, 0.6326666666666668], [20, 30, 0.6317777777777779], [25, 1, 0.6335555555555556], [25, 5, 0.6300000000000001], [25, 10, 0.6297037037037039], [25, 15, 0.6317777777777779], [25, 20, 0.6308148148148149], [25, 25, 0.6315555555555556], [25, 30, 0.6314074074074075], [30, 1, 0.6334814814814816], [30, 5, 0.6285925925925927], [30, 10, 0.6295555555555556], [30, 15, 0.6316296296296298], [30, 20, 0.6311851851851853], [30, 25, 0.6306666666666668], [30, 30, 0.6321481481481482]], "Random Start": [[1, 1, 0.5024444444444446], [1, 5, 0.520814814814815], [1, 10, 0.513851851851852], [1, 15, 0.5174074074074075], [1, 20, 0.520814814814815], [1, 25, 0.5176296296296298], [1, 30, 0.524888888888889], [5, 1, 0.513925925925926], [5, 5, 0.5122962962962964], [5, 10, 0.5154814814814817], [5, 15, 0.5221481481481483], [5, 20, 0.5254074074074075], [5, 25, 0.5285925925925927], [5, 30, 0.524888888888889], [10, 1, 0.5057037037037039], [10, 5, 0.5153333333333334], [10, 10, 0.516814814814815], [10, 15, 0.5182962962962965], [10, 20, 0.524814814814815], [10, 25, 0.5306666666666668], [10, 30, 0.5203703703703705], [15, 1, 0.5103703703703705], [15, 5, 0.5210370370370372], [15, 10, 0.5192592592592594], [15, 15, 0.5262222222222224], [15, 20, 0.5241481481481483], [15, 25, 0.5276296296296298], [15, 30, 0.531925925925926], [20, 1, 0.5100000000000001], [20, 5, 0.5168888888888891], [20, 10, 0.5150370370370372], [20, 15, 0.5249629629629631], [20, 20, 0.5307407407407408], [20, 25, 0.524814814814815], [20, 30, 0.526814814814815], [25, 1, 0.5131851851851853], [25, 5, 0.5161481481481482], [25, 10, 0.5241481481481483], [25, 15, 0.5240740740740741], [25, 20, 0.5274074074074075], [25, 25, 0.5231851851851853], [25, 30, 0.5286666666666667], [30, 1, 0.5120000000000001], [30, 5, 0.5166666666666668], [30, 10, 0.5185185185185186], [30, 15, 0.5307407407407408], [30, 20, 0.5240740740740741], [30, 25, 0.5244444444444446], [30, 30, 0.5200740740740742]]}