{"Weight Start": [[1, 1, 0.6323703703703705], [1, 5, 0.6286666666666668], [1, 10, 0.628888888888889], [1, 15, 0.6300740740740742], [1, 20, 0.6301481481481482], [1, 25, 0.6320740740740742], [1, 30, 0.6332592592592594], [5, 1, 0.6283703703703705], [5, 5, 0.626888888888889], [5, 10, 0.6310370370370372], [5, 15, 0.6328148148148149], [5, 20, 0.6374814814814816], [5, 25, 0.6371111111111112], [5, 30, 0.6404444444444446], [10, 1, 0.6271111111111113], [10, 5, 0.6308148148148149], [10, 10, 0.6314074074074075], [10, 15, 0.637925925925926], [10, 20, 0.6371111111111112], [10, 25, 0.6411111111111112], [10, 30, 0.6409629629629631], [15, 1, 0.624888888888889], [15, 5, 0.630888888888889], [15, 10, 0.6345925925925927], [15, 15, 0.6387407407407408], [15, 20, 0.639851851851852], [15, 25, 0.6400000000000001], [15, 30, 0.6420740740740742], [20, 1, 0.6251111111111113], [20, 5, 0.6272592592592594], [20, 10, 0.6365185185185187], [20, 15, 0.6391851851851853], [20, 20, 0.6417777777777779], [20, 25, 0.6409629629629631], [20, 30, 0.6412592592592594], [25, 1, 0.6215555555555556], [25, 5, 0.630888888888889], [25, 10, 0.6360000000000001], [25, 15, 0.6391111111111112], [25, 20, 0.640814814814815], [25, 25, 0.6425185185185186], [25, 30, 0.6440740740740742], [30, 1, 0.6240740740740742], [30, 5, 0.6282962962962965], [30, 10, 0.6375555555555557], [30, 15, 0.6412592592592594], [30, 20, 0.6406666666666668], [30, 25, 0.6430370370370372], [30, 30, 0.6434814814814817]], "Random Start": [[1, 1, 0.525851851851852], [1, 5, 0.5500000000000002], [1, 10, 0.5717037037037038], [1, 15, 0.5675555555555557], [1, 20, 0.5780000000000002], [1, 25, 0.5842222222222223], [1, 30, 0.5785185185185187], [5, 1, 0.531851851851852], [5, 5, 0.5663703703703705], [5, 10, 0.5771111111111112], [5, 15, 0.579851851851852], [5, 20, 0.5851111111111112], [5, 25, 0.587851851851852], [5, 30, 0.5879259259259261], [10, 1, 0.5357037037037038], [10, 5, 0.556814814814815], [10, 10, 0.5783703703703705], [10, 15, 0.5835555555555557], [10, 20, 0.589851851851852], [10, 25, 0.5907407407407409], [10, 30, 0.5956296296296297], [15, 1, 0.5377777777777779], [15, 5, 0.5645185185185186], [15, 10, 0.5755555555555557], [15, 15, 0.5828148148148149], [15, 20, 0.5902962962962964], [15, 25, 0.5906666666666668], [15, 30, 0.5979259259259261], [20, 1, 0.5337777777777779], [20, 5, 0.5642962962962964], [20, 10, 0.5760740740740742], [20, 15, 0.5851111111111112], [20, 20, 0.5892592592592594], [20, 25, 0.5946666666666668], [20, 30, 0.5992592592592594], [25, 1, 0.5362222222222224], [25, 5, 0.5658518518518519], [25, 10, 0.5767407407407409], [25, 15, 0.5842222222222223], [25, 20, 0.5890370370370371], [25, 25, 0.5939259259259261], [25, 30, 0.5957777777777779], [30, 1, 0.5342962962962964], [30, 5, 0.5685925925925928], [30, 10, 0.5783703703703705], [30, 15, 0.587777777777778], [30, 20, 0.5880740740740742], [30, 25, 0.594888888888889], [30, 30, 0.5942222222222223]]}