{"Weight Start": [[1, 1, 0.6354814814814816], [1, 5, 0.6348888888888891], [1, 10, 0.6348888888888891], [1, 15, 0.6348148148148149], [1, 20, 0.6348148148148149], [1, 25, 0.6345925925925927], [1, 30, 0.6348148148148149], [5, 1, 0.6353333333333334], [5, 5, 0.6354074074074075], [5, 10, 0.6351851851851853], [5, 15, 0.6348148148148149], [5, 20, 0.6344444444444446], [5, 25, 0.6346666666666668], [5, 30, 0.633851851851852], [10, 1, 0.6351851851851853], [10, 5, 0.6352592592592594], [10, 10, 0.6351851851851853], [10, 15, 0.6351111111111112], [10, 20, 0.6344444444444446], [10, 25, 0.6349629629629631], [10, 30, 0.6340740740740742], [15, 1, 0.6354814814814816], [15, 5, 0.6354814814814816], [15, 10, 0.6348148148148149], [15, 15, 0.6352592592592594], [15, 20, 0.6353333333333334], [15, 25, 0.6351851851851853], [15, 30, 0.6348888888888891], [20, 1, 0.6352592592592594], [20, 5, 0.6345925925925927], [20, 10, 0.6349629629629631], [20, 15, 0.6344444444444446], [20, 20, 0.6344444444444446], [20, 25, 0.6344444444444446], [20, 30, 0.6350370370370372], [25, 1, 0.6354814814814816], [25, 5, 0.6352592592592594], [25, 10, 0.6348148148148149], [25, 15, 0.6340740740740742], [25, 20, 0.6344444444444446], [25, 25, 0.6345925925925927], [25, 30, 0.6337777777777779], [30, 1, 0.6351851851851853], [30, 5, 0.6348888888888891], [30, 10, 0.6348888888888891], [30, 15, 0.6347407407407408], [30, 20, 0.6348888888888891], [30, 25, 0.6356296296296298], [30, 30, 0.6343703703703705]], "Random Start": [[1, 1, 0.5077777777777779], [1, 5, 0.5091851851851853], [1, 10, 0.505851851851852], [1, 15, 0.5051111111111113], [1, 20, 0.5124444444444446], [1, 25, 0.507851851851852], [1, 30, 0.5109629629629631], [5, 1, 0.5048148148148149], [5, 5, 0.511925925925926], [5, 10, 0.5090370370370372], [5, 15, 0.504888888888889], [5, 20, 0.5142962962962965], [5, 25, 0.5071851851851853], [5, 30, 0.505851851851852], [10, 1, 0.5065925925925927], [10, 5, 0.5115555555555557], [10, 10, 0.5080740740740742], [10, 15, 0.5022222222222223], [10, 20, 0.5047407407407408], [10, 25, 0.5064444444444446], [10, 30, 0.5105185185185186], [15, 1, 0.5017037037037039], [15, 5, 0.5114814814814816], [15, 10, 0.5091851851851853], [15, 15, 0.5037037037037038], [15, 20, 0.5104444444444446], [15, 25, 0.5110370370370372], [15, 30, 0.5126666666666668], [20, 1, 0.5075555555555556], [20, 5, 0.5091111111111113], [20, 10, 0.5070370370370372], [20, 15, 0.501925925925926], [20, 20, 0.5042962962962965], [20, 25, 0.5089629629629631], [20, 30, 0.5116296296296298], [25, 1, 0.5057037037037039], [25, 5, 0.5141481481481482], [25, 10, 0.5020740740740742], [25, 15, 0.5084444444444446], [25, 20, 0.5076296296296298], [25, 25, 0.5122222222222224], [25, 30, 0.5088888888888891], [30, 1, 0.5043703703703705], [30, 5, 0.5041481481481482], [30, 10, 0.501851851851852], [30, 15, 0.5072592592592594], [30, 20, 0.5083703703703705], [30, 25, 0.5086666666666668], [30, 30, 0.5105185185185186]]}