{"Weight Start": [[1, 1, 0.8947956989247312], [1, 5, 0.8997419354838709], [1, 10, 0.9033978494623656], [1, 15, 0.9074551971326165], [1, 20, 0.9084014336917563], [1, 25, 0.9136917562724014], [1, 30, 0.916100358422939], [5, 1, 0.8956559139784946], [5, 5, 0.9055627240143369], [5, 10, 0.9109820788530466], [5, 15, 0.9184086021505377], [5, 20, 0.9213906810035842], [5, 25, 0.9232401433691756], [5, 30, 0.9255197132616487], [10, 1, 0.8945089605734767], [10, 5, 0.9079139784946236], [10, 10, 0.9177204301075269], [10, 15, 0.920573476702509], [10, 20, 0.9241577060931899], [10, 25, 0.9280573476702508], [10, 30, 0.9285161290322581], [15, 1, 0.8937921146953406], [15, 5, 0.910752688172043], [15, 10, 0.9187956989247311], [15, 15, 0.9215627240143368], [15, 20, 0.9244014336917562], [15, 25, 0.9278136200716846], [15, 30, 0.9295483870967742], [20, 1, 0.8942508960573476], [20, 5, 0.9056917562724015], [20, 10, 0.9178924731182796], [20, 15, 0.921921146953405], [20, 20, 0.9264659498207886], [20, 25, 0.9277132616487456], [20, 30, 0.9323584229390681], [25, 1, 0.8955985663082437], [25, 5, 0.9096487455197133], [25, 10, 0.9184086021505377], [25, 15, 0.9230250896057348], [25, 20, 0.9281720430107527], [25, 25, 0.9312258064516129], [25, 30, 0.9306810035842293], [30, 1, 0.8957992831541219], [30, 5, 0.9106093189964157], [30, 10, 0.9187383512544803], [30, 15, 0.9230394265232974], [30, 20, 0.9263512544802868], [30, 25, 0.9295197132616487], [30, 30, 0.9324731182795699]], "Random Start": [[1, 1, 0.6240573476702509], [1, 5, 0.667483870967742], [1, 10, 0.6834551971326165], [1, 15, 0.6893620071684587], [1, 20, 0.7119139784946237], [1, 25, 0.7098351254480286], [1, 30, 0.7230250896057347], [5, 1, 0.6306093189964157], [5, 5, 0.6824516129032258], [5, 10, 0.7007025089605734], [5, 15, 0.7130465949820788], [5, 20, 0.728057347670251], [5, 25, 0.7194121863799283], [5, 30, 0.7363010752688172], [10, 1, 0.6325017921146954], [10, 5, 0.6907670250896056], [10, 10, 0.710752688172043], [10, 15, 0.7147240143369176], [10, 20, 0.7171612903225806], [10, 25, 0.7261505376344086], [10, 30, 0.7376487455197132], [15, 1, 0.6360573476702509], [15, 5, 0.687426523297491], [15, 10, 0.7197992831541218], [15, 15, 0.7081433691756271], [15, 20, 0.7238996415770609], [15, 25, 0.7205878136200716], [15, 30, 0.7364874551971325], [20, 1, 0.6315412186379928], [20, 5, 0.6917849462365591], [20, 10, 0.7073835125448028], [20, 15, 0.7311254480286737], [20, 20, 0.7270537634408601], [20, 25, 0.728358422939068], [20, 30, 0.7302508960573476], [25, 1, 0.6373046594982079], [25, 5, 0.6903655913978495], [25, 10, 0.7042437275985662], [25, 15, 0.7179354838709677], [25, 20, 0.7198566308243727], [25, 25, 0.7227240143369176], [25, 30, 0.7336057347670251], [30, 1, 0.6458207885304659], [30, 5, 0.6863655913978495], [30, 10, 0.6994982078853047], [30, 15, 0.7227240143369176], [30, 20, 0.730953405017921], [30, 25, 0.7328172043010752], [30, 30, 0.7362724014336918]]}