{"Weight Start": [[1, 1, 0.8996702508960573], [1, 5, 0.9141935483870968], [1, 10, 0.9228243727598566], [1, 15, 0.9289749103942652], [1, 20, 0.934179211469534], [1, 25, 0.9377491039426523], [1, 30, 0.9413046594982079], [5, 1, 0.9040430107526882], [5, 5, 0.9312688172043011], [5, 10, 0.9408745519713262], [5, 15, 0.9443727598566307], [5, 20, 0.9486594982078853], [5, 25, 0.9494480286738352], [5, 30, 0.9518709677419355], [10, 1, 0.9116415770609319], [10, 5, 0.9339354838709677], [10, 10, 0.9431397849462365], [10, 15, 0.9483297491039426], [10, 20, 0.9499784946236559], [10, 25, 0.9514121863799283], [10, 30, 0.9535340501792114], [15, 1, 0.9068673835125448], [15, 5, 0.9376487455197132], [15, 10, 0.9452186379928316], [15, 15, 0.9488745519713262], [15, 20, 0.9526308243727598], [15, 25, 0.9541075268817204], [15, 30, 0.9542939068100358], [20, 1, 0.9099784946236559], [20, 5, 0.9370035842293907], [20, 10, 0.9457491039426523], [20, 15, 0.9503512544802867], [20, 20, 0.9528028673835125], [20, 25, 0.954336917562724], [20, 30, 0.9552831541218638], [25, 1, 0.9115412186379929], [25, 5, 0.9396702508960574], [25, 10, 0.9461075268817204], [25, 15, 0.9504086021505376], [25, 20, 0.9523584229390681], [25, 25, 0.9536917562724014], [25, 30, 0.9555555555555556], [30, 1, 0.9100071684587814], [30, 5, 0.9384372759856631], [30, 10, 0.9481146953405017], [30, 15, 0.9504802867383512], [30, 20, 0.953089605734767], [30, 25, 0.9544086021505376], [30, 30, 0.9549534050179211]], "Random Start": [[1, 1, 0.6763297491039426], [1, 5, 0.7684014336917563], [1, 10, 0.8071254480286738], [1, 15, 0.8334193548387097], [1, 20, 0.8417777777777777], [1, 25, 0.8590681003584228], [1, 30, 0.8619498207885303], [5, 1, 0.7192401433691756], [5, 5, 0.8171612903225806], [5, 10, 0.8506379928315412], [5, 15, 0.8627240143369175], [5, 20, 0.8767025089605734], [5, 25, 0.8779211469534048], [5, 30, 0.8814623655913978], [10, 1, 0.7284874551971325], [10, 5, 0.8240573476702509], [10, 10, 0.8486881720430107], [10, 15, 0.8655770609318996], [10, 20, 0.872415770609319], [10, 25, 0.8847885304659497], [10, 30, 0.8956272401433691], [15, 1, 0.7343799283154122], [15, 5, 0.8173046594982079], [15, 10, 0.8504659498207885], [15, 15, 0.8722150537634409], [15, 20, 0.8811469534050178], [15, 25, 0.8864946236559139], [15, 30, 0.8951827956989247], [20, 1, 0.73984229390681], [20, 5, 0.8362150537634407], [20, 10, 0.8634408602150537], [20, 15, 0.8792401433691756], [20, 20, 0.8800286738351254], [20, 25, 0.8880286738351254], [20, 30, 0.8959856630824372], [25, 1, 0.7329175627240143], [25, 5, 0.8300645161290322], [25, 10, 0.8624946236559139], [25, 15, 0.8786093189964157], [25, 20, 0.8899641577060932], [25, 25, 0.8904229390681003], [25, 30, 0.896100358422939], [30, 1, 0.7459928315412186], [30, 5, 0.8382365591397849], [30, 10, 0.8606308243727597], [30, 15, 0.8760716845878136], [30, 20, 0.8915842293906809], [30, 25, 0.8896774193548387], [30, 30, 0.897663082437276]]}