{"Weight Start": [[1, 1, 0.893663082437276], [1, 5, 0.9152544802867383], [1, 10, 0.9252329749103942], [1, 15, 0.9346236559139784], [1, 20, 0.9380931899641577], [1, 25, 0.943426523297491], [1, 30, 0.9445448028673835], [5, 1, 0.9080430107526881], [5, 5, 0.9340071684587814], [5, 10, 0.9476702508960574], [5, 15, 0.9509534050179211], [5, 20, 0.953505376344086], [5, 25, 0.9538351254480286], [5, 30, 0.9558996415770609], [10, 1, 0.9113691756272401], [10, 5, 0.9427240143369175], [10, 10, 0.9484874551971326], [10, 15, 0.9530609318996416], [10, 20, 0.954853046594982], [10, 25, 0.956258064516129], [10, 30, 0.956931899641577], [15, 1, 0.9144659498207885], [15, 5, 0.9440716845878135], [15, 10, 0.9511971326164874], [15, 15, 0.9545806451612903], [15, 20, 0.9556702508960574], [15, 25, 0.9556989247311828], [15, 30, 0.956516129032258], [20, 1, 0.9154265232974911], [20, 5, 0.9443154121863798], [20, 10, 0.9521863799283155], [20, 15, 0.9544229390681004], [20, 20, 0.9566881720430107], [20, 25, 0.9566021505376344], [20, 30, 0.9572043010752689], [25, 1, 0.9154121863799283], [25, 5, 0.9463225806451613], [25, 10, 0.9530035842293907], [25, 15, 0.9552258064516129], [25, 20, 0.9562007168458782], [25, 25, 0.9569892473118279], [25, 30, 0.9574193548387097], [30, 1, 0.9158136200716845], [30, 5, 0.945347670250896], [30, 10, 0.9537204301075268], [30, 15, 0.9557992831541219], [30, 20, 0.9568172043010752], [30, 25, 0.9572043010752688], [30, 30, 0.9575770609318996]], "Random Start": [[1, 1, 0.705247311827957], [1, 5, 0.8014050179211469], [1, 10, 0.8494193548387097], [1, 15, 0.8632974910394265], [1, 20, 0.8789677419354839], [1, 25, 0.8940071684587814], [1, 30, 0.8944516129032257], [5, 1, 0.7591971326164874], [5, 5, 0.8584659498207885], [5, 10, 0.8880286738351254], [5, 15, 0.8976630824372759], [5, 20, 0.9078996415770609], [5, 25, 0.9126308243727598], [5, 30, 0.9130609318996414], [10, 1, 0.7668100358422939], [10, 5, 0.8598996415770609], [10, 10, 0.8981075268817204], [10, 15, 0.9061648745519713], [10, 20, 0.916673835125448], [10, 25, 0.9200430107526881], [10, 30, 0.9256344086021505], [15, 1, 0.7729175627240144], [15, 5, 0.8669677419354839], [15, 10, 0.8940501792114695], [15, 15, 0.9094480286738351], [15, 20, 0.9182365591397849], [15, 25, 0.922494623655914], [15, 30, 0.9314982078853046], [20, 1, 0.7781792114695341], [20, 5, 0.8697491039426524], [20, 10, 0.8999999999999999], [20, 15, 0.9119713261648745], [20, 20, 0.9200286738351253], [20, 25, 0.9261505376344085], [20, 30, 0.9299498207885304], [25, 1, 0.7683440860215054], [25, 5, 0.8735627240143369], [25, 10, 0.9016344086021505], [25, 15, 0.9136774193548386], [25, 20, 0.9181075268817204], [25, 25, 0.9244874551971325], [25, 30, 0.9301218637992831], [30, 1, 0.7698781362007168], [30, 5, 0.8786523297491039], [30, 10, 0.9023369175627239], [30, 15, 0.9161720430107526], [30, 20, 0.9229247311827957], [30, 25, 0.9265663082437275], [30, 30, 0.9305089605734767]]}