{"Weight Start": [[1, 1, 0.8947096774193549], [1, 5, 0.9056774193548387], [1, 10, 0.9128172043010753], [1, 15, 0.9145376344086021], [1, 20, 0.9189390681003584], [1, 25, 0.925347670250896], [1, 30, 0.9285591397849462], [5, 1, 0.8988673835125448], [5, 5, 0.9154408602150537], [5, 10, 0.9281577060931899], [5, 15, 0.9306093189964157], [5, 20, 0.93584229390681], [5, 25, 0.9384659498207885], [5, 30, 0.9400430107526881], [10, 1, 0.8993118279569893], [10, 5, 0.9194551971326165], [10, 10, 0.9308960573476702], [10, 15, 0.9357992831541219], [10, 20, 0.9401720430107526], [10, 25, 0.9411182795698925], [10, 30, 0.9442867383512544], [15, 1, 0.8985232974910394], [15, 5, 0.9234551971326165], [15, 10, 0.9339354838709677], [15, 15, 0.9372186379928316], [15, 20, 0.9388100358422938], [15, 25, 0.9438422939068101], [15, 30, 0.9435555555555556], [20, 1, 0.9011039426523297], [20, 5, 0.922695340501792], [20, 10, 0.9327885304659498], [20, 15, 0.9366451612903226], [20, 20, 0.9402007168458781], [20, 25, 0.9451182795698925], [20, 30, 0.9456917562724014], [25, 1, 0.8955412186379929], [25, 5, 0.9241290322580645], [25, 10, 0.9344086021505376], [25, 15, 0.9406021505376344], [25, 20, 0.9409032258064516], [25, 25, 0.9445734767025089], [25, 30, 0.9460645161290322], [30, 1, 0.9018494623655915], [30, 5, 0.9247025089605735], [30, 10, 0.9336774193548386], [30, 15, 0.9387240143369175], [30, 20, 0.9418637992831541], [30, 25, 0.9445017921146953], [30, 30, 0.9475268817204301]], "Random Start": [[1, 1, 0.6222939068100358], [1, 5, 0.705763440860215], [1, 10, 0.7453906810035842], [1, 15, 0.7563154121863799], [1, 20, 0.7698781362007169], [1, 25, 0.7852329749103942], [1, 30, 0.7924444444444444], [5, 1, 0.6717275985663083], [5, 5, 0.7496487455197133], [5, 10, 0.7614767025089606], [5, 15, 0.7840860215053763], [5, 20, 0.8031541218637992], [5, 25, 0.801089605734767], [5, 30, 0.8084587813620071], [10, 1, 0.6716559139784946], [10, 5, 0.751268817204301], [10, 10, 0.7716702508960573], [10, 15, 0.7937347670250896], [10, 20, 0.801505376344086], [10, 25, 0.8048745519713261], [10, 30, 0.819584229390681], [15, 1, 0.6837992831541219], [15, 5, 0.7574050179211469], [15, 10, 0.7749247311827957], [15, 15, 0.7968888888888889], [15, 20, 0.7978207885304659], [15, 25, 0.8030967741935483], [15, 30, 0.8149103942652329], [20, 1, 0.6745519713261648], [20, 5, 0.7513118279569893], [20, 10, 0.792516129032258], [20, 15, 0.7928172043010753], [20, 20, 0.8064802867383513], [20, 25, 0.8141935483870968], [20, 30, 0.8178064516129032], [25, 1, 0.6775627240143368], [25, 5, 0.7639713261648745], [25, 10, 0.7874695340501792], [25, 15, 0.7971326164874551], [25, 20, 0.8024659498207884], [25, 25, 0.8134910394265232], [25, 30, 0.8152544802867383], [30, 1, 0.6700215053763441], [30, 5, 0.7557132616487455], [30, 10, 0.7831827956989247], [30, 15, 0.7919713261648745], [30, 20, 0.8047311827956989], [30, 25, 0.8133189964157705], [30, 30, 0.826853046594982]]}