{"Weight Start": [[1, 1, 0.8883440860215054], [1, 5, 0.8989390681003584], [1, 10, 0.9100645161290323], [1, 15, 0.915584229390681], [1, 20, 0.9190537634408602], [1, 25, 0.9235555555555556], [1, 30, 0.9222222222222222], [5, 1, 0.8917562724014337], [5, 5, 0.9135197132616488], [5, 10, 0.9269964157706093], [5, 15, 0.931010752688172], [5, 20, 0.9354551971326165], [5, 25, 0.939326164874552], [5, 30, 0.9380645161290323], [10, 1, 0.8944516129032258], [10, 5, 0.9215197132616487], [10, 10, 0.9304086021505377], [10, 15, 0.935584229390681], [10, 20, 0.938078853046595], [10, 25, 0.9414623655913978], [10, 30, 0.9431397849462365], [15, 1, 0.8976344086021505], [15, 5, 0.9225663082437275], [15, 10, 0.9328745519713262], [15, 15, 0.9334050179211469], [15, 20, 0.9405591397849462], [15, 25, 0.9430250896057347], [15, 30, 0.9443870967741935], [20, 1, 0.8947383512544803], [20, 5, 0.9201433691756272], [20, 10, 0.9315412186379928], [20, 15, 0.9363440860215053], [20, 20, 0.9402150537634408], [20, 25, 0.9427383512544802], [20, 30, 0.9461505376344086], [25, 1, 0.8971612903225806], [25, 5, 0.9188100358422938], [25, 10, 0.9313978494623656], [25, 15, 0.9381362007168459], [25, 20, 0.9420501792114695], [25, 25, 0.941347670250896], [25, 30, 0.9459068100358423], [30, 1, 0.8975770609318996], [30, 5, 0.9211756272401433], [30, 10, 0.9340931899641577], [30, 15, 0.9391971326164874], [30, 20, 0.9408602150537634], [30, 25, 0.9434551971326165], [30, 30, 0.9462652329749104]], "Random Start": [[1, 1, 0.6538351254480286], [1, 5, 0.7059641577060931], [1, 10, 0.7467096774193548], [1, 15, 0.7629964157706093], [1, 20, 0.7814050179211469], [1, 25, 0.7840573476702508], [1, 30, 0.7845017921146953], [5, 1, 0.6738351254480286], [5, 5, 0.7506379928315412], [5, 10, 0.7760430107526881], [5, 15, 0.782437275985663], [5, 20, 0.8015340501792114], [5, 25, 0.8070967741935483], [5, 30, 0.8124444444444444], [10, 1, 0.6721720430107526], [10, 5, 0.7544802867383512], [10, 10, 0.7734193548387096], [10, 15, 0.7893620071684587], [10, 20, 0.798494623655914], [10, 25, 0.8149964157706093], [10, 30, 0.8205878136200716], [15, 1, 0.6764444444444444], [15, 5, 0.758494623655914], [15, 10, 0.7807168458781362], [15, 15, 0.8110394265232975], [15, 20, 0.8059641577060931], [15, 25, 0.8061935483870968], [15, 30, 0.8135340501792114], [20, 1, 0.6876845878136201], [20, 5, 0.7558853046594982], [20, 10, 0.7785663082437276], [20, 15, 0.7894336917562723], [20, 20, 0.7974336917562723], [20, 25, 0.8163727598566307], [20, 30, 0.8117132616487455], [25, 1, 0.6912401433691756], [25, 5, 0.7609749103942652], [25, 10, 0.793763440860215], [25, 15, 0.7974050179211469], [25, 20, 0.8025806451612902], [25, 25, 0.8168458781362007], [25, 30, 0.8166308243727598], [30, 1, 0.6745089605734766], [30, 5, 0.7550967741935484], [30, 10, 0.7782939068100359], [30, 15, 0.790179211469534], [30, 20, 0.8056487455197132], [30, 25, 0.8189390681003583], [30, 30, 0.8324014336917562]]}