{"Weight Start": [[1, 1, 0.8861075268817205], [1, 5, 0.8880430107526882], [1, 10, 0.888888888888889], [1, 15, 0.8887168458781363], [1, 20, 0.8922724014336918], [1, 25, 0.8909964157706093], [1, 30, 0.8925017921146954], [5, 1, 0.8861935483870969], [5, 5, 0.8876272401433692], [5, 10, 0.8891899641577061], [5, 15, 0.8894623655913979], [5, 20, 0.8928745519713261], [5, 25, 0.8905806451612903], [5, 30, 0.8946666666666667], [10, 1, 0.8863799283154122], [10, 5, 0.886752688172043], [10, 10, 0.8886881720430108], [10, 15, 0.8909820788530466], [10, 20, 0.8889605734767025], [10, 25, 0.8915125448028675], [10, 30, 0.8925304659498208], [15, 1, 0.8855913978494624], [15, 5, 0.8877849462365591], [15, 10, 0.8880860215053764], [15, 15, 0.8906236559139785], [15, 20, 0.8915268817204302], [15, 25, 0.8897777777777778], [15, 30, 0.890494623655914], [20, 1, 0.8857204301075269], [20, 5, 0.8873978494623656], [20, 10, 0.8893763440860215], [20, 15, 0.8904372759856631], [20, 20, 0.888731182795699], [20, 25, 0.8913118279569893], [20, 30, 0.8892329749103943], [25, 1, 0.8859354838709678], [25, 5, 0.8863655913978494], [25, 10, 0.8878422939068101], [25, 15, 0.8890179211469534], [25, 20, 0.8902939068100358], [25, 25, 0.8917562724014337], [25, 30, 0.891068100358423], [30, 1, 0.8868387096774194], [30, 5, 0.8864516129032258], [30, 10, 0.8897921146953405], [30, 15, 0.8889462365591398], [30, 20, 0.8927598566308244], [30, 25, 0.8932903225806452], [30, 30, 0.8928602150537635]], "Random Start": [[1, 1, 0.6105519713261649], [1, 5, 0.623426523297491], [1, 10, 0.6305519713261648], [1, 15, 0.6204587813620072], [1, 20, 0.6421648745519714], [1, 25, 0.6376774193548387], [1, 30, 0.6236272401433691], [5, 1, 0.6107956989247312], [5, 5, 0.6187670250896057], [5, 10, 0.6378924731182796], [5, 15, 0.6163440860215054], [5, 20, 0.6333906810035842], [5, 25, 0.6318996415770609], [5, 30, 0.612831541218638], [10, 1, 0.6115842293906809], [10, 5, 0.6228387096774193], [10, 10, 0.6215770609318997], [10, 15, 0.6201433691756273], [10, 20, 0.6255197132616487], [10, 25, 0.6244731182795699], [10, 30, 0.6360430107526882], [15, 1, 0.5983655913978494], [15, 5, 0.6274982078853046], [15, 10, 0.6278279569892473], [15, 15, 0.6401720430107527], [15, 20, 0.6295770609318996], [15, 25, 0.6269677419354839], [15, 30, 0.6281003584229391], [20, 1, 0.613863799283154], [20, 5, 0.6323870967741936], [20, 10, 0.6309103942652329], [20, 15, 0.6267813620071684], [20, 20, 0.6310250896057348], [20, 25, 0.626179211469534], [20, 30, 0.6377921146953405], [25, 1, 0.6062795698924731], [25, 5, 0.624258064516129], [25, 10, 0.6135197132616488], [25, 15, 0.6328602150537634], [25, 20, 0.6287598566308243], [25, 25, 0.6370179211469533], [25, 30, 0.6329892473118279], [30, 1, 0.6004301075268816], [30, 5, 0.617405017921147], [30, 10, 0.6090465949820788], [30, 15, 0.6306236559139784], [30, 20, 0.6258494623655914], [30, 25, 0.628415770609319], [30, 30, 0.6334050179211469]]}