{"Weight Start": [[1, 1, 0.8984229390681003], [1, 5, 0.916673835125448], [1, 10, 0.9311111111111111], [1, 15, 0.9389390681003584], [1, 20, 0.9396702508960574], [1, 25, 0.9444301075268817], [1, 30, 0.9477132616487455], [5, 1, 0.9107956989247311], [5, 5, 0.9379354838709677], [5, 10, 0.9474838709677419], [5, 15, 0.9508960573476702], [5, 20, 0.9530609318996416], [5, 25, 0.9538351254480286], [5, 30, 0.9558996415770609], [10, 1, 0.9140215053763441], [10, 5, 0.941347670250896], [10, 10, 0.9497060931899641], [10, 15, 0.953089605734767], [10, 20, 0.9557275985663083], [10, 25, 0.9559856630824373], [10, 30, 0.9568888888888889], [15, 1, 0.9155125448028674], [15, 5, 0.9429820788530465], [15, 10, 0.951168458781362], [15, 15, 0.9540358422939068], [15, 20, 0.9556559139784946], [15, 25, 0.9568458781362007], [15, 30, 0.957247311827957], [20, 1, 0.9190681003584229], [20, 5, 0.9465232974910394], [20, 10, 0.9522150537634408], [20, 15, 0.9543225806451613], [20, 20, 0.9560716845878137], [20, 25, 0.9566451612903225], [20, 30, 0.9575340501792114], [25, 1, 0.9187813620071685], [25, 5, 0.9451899641577061], [25, 10, 0.9521433691756273], [25, 15, 0.9553548387096774], [25, 20, 0.9565734767025089], [25, 25, 0.9570035842293907], [25, 30, 0.9575770609318996], [30, 1, 0.9160430107526881], [30, 5, 0.9464086021505376], [30, 10, 0.9538064516129032], [30, 15, 0.9551827956989247], [30, 20, 0.9567598566308243], [30, 25, 0.9575053763440861], [30, 30, 0.9578207885304659]], "Random Start": [[1, 1, 0.6978207885304659], [1, 5, 0.8043440860215053], [1, 10, 0.8462365591397849], [1, 15, 0.8669534050179211], [1, 20, 0.8749103942652329], [1, 25, 0.8872831541218638], [1, 30, 0.8942939068100358], [5, 1, 0.761405017921147], [5, 5, 0.8604874551971325], [5, 10, 0.8877419354838709], [5, 15, 0.8979498207885304], [5, 20, 0.9024659498207884], [5, 25, 0.9161146953405017], [5, 30, 0.9147096774193548], [10, 1, 0.7564731182795699], [10, 5, 0.8650179211469534], [10, 10, 0.8934050179211469], [10, 15, 0.9073835125448028], [10, 20, 0.9182939068100358], [10, 25, 0.9158566308243726], [10, 30, 0.9230250896057346], [15, 1, 0.7740931899641577], [15, 5, 0.8684874551971326], [15, 10, 0.8948817204301075], [15, 15, 0.9124731182795698], [15, 20, 0.917863799283154], [15, 25, 0.921605734767025], [15, 30, 0.9243727598566308], [20, 1, 0.7689462365591397], [20, 5, 0.8697347670250896], [20, 10, 0.9013189964157705], [20, 15, 0.9092759856630823], [20, 20, 0.919010752688172], [20, 25, 0.927942652329749], [20, 30, 0.9271111111111111], [25, 1, 0.781763440860215], [25, 5, 0.8691182795698924], [25, 10, 0.904673835125448], [25, 15, 0.9126881720430107], [25, 20, 0.9203870967741935], [25, 25, 0.9267956989247311], [25, 30, 0.9320573476702508], [30, 1, 0.7817204301075268], [30, 5, 0.8733763440860214], [30, 10, 0.904358422939068], [30, 15, 0.9164301075268816], [30, 20, 0.9244731182795698], [30, 25, 0.9288458781362006], [30, 30, 0.932774193548387]]}