{"Weight Start": [[1, 1, 0.8927741935483872], [1, 5, 0.8952688172043011], [1, 10, 0.8954551971326166], [1, 15, 0.8961290322580645], [1, 20, 0.896], [1, 25, 0.89584229390681], [1, 30, 0.8970035842293907], [5, 1, 0.8930752688172043], [5, 5, 0.8936344086021506], [5, 10, 0.8944659498207885], [5, 15, 0.8966021505376345], [5, 20, 0.8956272401433693], [5, 25, 0.8975627240143369], [5, 30, 0.897247311827957], [10, 1, 0.8929462365591398], [10, 5, 0.8945806451612903], [10, 10, 0.8947956989247312], [10, 15, 0.8953835125448029], [10, 20, 0.8972903225806452], [10, 25, 0.8984516129032258], [10, 30, 0.8990967741935484], [15, 1, 0.8932903225806452], [15, 5, 0.8941075268817205], [15, 10, 0.8936774193548387], [15, 15, 0.8983082437275985], [15, 20, 0.8962150537634409], [15, 25, 0.8972903225806452], [15, 30, 0.9003154121863799], [20, 1, 0.8938064516129033], [20, 5, 0.8945806451612903], [20, 10, 0.8964874551971327], [20, 15, 0.8967025089605736], [20, 20, 0.8980215053763441], [20, 25, 0.8968172043010753], [20, 30, 0.8973763440860215], [25, 1, 0.8932043010752688], [25, 5, 0.8942222222222223], [25, 10, 0.8949677419354839], [25, 15, 0.8942795698924731], [25, 20, 0.8975340501792115], [25, 25, 0.8988960573476703], [25, 30, 0.8991541218637993], [30, 1, 0.8932903225806452], [30, 5, 0.8927741935483872], [30, 10, 0.8976774193548387], [30, 15, 0.8966881720430108], [30, 20, 0.8976774193548387], [30, 25, 0.8988387096774194], [30, 30, 0.8969032258064517]], "Random Start": [[1, 1, 0.6018494623655913], [1, 5, 0.6268243727598566], [1, 10, 0.6221218637992831], [1, 15, 0.6312401433691757], [1, 20, 0.6289605734767025], [1, 25, 0.6404444444444445], [1, 30, 0.6407025089605735], [5, 1, 0.6091326164874552], [5, 5, 0.6221218637992831], [5, 10, 0.6302795698924731], [5, 15, 0.61568458781362], [5, 20, 0.6332043010752688], [5, 25, 0.6259498207885305], [5, 30, 0.6330609318996416], [10, 1, 0.601347670250896], [10, 5, 0.6212186379928315], [10, 10, 0.6221218637992831], [10, 15, 0.623584229390681], [10, 20, 0.6263942652329749], [10, 25, 0.6300071684587814], [10, 30, 0.6309534050179211], [15, 1, 0.6036702508960573], [15, 5, 0.6088458781362007], [15, 10, 0.6248315412186379], [15, 15, 0.616931899641577], [15, 20, 0.6450322580645161], [15, 25, 0.6385089605734767], [15, 30, 0.6409032258064515], [20, 1, 0.6168315412186379], [20, 5, 0.6171756272401433], [20, 10, 0.6209462365591397], [20, 15, 0.6141218637992831], [20, 20, 0.6427956989247312], [20, 25, 0.6352974910394265], [20, 30, 0.6328602150537634], [25, 1, 0.6054623655913978], [25, 5, 0.618336917562724], [25, 10, 0.6103082437275985], [25, 15, 0.6266523297491039], [25, 20, 0.6336200716845878], [25, 25, 0.6323870967741935], [25, 30, 0.6352688172043011], [30, 1, 0.6017921146953404], [30, 5, 0.6135483870967742], [30, 10, 0.6307813620071684], [30, 15, 0.6287025089605734], [30, 20, 0.6382365591397849], [30, 25, 0.6258924731182796], [30, 30, 0.6199856630824372]]}