{"Weight Start": [[1, 1, 0.8914695340501793], [1, 5, 0.907641577060932], [1, 10, 0.9174050179211469], [1, 15, 0.9264086021505377], [1, 20, 0.9337204301075268], [1, 25, 0.9360143369175628], [1, 30, 0.9383512544802868], [5, 1, 0.8972329749103942], [5, 5, 0.9293189964157706], [5, 10, 0.9429964157706093], [5, 15, 0.9460071684587813], [5, 20, 0.9468100358422938], [5, 25, 0.9509103942652329], [5, 30, 0.9511397849462365], [10, 1, 0.9024229390681003], [10, 5, 0.9356702508960573], [10, 10, 0.9437132616487455], [10, 15, 0.9472114695340501], [10, 20, 0.950494623655914], [10, 25, 0.952], [10, 30, 0.9539784946236559], [15, 1, 0.905505376344086], [15, 5, 0.9357562724014337], [15, 10, 0.9453906810035841], [15, 15, 0.9508673835125447], [15, 20, 0.9523154121863798], [15, 25, 0.953562724014337], [15, 30, 0.9546523297491039], [20, 1, 0.9050035842293906], [20, 5, 0.9354695340501792], [20, 10, 0.9448745519713261], [20, 15, 0.9501075268817204], [20, 20, 0.9528172043010753], [20, 25, 0.9536774193548386], [20, 30, 0.9552114695340501], [25, 1, 0.907483870967742], [25, 5, 0.938236559139785], [25, 10, 0.945763440860215], [25, 15, 0.950494623655914], [25, 20, 0.9527025089605734], [25, 25, 0.9539068100358423], [25, 30, 0.9547956989247312], [30, 1, 0.9068100358422939], [30, 5, 0.9372903225806452], [30, 10, 0.9472974910394265], [30, 15, 0.9505949820788531], [30, 20, 0.9533763440860215], [30, 25, 0.9542652329749104], [30, 30, 0.9551397849462365]], "Random Start": [[1, 1, 0.6825376344086022], [1, 5, 0.7623799283154122], [1, 10, 0.8176487455197132], [1, 15, 0.8344086021505376], [1, 20, 0.8438853046594982], [1, 25, 0.8540071684587813], [1, 30, 0.8498924731182795], [5, 1, 0.7166594982078853], [5, 5, 0.8118709677419355], [5, 10, 0.8507813620071685], [5, 15, 0.8663799283154121], [5, 20, 0.8738351254480287], [5, 25, 0.8766881720430106], [5, 30, 0.8858064516129032], [10, 1, 0.728], [10, 5, 0.8260645161290322], [10, 10, 0.8512258064516128], [10, 15, 0.8704659498207885], [10, 20, 0.8778064516129032], [10, 25, 0.8859784946236559], [10, 30, 0.894594982078853], [15, 1, 0.7383799283154121], [15, 5, 0.8303512544802867], [15, 10, 0.8585089605734766], [15, 15, 0.8689892473118279], [15, 20, 0.8873548387096774], [15, 25, 0.887010752688172], [15, 30, 0.89184229390681], [20, 1, 0.7410752688172043], [20, 5, 0.8249318996415771], [20, 10, 0.8593548387096773], [20, 15, 0.8791827956989247], [20, 20, 0.8802867383512544], [20, 25, 0.8879856630824372], [20, 30, 0.8987240143369175], [25, 1, 0.7433261648745519], [25, 5, 0.8341362007168458], [25, 10, 0.8560860215053763], [25, 15, 0.8775913978494623], [25, 20, 0.8897777777777778], [25, 25, 0.890695340501792], [25, 30, 0.8969175627240142], [30, 1, 0.742179211469534], [30, 5, 0.8278566308243727], [30, 10, 0.8618781362007167], [30, 15, 0.8768315412186379], [30, 20, 0.8870250896057347], [30, 25, 0.8936200716845878], [30, 30, 0.8989534050179211]]}