{"Weight Start": [[1, 1, 0.886752688172043], [1, 5, 0.8936057347670251], [1, 10, 0.8976200716845878], [1, 15, 0.9024086021505376], [1, 20, 0.906394265232975], [1, 25, 0.9066093189964158], [1, 30, 0.9101648745519714], [5, 1, 0.8888172043010752], [5, 5, 0.8998853046594982], [5, 10, 0.9088028673835126], [5, 15, 0.9144229390681003], [5, 20, 0.9188100358422939], [5, 25, 0.9197849462365592], [5, 30, 0.9236129032258065], [10, 1, 0.8875698924731183], [10, 5, 0.9046308243727599], [10, 10, 0.9132329749103943], [10, 15, 0.9174910394265233], [10, 20, 0.9233978494623656], [10, 25, 0.9257491039426523], [10, 30, 0.9287311827956989], [15, 1, 0.8888458781362008], [15, 5, 0.9033118279569893], [15, 10, 0.9127455197132617], [15, 15, 0.9178351254480287], [15, 20, 0.920831541218638], [15, 25, 0.9245448028673835], [15, 30, 0.9297921146953405], [20, 1, 0.889405017921147], [20, 5, 0.9041720430107527], [20, 10, 0.9132043010752688], [20, 15, 0.9188673835125448], [20, 20, 0.9238853046594983], [20, 25, 0.9276415770609319], [20, 30, 0.9298064516129032], [25, 1, 0.8879283154121864], [25, 5, 0.9058351254480287], [25, 10, 0.9162150537634408], [25, 15, 0.9208172043010753], [25, 20, 0.924415770609319], [25, 25, 0.9272114695340502], [25, 30, 0.9292186379928314], [30, 1, 0.8887598566308244], [30, 5, 0.9035698924731183], [30, 10, 0.9160143369175627], [30, 15, 0.9197849462365592], [30, 20, 0.925663082437276], [30, 25, 0.9283584229390681], [30, 30, 0.9280573476702508]], "Random Start": [[1, 1, 0.6106810035842294], [1, 5, 0.6727598566308244], [1, 10, 0.6754121863799283], [1, 15, 0.6943655913978494], [1, 20, 0.7042150537634408], [1, 25, 0.7100931899641577], [1, 30, 0.717921146953405], [5, 1, 0.6440430107526881], [5, 5, 0.6705663082437275], [5, 10, 0.696258064516129], [5, 15, 0.7048745519713261], [5, 20, 0.7235555555555555], [5, 25, 0.7310250896057348], [5, 30, 0.737820788530466], [10, 1, 0.6324731182795699], [10, 5, 0.6898924731182796], [10, 10, 0.6949820788530465], [10, 15, 0.7135340501792115], [10, 20, 0.7158566308243728], [10, 25, 0.7424229390681003], [10, 30, 0.723741935483871], [15, 1, 0.6428673835125448], [15, 5, 0.6901218637992832], [15, 10, 0.7008458781362007], [15, 15, 0.7152974910394265], [15, 20, 0.7287168458781361], [15, 25, 0.7349247311827957], [15, 30, 0.7355698924731182], [20, 1, 0.6398853046594981], [20, 5, 0.6863225806451613], [20, 10, 0.704931899641577], [20, 15, 0.7168172043010752], [20, 20, 0.7335913978494624], [20, 25, 0.7331899641577061], [20, 30, 0.729820788530466], [25, 1, 0.6389103942652329], [25, 5, 0.6902365591397849], [25, 10, 0.7083440860215053], [25, 15, 0.7199569892473119], [25, 20, 0.728774193548387], [25, 25, 0.7317849462365591], [25, 30, 0.741089605734767], [30, 1, 0.6441433691756272], [30, 5, 0.6892616487455197], [30, 10, 0.7038136200716845], [30, 15, 0.7313118279569892], [30, 20, 0.7235412186379928], [30, 25, 0.7266810035842294], [30, 30, 0.7275698924731183]]}