{"Weight Start": [[1, 1, 0.20555555555555555], [1, 5, 0.20555555555555555], [1, 10, 0.2061111111111111], [1, 15, 0.2063888888888889], [1, 20, 0.20666666666666667], [1, 25, 0.2075], [1, 30, 0.20333333333333334], [5, 1, 0.20583333333333334], [5, 5, 0.20500000000000002], [5, 10, 0.20472222222222222], [5, 15, 0.20722222222222222], [5, 20, 0.2036111111111111], [5, 25, 0.20500000000000002], [5, 30, 0.20694444444444446], [10, 1, 0.20527777777777778], [10, 5, 0.20472222222222222], [10, 10, 0.20527777777777778], [10, 15, 0.20500000000000002], [10, 20, 0.20777777777777778], [10, 25, 0.20555555555555555], [10, 30, 0.2063888888888889], [15, 1, 0.20527777777777778], [15, 5, 0.20555555555555555], [15, 10, 0.20666666666666667], [15, 15, 0.20444444444444446], [15, 20, 0.20416666666666666], [15, 25, 0.20305555555555554], [15, 30, 0.20500000000000002], [20, 1, 0.20583333333333334], [20, 5, 0.2075], [20, 10, 0.20472222222222222], [20, 15, 0.20750000000000002], [20, 20, 0.20833333333333334], [20, 25, 0.20500000000000002], [20, 30, 0.20777777777777778], [25, 1, 0.20555555555555555], [25, 5, 0.20500000000000002], [25, 10, 0.20527777777777778], [25, 15, 0.2063888888888889], [25, 20, 0.20416666666666666], [25, 25, 0.20416666666666666], [25, 30, 0.20944444444444446], [30, 1, 0.20583333333333334], [30, 5, 0.2063888888888889], [30, 10, 0.2038888888888889], [30, 15, 0.2061111111111111], [30, 20, 0.20666666666666667], [30, 25, 0.2061111111111111], [30, 30, 0.20472222222222222]], "Random Start": [[1, 1, 0.43222222222222223], [1, 5, 0.425], [1, 10, 0.4419444444444445], [1, 15, 0.43222222222222223], [1, 20, 0.4261111111111111], [1, 25, 0.42333333333333334], [1, 30, 0.43694444444444447], [5, 1, 0.44333333333333336], [5, 5, 0.4325], [5, 10, 0.43166666666666664], [5, 15, 0.43666666666666665], [5, 20, 0.4230555555555556], [5, 25, 0.41944444444444445], [5, 30, 0.43583333333333335], [10, 1, 0.43333333333333335], [10, 5, 0.43472222222222223], [10, 10, 0.43972222222222224], [10, 15, 0.4338888888888889], [10, 20, 0.4363888888888889], [10, 25, 0.43583333333333335], [10, 30, 0.44277777777777777], [15, 1, 0.4519444444444444], [15, 5, 0.42388888888888887], [15, 10, 0.44416666666666665], [15, 15, 0.42], [15, 20, 0.44027777777777777], [15, 25, 0.43472222222222223], [15, 30, 0.4297222222222222], [20, 1, 0.4272222222222222], [20, 5, 0.4280555555555556], [20, 10, 0.43027777777777776], [20, 15, 0.41333333333333333], [20, 20, 0.4236111111111111], [20, 25, 0.41583333333333333], [20, 30, 0.43027777777777776], [25, 1, 0.4361111111111111], [25, 5, 0.4297222222222222], [25, 10, 0.4375], [25, 15, 0.43972222222222224], [25, 20, 0.4452777777777778], [25, 25, 0.43527777777777776], [25, 30, 0.4386111111111111], [30, 1, 0.4363888888888889], [30, 5, 0.43083333333333335], [30, 10, 0.4311111111111111], [30, 15, 0.43694444444444447], [30, 20, 0.425], [30, 25, 0.4280555555555556], [30, 30, 0.4313888888888889]]}