{"Weight Start": [[1, 1, 0.20527777777777778], [1, 5, 0.20833333333333334], [1, 10, 0.20833333333333334], [1, 15, 0.20777777777777778], [1, 20, 0.20666666666666667], [1, 25, 0.20472222222222222], [1, 30, 0.1975], [5, 1, 0.20972222222222223], [5, 5, 0.20916666666666667], [5, 10, 0.21222222222222223], [5, 15, 0.20916666666666667], [5, 20, 0.2036111111111111], [5, 25, 0.2038888888888889], [5, 30, 0.19777777777777777], [10, 1, 0.20777777777777778], [10, 5, 0.20805555555555555], [10, 10, 0.20583333333333334], [10, 15, 0.21222222222222223], [10, 20, 0.2088888888888889], [10, 25, 0.20277777777777778], [10, 30, 0.19833333333333333], [15, 1, 0.20472222222222222], [15, 5, 0.21888888888888888], [15, 10, 0.21], [15, 15, 0.2111111111111111], [15, 20, 0.21027777777777779], [15, 25, 0.21000000000000002], [15, 30, 0.20027777777777778], [20, 1, 0.20916666666666667], [20, 5, 0.21305555555555555], [20, 10, 0.21583333333333335], [20, 15, 0.2125], [20, 20, 0.21166666666666667], [20, 25, 0.20222222222222222], [20, 30, 0.19805555555555557], [25, 1, 0.20805555555555555], [25, 5, 0.22083333333333333], [25, 10, 0.21694444444444444], [25, 15, 0.21000000000000002], [25, 20, 0.21], [25, 25, 0.20277777777777778], [25, 30, 0.20166666666666666], [30, 1, 0.21055555555555555], [30, 5, 0.22], [30, 10, 0.21166666666666667], [30, 15, 0.21027777777777779], [30, 20, 0.20583333333333334], [30, 25, 0.20555555555555555], [30, 30, 0.21194444444444444]], "Random Start": [[1, 1, 0.42777777777777776], [1, 5, 0.42027777777777775], [1, 10, 0.4022222222222222], [1, 15, 0.4125], [1, 20, 0.40499999999999997], [1, 25, 0.3977777777777778], [1, 30, 0.40194444444444444], [5, 1, 0.43833333333333335], [5, 5, 0.4138888888888889], [5, 10, 0.39916666666666667], [5, 15, 0.4166666666666667], [5, 20, 0.4166666666666667], [5, 25, 0.4086111111111111], [5, 30, 0.40555555555555556], [10, 1, 0.4236111111111111], [10, 5, 0.4127777777777778], [10, 10, 0.4113888888888889], [10, 15, 0.41333333333333333], [10, 20, 0.4077777777777778], [10, 25, 0.40055555555555555], [10, 30, 0.40166666666666667], [15, 1, 0.4225], [15, 5, 0.4122222222222222], [15, 10, 0.4175], [15, 15, 0.41444444444444445], [15, 20, 0.405], [15, 25, 0.4127777777777778], [15, 30, 0.39916666666666667], [20, 1, 0.43027777777777776], [20, 5, 0.4147222222222222], [20, 10, 0.41888888888888887], [20, 15, 0.4127777777777778], [20, 20, 0.4136111111111111], [20, 25, 0.4097222222222222], [20, 30, 0.41305555555555556], [25, 1, 0.4363888888888889], [25, 5, 0.4241666666666667], [25, 10, 0.42], [25, 15, 0.42083333333333334], [25, 20, 0.4152777777777778], [25, 25, 0.4052777777777778], [25, 30, 0.4075], [30, 1, 0.41638888888888886], [30, 5, 0.42333333333333334], [30, 10, 0.4236111111111111], [30, 15, 0.4152777777777778], [30, 20, 0.41083333333333333], [30, 25, 0.4097222222222222], [30, 30, 0.40555555555555556]]}