{"Weight Start": [[1, 1, 0.20666666666666667], [1, 5, 0.20500000000000002], [1, 10, 0.2011111111111111], [1, 15, 0.1975], [1, 20, 0.1975], [1, 25, 0.19416666666666665], [1, 30, 0.19555555555555557], [5, 1, 0.21055555555555555], [5, 5, 0.20944444444444446], [5, 10, 0.2038888888888889], [5, 15, 0.19805555555555557], [5, 20, 0.19805555555555557], [5, 25, 0.1922222222222222], [5, 30, 0.19], [10, 1, 0.21805555555555556], [10, 5, 0.20833333333333334], [10, 10, 0.20583333333333334], [10, 15, 0.19805555555555557], [10, 20, 0.1988888888888889], [10, 25, 0.1913888888888889], [10, 30, 0.185], [15, 1, 0.21888888888888888], [15, 5, 0.21055555555555555], [15, 10, 0.20583333333333334], [15, 15, 0.20444444444444446], [15, 20, 0.18916666666666668], [15, 25, 0.18555555555555556], [15, 30, 0.18666666666666668], [20, 1, 0.2175], [20, 5, 0.22222222222222224], [20, 10, 0.20694444444444446], [20, 15, 0.20055555555555557], [20, 20, 0.19333333333333333], [20, 25, 0.18833333333333332], [20, 30, 0.1761111111111111], [25, 1, 0.21611111111111111], [25, 5, 0.2263888888888889], [25, 10, 0.2113888888888889], [25, 15, 0.19666666666666666], [25, 20, 0.19333333333333333], [25, 25, 0.19111111111111112], [25, 30, 0.18638888888888888], [30, 1, 0.21305555555555555], [30, 5, 0.22138888888888889], [30, 10, 0.2025], [30, 15, 0.19944444444444445], [30, 20, 0.1938888888888889], [30, 25, 0.18638888888888888], [30, 30, 0.18055555555555555]], "Random Start": [[1, 1, 0.42527777777777775], [1, 5, 0.40305555555555556], [1, 10, 0.3852777777777778], [1, 15, 0.39305555555555555], [1, 20, 0.3711111111111111], [1, 25, 0.3738888888888889], [1, 30, 0.37972222222222224], [5, 1, 0.4125], [5, 5, 0.40055555555555555], [5, 10, 0.38555555555555554], [5, 15, 0.3947222222222222], [5, 20, 0.3786111111111111], [5, 25, 0.3827777777777778], [5, 30, 0.37666666666666665], [10, 1, 0.4077777777777778], [10, 5, 0.4063888888888889], [10, 10, 0.3997222222222222], [10, 15, 0.3975], [10, 20, 0.39666666666666667], [10, 25, 0.37694444444444447], [10, 30, 0.38055555555555554], [15, 1, 0.4186111111111111], [15, 5, 0.3972222222222222], [15, 10, 0.39111111111111113], [15, 15, 0.3788888888888889], [15, 20, 0.3794444444444444], [15, 25, 0.3819444444444444], [15, 30, 0.3711111111111111], [20, 1, 0.42027777777777775], [20, 5, 0.4141666666666667], [20, 10, 0.39666666666666667], [20, 15, 0.40111111111111114], [20, 20, 0.3894444444444444], [20, 25, 0.37222222222222223], [20, 30, 0.3775], [25, 1, 0.4213888888888889], [25, 5, 0.4141666666666667], [25, 10, 0.3788888888888889], [25, 15, 0.38027777777777777], [25, 20, 0.38555555555555554], [25, 25, 0.38166666666666665], [25, 30, 0.3836111111111111], [30, 1, 0.4166666666666667], [30, 5, 0.39611111111111114], [30, 10, 0.39166666666666666], [30, 15, 0.39222222222222225], [30, 20, 0.37305555555555553], [30, 25, 0.37277777777777776], [30, 30, 0.37027777777777776]]}