{"Weight Start": [[1, 1, 0.2061111111111111], [1, 5, 0.20027777777777778], [1, 10, 0.20277777777777778], [1, 15, 0.19333333333333333], [1, 20, 0.18388888888888888], [1, 25, 0.17944444444444443], [1, 30, 0.17972222222222223], [5, 1, 0.21888888888888888], [5, 5, 0.19527777777777777], [5, 10, 0.185], [5, 15, 0.175], [5, 20, 0.16583333333333333], [5, 25, 0.15805555555555556], [5, 30, 0.15222222222222223], [10, 1, 0.22416666666666668], [10, 5, 0.20722222222222222], [10, 10, 0.18722222222222223], [10, 15, 0.1686111111111111], [10, 20, 0.1597222222222222], [10, 25, 0.1572222222222222], [10, 30, 0.13999999999999999], [15, 1, 0.22444444444444445], [15, 5, 0.2011111111111111], [15, 10, 0.18305555555555555], [15, 15, 0.1638888888888889], [15, 20, 0.15583333333333332], [15, 25, 0.14722222222222223], [15, 30, 0.14194444444444443], [20, 1, 0.2338888888888889], [20, 5, 0.20083333333333334], [20, 10, 0.19361111111111112], [20, 15, 0.16833333333333333], [20, 20, 0.155], [20, 25, 0.15027777777777776], [20, 30, 0.1413888888888889], [25, 1, 0.2263888888888889], [25, 5, 0.20166666666666666], [25, 10, 0.18611111111111112], [25, 15, 0.16694444444444445], [25, 20, 0.15638888888888888], [25, 25, 0.14388888888888887], [25, 30, 0.14055555555555554], [30, 1, 0.2288888888888889], [30, 5, 0.2], [30, 10, 0.17666666666666667], [30, 15, 0.17222222222222222], [30, 20, 0.14916666666666667], [30, 25, 0.14555555555555555], [30, 30, 0.1361111111111111]], "Random Start": [[1, 1, 0.3977777777777778], [1, 5, 0.37583333333333335], [1, 10, 0.34805555555555556], [1, 15, 0.3463888888888889], [1, 20, 0.3313888888888889], [1, 25, 0.3161111111111111], [1, 30, 0.3277777777777778], [5, 1, 0.40750000000000003], [5, 5, 0.37194444444444447], [5, 10, 0.35], [5, 15, 0.32666666666666666], [5, 20, 0.32305555555555554], [5, 25, 0.3188888888888889], [5, 30, 0.31555555555555553], [10, 1, 0.4036111111111111], [10, 5, 0.3675], [10, 10, 0.34805555555555556], [10, 15, 0.33444444444444443], [10, 20, 0.3313888888888889], [10, 25, 0.32], [10, 30, 0.3075], [15, 1, 0.4011111111111111], [15, 5, 0.3591666666666667], [15, 10, 0.3486111111111111], [15, 15, 0.34305555555555556], [15, 20, 0.31722222222222224], [15, 25, 0.31916666666666665], [15, 30, 0.30944444444444447], [20, 1, 0.4061111111111111], [20, 5, 0.36138888888888887], [20, 10, 0.3411111111111111], [20, 15, 0.3322222222222222], [20, 20, 0.32222222222222224], [20, 25, 0.33111111111111113], [20, 30, 0.3113888888888889], [25, 1, 0.40444444444444444], [25, 5, 0.3638888888888889], [25, 10, 0.34833333333333333], [25, 15, 0.32], [25, 20, 0.3277777777777778], [25, 25, 0.31416666666666665], [25, 30, 0.31], [30, 1, 0.39194444444444443], [30, 5, 0.36444444444444446], [30, 10, 0.34555555555555556], [30, 15, 0.3383333333333333], [30, 20, 0.3136111111111111], [30, 25, 0.30666666666666664], [30, 30, 0.31]]}