{"Weight Start": [[1, 1, 0.20916666666666667], [1, 5, 0.19944444444444445], [1, 10, 0.19416666666666665], [1, 15, 0.18805555555555556], [1, 20, 0.1802777777777778], [1, 25, 0.17027777777777778], [1, 30, 0.16527777777777777], [5, 1, 0.21583333333333335], [5, 5, 0.19666666666666666], [5, 10, 0.1686111111111111], [5, 15, 0.15694444444444444], [5, 20, 0.14027777777777778], [5, 25, 0.14305555555555555], [5, 30, 0.12805555555555556], [10, 1, 0.22305555555555556], [10, 5, 0.18972222222222224], [10, 10, 0.17694444444444443], [10, 15, 0.15083333333333332], [10, 20, 0.13833333333333334], [10, 25, 0.12611111111111112], [10, 30, 0.11638888888888889], [15, 1, 0.2225], [15, 5, 0.185], [15, 10, 0.16], [15, 15, 0.13722222222222222], [15, 20, 0.13444444444444445], [15, 25, 0.12833333333333333], [15, 30, 0.12444444444444444], [20, 1, 0.22944444444444445], [20, 5, 0.18833333333333332], [20, 10, 0.1575], [20, 15, 0.14055555555555554], [20, 20, 0.12], [20, 25, 0.12361111111111112], [20, 30, 0.11611111111111111], [25, 1, 0.22611111111111112], [25, 5, 0.1825], [25, 10, 0.15083333333333332], [25, 15, 0.13472222222222222], [25, 20, 0.12777777777777777], [25, 25, 0.11888888888888889], [25, 30, 0.11], [30, 1, 0.23194444444444445], [30, 5, 0.1897222222222222], [30, 10, 0.14777777777777779], [30, 15, 0.13694444444444445], [30, 20, 0.12388888888888888], [30, 25, 0.11583333333333333], [30, 30, 0.11222222222222222]], "Random Start": [[1, 1, 0.4052777777777778], [1, 5, 0.3686111111111111], [1, 10, 0.31416666666666665], [1, 15, 0.30527777777777776], [1, 20, 0.29305555555555557], [1, 25, 0.2847222222222222], [1, 30, 0.27416666666666667], [5, 1, 0.37194444444444447], [5, 5, 0.3325], [5, 10, 0.31527777777777777], [5, 15, 0.2838888888888889], [5, 20, 0.27194444444444443], [5, 25, 0.2708333333333333], [5, 30, 0.26055555555555554], [10, 1, 0.38861111111111113], [10, 5, 0.32305555555555554], [10, 10, 0.28583333333333333], [10, 15, 0.27611111111111114], [10, 20, 0.2708333333333333], [10, 25, 0.2652777777777778], [10, 30, 0.2511111111111111], [15, 1, 0.3813888888888889], [15, 5, 0.33944444444444444], [15, 10, 0.3080555555555556], [15, 15, 0.27305555555555555], [15, 20, 0.26083333333333336], [15, 25, 0.25916666666666666], [15, 30, 0.24250000000000002], [20, 1, 0.38805555555555554], [20, 5, 0.34805555555555556], [20, 10, 0.30027777777777775], [20, 15, 0.27111111111111114], [20, 20, 0.2683333333333333], [20, 25, 0.25277777777777777], [20, 30, 0.24888888888888888], [25, 1, 0.38972222222222225], [25, 5, 0.34555555555555556], [25, 10, 0.29305555555555557], [25, 15, 0.2783333333333333], [25, 20, 0.2588888888888889], [25, 25, 0.2575], [25, 30, 0.25055555555555553], [30, 1, 0.3883333333333333], [30, 5, 0.32861111111111113], [30, 10, 0.3038888888888889], [30, 15, 0.2886111111111111], [30, 20, 0.26083333333333336], [30, 25, 0.2577777777777778], [30, 30, 0.2463888888888889]]}