{"Weight Start": [[1, 1, 0.6265523442763782], [1, 5, 0.6270060543834699], [1, 10, 0.6245317106114209], [1, 15, 0.6247561949663399], [1, 20, 0.6262073617749947], [1, 25, 0.6258327867252989], [1, 30, 0.6262049654628158], [5, 1, 0.6278156740354809], [5, 5, 0.6248994291174244], [5, 10, 0.6253268950515328], [5, 15, 0.6257445457982899], [5, 20, 0.6265680639442718], [5, 25, 0.6271934760877999], [5, 30, 0.6268573310970655], [10, 1, 0.6259450353061465], [10, 5, 0.627361414403685], [10, 10, 0.627418362981165], [10, 15, 0.6275730993140414], [10, 20, 0.6264342168285406], [10, 25, 0.6282596903279272], [10, 30, 0.627051781944898], [15, 1, 0.6250698979249705], [15, 5, 0.6260937329789987], [15, 10, 0.6254848711938085], [15, 15, 0.6243097823617147], [15, 20, 0.6275185342419642], [15, 25, 0.6283410619044678], [15, 30, 0.6281212231876484], [20, 1, 0.6260621722705058], [20, 5, 0.6270848954683497], [20, 10, 0.6260047827342514], [20, 15, 0.6289019468023092], [20, 20, 0.6278395218962852], [20, 25, 0.6280962506638836], [20, 30, 0.628767831327614], [25, 1, 0.627273307656158], [25, 5, 0.626622910182089], [25, 10, 0.6279659117165157], [25, 15, 0.6276404382171291], [25, 20, 0.6282706429850151], [25, 25, 0.6263964832805413], [25, 30, 0.6278703860938162], [30, 1, 0.6265092941928692], [30, 5, 0.6258952244380989], [30, 10, 0.6292751288300806], [30, 15, 0.6279869735334712], [30, 20, 0.6280315764319389], [30, 25, 0.6270698851181944], [30, 30, 0.6272661443331734]], "Random Start": [[1, 1, 0.5309994851172388], [1, 5, 0.5509579110080318], [1, 10, 0.5432284297036714], [1, 15, 0.548728244297085], [1, 20, 0.551594825333352], [1, 25, 0.5519977340889177], [1, 30, 0.5526068770398481], [5, 1, 0.5321415561850346], [5, 5, 0.546887076743357], [5, 10, 0.5454594894365427], [5, 15, 0.5532399318854634], [5, 20, 0.547031997888882], [5, 25, 0.5488038839928937], [5, 30, 0.54740071968514], [10, 1, 0.5342932509218742], [10, 5, 0.5398795236887025], [10, 10, 0.543860870990702], [10, 15, 0.5497303338299716], [10, 20, 0.5422968932697194], [10, 25, 0.5528448445435161], [10, 30, 0.5477771988611362], [15, 1, 0.5317452484209731], [15, 5, 0.5352964651177212], [15, 10, 0.5408911600499766], [15, 15, 0.5410912085990589], [15, 20, 0.5461336835443117], [15, 25, 0.5476939103515192], [15, 30, 0.5506467385410623], [20, 1, 0.5329717521631774], [20, 5, 0.5400336720765466], [20, 10, 0.541454588246255], [20, 15, 0.5393033600817418], [20, 20, 0.5469600517680229], [20, 25, 0.5450141758813257], [20, 30, 0.5465870167265096], [25, 1, 0.5368204727715599], [25, 5, 0.5398907447047545], [25, 10, 0.5383719834408242], [25, 15, 0.5454528628314861], [25, 20, 0.5447662016719989], [25, 25, 0.5444517509753017], [25, 30, 0.550705131367571], [30, 1, 0.5392888864495146], [30, 5, 0.5343430489831457], [30, 10, 0.5403683026726506], [30, 15, 0.5403971602896724], [30, 20, 0.54570231971017], [30, 25, 0.5401237725978065], [30, 30, 0.547136936160487]]}