{"Weight Start": [[1, 1, 0.6259273474780722], [1, 5, 0.623659678860162], [1, 10, 0.6235926083160384], [1, 15, 0.6247636394550646], [1, 20, 0.6253423335536863], [1, 25, 0.6235898094654134], [1, 30, 0.6289531634990573], [5, 1, 0.6261857632401111], [5, 5, 0.623563149947208], [5, 10, 0.6241591165286818], [5, 15, 0.6231045386498286], [5, 20, 0.624642285004604], [5, 25, 0.6273785270935031], [5, 30, 0.6270143423694149], [10, 1, 0.6246394605404268], [10, 5, 0.6273410619044678], [10, 10, 0.6279149761855076], [10, 15, 0.6270921929708162], [10, 20, 0.6259908970470566], [10, 25, 0.6241549118493563], [10, 30, 0.6250718532783751], [15, 1, 0.6275255505786907], [15, 5, 0.6281895525742145], [15, 10, 0.6267846756584681], [15, 15, 0.6258142682067803], [15, 20, 0.6283730507649591], [15, 25, 0.6264970698865627], [15, 30, 0.626847234743974], [20, 1, 0.6272900050007539], [20, 5, 0.6273552415641789], [20, 10, 0.6276785999171266], [20, 15, 0.6270134860654185], [20, 20, 0.6261421380183458], [20, 25, 0.6254858488705108], [20, 30, 0.6272310754563171], [25, 1, 0.6253694084171137], [25, 5, 0.6256903960714348], [25, 10, 0.6283976079435017], [25, 15, 0.6263940997751385], [25, 20, 0.62593801896942], [25, 25, 0.627088269457231], [25, 30, 0.6256025704896478], [30, 1, 0.6259186569536812], [30, 5, 0.6249631256726669], [30, 10, 0.6265743581564839], [30, 15, 0.6260770356344029], [30, 20, 0.6250933048270005], [30, 25, 0.626739350635486], [30, 30, 0.6257526867979768]], "Random Start": [[1, 1, 0.5412823366851146], [1, 5, 0.5604308233378282], [1, 10, 0.5701903765696037], [1, 15, 0.5816688609870978], [1, 20, 0.581402438404854], [1, 25, 0.5790821472614952], [1, 30, 0.5874457824608792], [5, 1, 0.5479253342025082], [5, 5, 0.5715228151786124], [5, 10, 0.5715837128832298], [5, 15, 0.5828212266213475], [5, 20, 0.5858379239659434], [5, 25, 0.5870918282693646], [5, 30, 0.5860458323489726], [10, 1, 0.5467372672143205], [10, 5, 0.5720145399994435], [10, 10, 0.5677990657549837], [10, 15, 0.5779400761936995], [10, 20, 0.5826693977050258], [10, 25, 0.5847234644795032], [10, 30, 0.5851085512275127], [15, 1, 0.5494493290495707], [15, 5, 0.5683030404956735], [15, 10, 0.5719447090250231], [15, 15, 0.5761413835852243], [15, 20, 0.5818145298706894], [15, 25, 0.5779771004239604], [15, 30, 0.5788855111216223], [20, 1, 0.5462352990541397], [20, 5, 0.5650256396427895], [20, 10, 0.5677003387432132], [20, 15, 0.5747361169378079], [20, 20, 0.5746968177680739], [20, 25, 0.5763600146867056], [20, 30, 0.5764128543440139], [25, 1, 0.5362846945769653], [25, 5, 0.5640057152955704], [25, 10, 0.5676804528163225], [25, 15, 0.5753287351439527], [25, 20, 0.571798567457384], [25, 25, 0.5800562482881324], [25, 30, 0.5749790941976933], [30, 1, 0.5426842037300975], [30, 5, 0.5593667114373637], [30, 10, 0.5630916367510571], [30, 15, 0.5705876876239196], [30, 20, 0.5674604543064689], [30, 25, 0.57133828197234], [30, 30, 0.5793387229311143]]}