{"Weight Start": [[1, 1, 0.6246944537645022], [1, 5, 0.6254150017990598], [1, 10, 0.6237151002362356], [1, 15, 0.6265160037503034], [1, 20, 0.6253116163424135], [1, 25, 0.625639888692425], [1, 30, 0.6264395717843786], [5, 1, 0.6240164319023016], [5, 5, 0.6250387397549234], [5, 10, 0.6262345836246803], [5, 15, 0.6286149161686603], [5, 20, 0.6276840762456706], [5, 25, 0.62464229781138], [5, 30, 0.627543225599989], [10, 1, 0.6263367230456603], [10, 5, 0.626440951999527], [10, 10, 0.626151109708477], [10, 15, 0.6283639320885699], [10, 20, 0.627404330307712], [10, 25, 0.6248402184072475], [10, 30, 0.6260123742092342], [15, 1, 0.6267118604268364], [15, 5, 0.6256555955535426], [15, 10, 0.6272876086885749], [15, 15, 0.6249263698013698], [15, 20, 0.6262532491294569], [15, 25, 0.6278428958851665], [15, 30, 0.6277526867979767], [20, 1, 0.6263005166990675], [20, 5, 0.6256873160550698], [20, 10, 0.6290836238191312], [20, 15, 0.6279559623496822], [20, 20, 0.6278124470328578], [20, 25, 0.6270512196134178], [20, 30, 0.6248242303803899], [25, 1, 0.6260590794473646], [25, 5, 0.6292497281543176], [25, 10, 0.6264009691256069], [25, 15, 0.6258956525900972], [25, 20, 0.6245875601394926], [25, 25, 0.6268545322464405], [25, 30, 0.6254641161561453], [30, 1, 0.6254218711495282], [30, 5, 0.6253336302225192], [30, 10, 0.626321578516023], [30, 15, 0.6274900535498362], [30, 20, 0.6277782216532217], [30, 25, 0.6286676600668147], [30, 30, 0.6270360750837805]], "Random Start": [[1, 1, 0.534088409748434], [1, 5, 0.560239746478877], [1, 10, 0.5641427638003726], [1, 15, 0.5728060692849342], [1, 20, 0.5725197735825757], [1, 25, 0.5792418103982114], [1, 30, 0.5810535323898851], [5, 1, 0.5430754889311653], [5, 5, 0.5580375699765797], [5, 10, 0.5718927702037606], [5, 15, 0.5721525917945001], [5, 20, 0.5778546213105393], [5, 25, 0.5768447933164118], [5, 30, 0.5770528614924751], [10, 1, 0.5494502109671193], [10, 5, 0.5675174986431026], [10, 10, 0.5661172673654559], [10, 15, 0.5755531298514391], [10, 20, 0.5784302225860198], [10, 25, 0.578128379815578], [10, 30, 0.5830181823472887], [15, 1, 0.5420691819121772], [15, 5, 0.5602578496521734], [15, 10, 0.5673440138530719], [15, 15, 0.571253376613884], [15, 20, 0.5728877476407671], [15, 25, 0.5719712343637465], [15, 30, 0.576785327054047], [20, 1, 0.5411455181189482], [20, 5, 0.5612537279252257], [20, 10, 0.5655361769546553], [20, 15, 0.5669606714383285], [20, 20, 0.5764362868595961], [20, 25, 0.5678658935536955], [20, 30, 0.5715532066920956], [25, 1, 0.5408508703967643], [25, 5, 0.5531213890924037], [25, 10, 0.5644277305146871], [25, 15, 0.5653559313800861], [25, 20, 0.564393076983053], [25, 25, 0.5707605399368685], [25, 30, 0.5663847060447303], [30, 1, 0.5325303108944415], [30, 5, 0.5561057395701117], [30, 10, 0.5566634486924343], [30, 15, 0.5659602945134347], [30, 20, 0.565620481561303], [30, 25, 0.5693354447013869], [30, 30, 0.5691492818394993]]}