{"Weight Start": [[1, 1, 0.6239304403012134], [1, 5, 0.6252727453246778], [1, 10, 0.6252382259725255], [1, 15, 0.6248440205481269], [1, 20, 0.6241665482106304], [1, 25, 0.6263427488989084], [1, 30, 0.626046171436872], [5, 1, 0.6245480054175707], [5, 5, 0.624739484814968], [5, 10, 0.6239635538246651], [5, 15, 0.6266321758447363], [5, 20, 0.6261400228719071], [5, 25, 0.6266603625643482], [5, 30, 0.629083342653391], [10, 1, 0.6258964832805414], [10, 5, 0.6279433355049298], [10, 10, 0.6258598743955025], [10, 15, 0.6273135716958181], [10, 20, 0.6267260272797713], [10, 25, 0.6277539456404192], [10, 30, 0.625108609149672], [15, 1, 0.6246087561359301], [15, 5, 0.6297298038070985], [15, 10, 0.6257625147921042], [15, 15, 0.6277230686361122], [15, 20, 0.6259071419651131], [15, 25, 0.6279899193703542], [15, 30, 0.626290420345976], [20, 1, 0.6261985370711217], [20, 5, 0.6271433840540122], [20, 10, 0.6245442160834673], [20, 15, 0.625296030854002], [20, 20, 0.6256700435722176], [20, 25, 0.6263629544118675], [20, 30, 0.6267789053574079], [25, 1, 0.6266916677206533], [25, 5, 0.6277922415198987], [25, 10, 0.6273343139267054], [25, 15, 0.6263771212648025], [25, 20, 0.6275740897975198], [25, 25, 0.6278392407305452], [25, 30, 0.6283083765330143], [30, 1, 0.624994833367418], [30, 5, 0.6275987811555446], [30, 10, 0.6280921801640401], [30, 15, 0.6282836851749896], [30, 20, 0.6270077285711344], [30, 25, 0.626691226761879], [30, 30, 0.6282717548411993]], "Random Start": [[1, 1, 0.5365009482847648], [1, 5, 0.5538519822529485], [1, 10, 0.5646642793828786], [1, 15, 0.5673124403378027], [1, 20, 0.5696370191128646], [1, 25, 0.5725670539589622], [1, 30, 0.574529991308373], [5, 1, 0.5463883483925756], [5, 5, 0.5605603059811998], [5, 10, 0.5621006529732376], [5, 15, 0.5650206042730198], [5, 20, 0.5632833973141945], [5, 25, 0.568310996088774], [5, 30, 0.5768120951381822], [10, 1, 0.5380813806049314], [10, 5, 0.5549184520452637], [10, 10, 0.564890425118686], [10, 15, 0.5637174386262551], [10, 20, 0.5709994338901345], [10, 25, 0.5707905222168508], [10, 30, 0.5707436571856863], [15, 1, 0.5399364594594064], [15, 5, 0.549708064397678], [15, 10, 0.5567804130569832], [15, 15, 0.5600420430148692], [15, 20, 0.564571833776544], [15, 25, 0.5663647688907352], [15, 30, 0.5693695102879887], [20, 1, 0.5409896699298874], [20, 5, 0.552301257742079], [20, 10, 0.5601453327123618], [20, 15, 0.5606745227222282], [20, 20, 0.5606772258136994], [20, 25, 0.5573856837214326], [20, 30, 0.5645396851230186], [25, 1, 0.5421159829094613], [25, 5, 0.558196964754332], [25, 10, 0.5586947154284112], [25, 15, 0.5607181223304413], [25, 20, 0.5602724702706587], [25, 25, 0.561614065976385], [25, 30, 0.5657171702672912], [30, 1, 0.5331445404422459], [30, 5, 0.5531881528572351], [30, 10, 0.559682261183469], [30, 15, 0.5532450056755613], [30, 20, 0.5634302610063481], [30, 25, 0.5574954018106193], [30, 30, 0.563406049027426]]}