{"Weight Start": [[1, 1, 0.628494846174194], [1, 5, 0.6264655219848457], [1, 10, 0.6279284849478087], [1, 15, 0.6273848469192673], [1, 20, 0.6278475287164902], [1, 25, 0.6268990265789783], [1, 30, 0.6279618796370005], [5, 1, 0.6283190608311382], [5, 5, 0.6282470890967269], [5, 10, 0.6272201484127814], [5, 15, 0.6276702033652518], [5, 20, 0.6270867294490484], [5, 25, 0.6279176792769788], [5, 30, 0.6277141225595333], [10, 1, 0.6286215299669407], [10, 5, 0.6284990508535195], [10, 10, 0.6279509269799126], [10, 15, 0.6280701790907106], [10, 20, 0.6283379946948788], [10, 25, 0.6285363690562967], [10, 30, 0.6280473089066085], [15, 1, 0.6285353913795944], [15, 5, 0.6274879640169496], [15, 10, 0.6282416127681829], [15, 15, 0.6275171412200399], [15, 20, 0.627642566170344], [15, 25, 0.6280924869433324], [15, 30, 0.6276902618919528], [20, 1, 0.6277869377911649], [20, 5, 0.6273549732052148], [20, 10, 0.6281516848467332], [20, 15, 0.627693770060316], [20, 20, 0.6278617083762013], [20, 25, 0.6272257589208073], [20, 30, 0.6279545821345339], [25, 1, 0.628264629938543], [25, 5, 0.6282113109021322], [25, 10, 0.6274701548161694], [25, 15, 0.6279659373300679], [25, 20, 0.6272153814019756], [25, 25, 0.6272253435755852], [25, 30, 0.6266948947232764], [30, 1, 0.6277068250570667], [30, 5, 0.6276512695015112], [30, 10, 0.6278370170181765], [30, 15, 0.6269122157552109], [30, 20, 0.6279353671050532], [30, 25, 0.6280122400297522], [30, 30, 0.6287991364839192]], "Random Start": [[1, 1, 0.522940006048098], [1, 5, 0.5312440023853069], [1, 10, 0.5336758327917749], [1, 15, 0.529494826672363], [1, 20, 0.5335927742207937], [1, 25, 0.5261085896478409], [1, 30, 0.5317873848616603], [5, 1, 0.5288830190502897], [5, 5, 0.5274220370542836], [5, 10, 0.5268898182551566], [5, 15, 0.52653774257639], [5, 20, 0.5308326714643141], [5, 25, 0.5267600032189406], [5, 30, 0.5268330996163123], [10, 1, 0.5290168533592448], [10, 5, 0.529362877571211], [10, 10, 0.5322411651143536], [10, 15, 0.5275077602964078], [10, 20, 0.5261303607825348], [10, 25, 0.5311790341808459], [10, 30, 0.5252193366408343], [15, 1, 0.5244965264735797], [15, 5, 0.5264524730998162], [15, 10, 0.5240348351598353], [15, 15, 0.5233056478279909], [15, 20, 0.5230574625985255], [15, 25, 0.5231654552729433], [15, 30, 0.5281242007498047], [20, 1, 0.5250481457087738], [20, 5, 0.5249310087444147], [20, 10, 0.5302534150342122], [20, 15, 0.5285133579976576], [20, 20, 0.5277408009962359], [20, 25, 0.5253866870116871], [20, 30, 0.5323614205154061], [25, 1, 0.521191085887342], [25, 5, 0.526182261183469], [25, 10, 0.5307837040934869], [25, 15, 0.5297569103957994], [25, 20, 0.5211162067363759], [25, 25, 0.5315675077245127], [25, 30, 0.5285237355164892], [30, 1, 0.5250615202915928], [30, 5, 0.529147364906423], [30, 10, 0.5279971845642136], [30, 15, 0.5298258021138457], [30, 20, 0.5260713226721682], [30, 25, 0.526190683348896], [30, 30, 0.5257452996480775]]}