{"Weight Start": [[1, 1, 0.6262782216532218], [1, 5, 0.6243604111134305], [1, 10, 0.6248395218962852], [1, 15, 0.623881191764646], [1, 20, 0.6262637608277706], [1, 25, 0.6248964832805414], [1, 30, 0.6254395461708264], [5, 1, 0.6269364661544614], [5, 5, 0.6257260144729953], [5, 10, 0.624867159091193], [5, 15, 0.6233141340272984], [5, 20, 0.626475043199681], [5, 25, 0.6281764975774639], [5, 30, 0.6268204410462865], [10, 1, 0.6264016784433452], [10, 5, 0.6251975593944193], [10, 10, 0.6268528452519999], [10, 15, 0.6272090487694353], [10, 20, 0.6274841618760701], [10, 25, 0.6267467951242107], [10, 30, 0.6269774395118599], [15, 1, 0.6265892471339332], [15, 5, 0.6280139014106406], [15, 10, 0.6258355983826999], [15, 15, 0.6285606322623232], [15, 20, 0.6273846999330092], [15, 25, 0.6253866680931899], [15, 30, 0.6292463541654364], [20, 1, 0.6257232284291464], [20, 5, 0.6247815828353269], [20, 10, 0.6264485434745097], [20, 15, 0.6276550332220623], [20, 20, 0.6275862884902741], [20, 25, 0.6257261742660294], [20, 30, 0.6275537501050786], [25, 1, 0.6264791136995244], [25, 5, 0.6266561706917988], [25, 10, 0.6254826218678876], [25, 15, 0.6298649097652722], [25, 20, 0.6263823164276063], [25, 25, 0.6267623549990701], [25, 30, 0.6269967887208227], [30, 1, 0.6254768771803797], [30, 5, 0.6281386170432065], [30, 10, 0.6286344123638811], [30, 15, 0.6244471248390331], [30, 20, 0.6291064811964571], [30, 25, 0.6257950531772997], [30, 30, 0.6260074602121705]], "Random Start": [[1, 1, 0.5320584018548995], [1, 5, 0.5504521791273], [1, 10, 0.5499444790863874], [1, 15, 0.5574287081913895], [1, 20, 0.5564550993506309], [1, 25, 0.5650312629575915], [1, 30, 0.5611044935344454], [5, 1, 0.5352646360502642], [5, 5, 0.5508597079074133], [5, 10, 0.561353924799577], [5, 15, 0.5601179894899703], [5, 20, 0.5603695230947647], [5, 25, 0.5618321664716593], [5, 30, 0.5645747539998749], [10, 1, 0.5455760384558694], [10, 5, 0.5552544628565161], [10, 10, 0.5544294431226799], [10, 15, 0.5543305563178752], [10, 20, 0.5652112529799729], [10, 25, 0.5618639253935148], [10, 30, 0.5623448445435162], [15, 1, 0.5404698413418221], [15, 5, 0.5504600517680229], [15, 10, 0.556086268988443], [15, 15, 0.5532828477894904], [15, 20, 0.5564655152897907], [15, 25, 0.5552141286712544], [15, 30, 0.5618006313767184], [20, 1, 0.5366072222394688], [20, 5, 0.5559399548209936], [20, 10, 0.5467549294288425], [20, 15, 0.5595731054257626], [20, 20, 0.5588542187720933], [20, 25, 0.5598811722628149], [20, 30, 0.557321840179932], [25, 1, 0.5359603201269869], [25, 5, 0.5443574841950447], [25, 10, 0.5494503195330491], [25, 15, 0.5536195294981527], [25, 20, 0.5542054125333111], [25, 25, 0.5632428008816899], [25, 30, 0.5517413121006117], [30, 1, 0.5315641465424075], [30, 5, 0.5440851699390348], [30, 10, 0.5500981865154572], [30, 15, 0.5490892660524304], [30, 20, 0.5453789485504462], [30, 25, 0.5538446146048804], [30, 30, 0.5561447959944338]]}