{"Weight Start": [[1, 1, 0.6269345108010568], [1, 5, 0.6260311610867167], [1, 10, 0.6264882323759137], [1, 15, 0.626398304454464], [1, 20, 0.6268708014390383], [1, 25, 0.6272270049564737], [1, 30, 0.6267608149908875], [5, 1, 0.6273695554033719], [5, 5, 0.6261912395686551], [5, 10, 0.6275088532340949], [5, 15, 0.6254406708337868], [5, 20, 0.6270666581155713], [5, 25, 0.6270018497041445], [5, 30, 0.6262247556305528], [10, 1, 0.6282187425840808], [10, 5, 0.627790420345976], [10, 10, 0.6273400842277654], [10, 15, 0.628046171436872], [10, 20, 0.6262083522584732], [10, 25, 0.626497779204301], [10, 30, 0.6272773781560015], [15, 1, 0.6272772439765194], [15, 5, 0.624372635419737], [15, 10, 0.6277185955978227], [15, 15, 0.6269761678626413], [15, 20, 0.6268842845877871], [15, 25, 0.6267633454825484], [15, 30, 0.6276708870694379], [20, 1, 0.6279343766215748], [20, 5, 0.6256748361965754], [20, 10, 0.6262016170874868], [20, 15, 0.6258299878746739], [20, 20, 0.6271211018149425], [20, 25, 0.6272389352902639], [20, 30, 0.6262671348166517], [25, 1, 0.6262498879473518], [25, 5, 0.6259924498620152], [25, 10, 0.6267035852476674], [25, 15, 0.6274852865390306], [25, 20, 0.6277399129669662], [25, 25, 0.6282768158245212], [25, 30, 0.6286516720399571], [30, 1, 0.6274404024748228], [30, 5, 0.6262345964314564], [30, 10, 0.6270083037093908], [30, 15, 0.6278546792326987], [30, 20, 0.62868267041697], [30, 25, 0.6279427731734496], [30, 30, 0.627838691205841]], "Random Start": [[1, 1, 0.5203728013244923], [1, 5, 0.5371537548777888], [1, 10, 0.5372329155487369], [1, 15, 0.535804995849078], [1, 20, 0.5443665644511057], [1, 25, 0.5373759514864589], [1, 30, 0.5362710644419583], [5, 1, 0.5313983361797372], [5, 5, 0.5323002800653768], [5, 10, 0.5390912598261633], [5, 15, 0.5359502493874476], [5, 20, 0.5370153005442861], [5, 25, 0.539841617540893], [5, 30, 0.5376080401231369], [10, 1, 0.5323081014789953], [10, 5, 0.5359060362206498], [10, 10, 0.5296448600283142], [10, 15, 0.5309099597342352], [10, 20, 0.5364233087035021], [10, 25, 0.5356970159814364], [10, 30, 0.5410193838509056], [15, 1, 0.531377581142074], [15, 5, 0.5333586728918855], [15, 10, 0.5320794764786312], [15, 15, 0.5352421299842799], [15, 20, 0.5299754774634002], [15, 25, 0.5368867126252393], [15, 30, 0.5311179894899702], [20, 1, 0.5277250557147901], [20, 5, 0.5274697455826683], [20, 10, 0.5359171358639959], [20, 15, 0.5323681428796164], [20, 20, 0.5300863074087713], [20, 25, 0.5369281842802375], [20, 30, 0.536049231951406], [25, 1, 0.5331270124072057], [25, 5, 0.5318975884416707], [25, 10, 0.5299150335243331], [25, 15, 0.5374786916592473], [25, 20, 0.5293055581805582], [25, 25, 0.5334576938761723], [25, 30, 0.537610864587314], [30, 1, 0.5265713098653921], [30, 5, 0.5401091647860973], [30, 10, 0.5344228549379516], [30, 15, 0.531639735011112], [30, 20, 0.535051104352433], [30, 25, 0.5353518480734666], [30, 30, 0.527783327168593]]}