{"Weight Start": [[1, 1, 0.9669333333333333], [1, 5, 0.9577481481481481], [1, 10, 0.9583703703703704], [1, 15, 0.9593185185185185], [1, 20, 0.9579851851851852], [1, 25, 0.9589333333333333], [1, 30, 0.9613333333333334], [5, 1, 0.9654814814814815], [5, 5, 0.9611259259259259], [5, 10, 0.9609777777777778], [5, 15, 0.9636444444444444], [5, 20, 0.9643851851851852], [5, 25, 0.9659851851851852], [5, 30, 0.9619851851851852], [10, 1, 0.9671407407407407], [10, 5, 0.9645037037037038], [10, 10, 0.964], [10, 15, 0.9651555555555555], [10, 20, 0.9641185185185185], [10, 25, 0.9622814814814815], [10, 30, 0.9676148148148148], [15, 1, 0.9644444444444444], [15, 5, 0.9627555555555556], [15, 10, 0.9658074074074074], [15, 15, 0.9646814814814815], [15, 20, 0.9662518518518519], [15, 25, 0.9635555555555555], [15, 30, 0.9662222222222222], [20, 1, 0.9685037037037038], [20, 5, 0.9638814814814815], [20, 10, 0.9626962962962963], [20, 15, 0.9647407407407408], [20, 20, 0.9653925925925926], [20, 25, 0.9629629629629629], [20, 30, 0.9678222222222221], [25, 1, 0.9654222222222223], [25, 5, 0.9639407407407408], [25, 10, 0.962725925925926], [25, 15, 0.9661037037037037], [25, 20, 0.9673185185185186], [25, 25, 0.9664296296296296], [25, 30, 0.9659851851851852], [30, 1, 0.9665185185185186], [30, 5, 0.9656], [30, 10, 0.9637037037037037], [30, 15, 0.9671407407407407], [30, 20, 0.9664592592592592], [30, 25, 0.9651259259259259], [30, 30, 0.9668444444444444]], "Random Start": [[1, 1, 0.3145777777777778], [1, 5, 0.33010370370370373], [1, 10, 0.35075555555555554], [1, 15, 0.3566518518518519], [1, 20, 0.36417777777777777], [1, 25, 0.3593481481481482], [1, 30, 0.36142222222222226], [5, 1, 0.32453333333333334], [5, 5, 0.3390222222222222], [5, 10, 0.3562074074074074], [5, 15, 0.36485925925925927], [5, 20, 0.37001481481481485], [5, 25, 0.3778666666666667], [5, 30, 0.3807111111111111], [10, 1, 0.31875555555555557], [10, 5, 0.34296296296296297], [10, 10, 0.353362962962963], [10, 15, 0.36560000000000004], [10, 20, 0.3772740740740741], [10, 25, 0.37549629629629633], [10, 30, 0.3837333333333333], [15, 1, 0.3210962962962963], [15, 5, 0.3507555555555556], [15, 10, 0.3655703703703704], [15, 15, 0.3704], [15, 20, 0.36515555555555557], [15, 25, 0.36912592592592597], [15, 30, 0.37789629629629634], [20, 1, 0.32281481481481483], [20, 5, 0.35543703703703705], [20, 10, 0.36145185185185186], [20, 15, 0.37893333333333334], [20, 20, 0.37093333333333334], [20, 25, 0.37842962962962967], [20, 30, 0.38924444444444445], [25, 1, 0.32480000000000003], [25, 5, 0.3473777777777778], [25, 10, 0.3642370370370371], [25, 15, 0.3794666666666667], [25, 20, 0.36580740740740747], [25, 25, 0.3796148148148148], [25, 30, 0.38865185185185186], [30, 1, 0.3076444444444445], [30, 5, 0.35582222222222226], [30, 10, 0.36613333333333337], [30, 15, 0.36545185185185186], [30, 20, 0.374162962962963], [30, 25, 0.3841481481481482], [30, 30, 0.3753185185185185]]}