{"Weight Start": [[1, 1, 0.9578962962962964], [1, 5, 0.9588148148148148], [1, 10, 0.9587555555555555], [1, 15, 0.9600592592592593], [1, 20, 0.9608], [1, 25, 0.9616592592592592], [1, 30, 0.9615111111111111], [5, 1, 0.958962962962963], [5, 5, 0.9606222222222222], [5, 10, 0.9627555555555555], [5, 15, 0.9632888888888889], [5, 20, 0.9635555555555555], [5, 25, 0.9636444444444444], [5, 30, 0.9635555555555555], [10, 1, 0.9601481481481482], [10, 5, 0.9632888888888889], [10, 10, 0.9637333333333333], [10, 15, 0.9635555555555555], [10, 20, 0.9635555555555555], [10, 25, 0.9636444444444444], [10, 30, 0.9640888888888889], [15, 1, 0.9626370370370371], [15, 5, 0.9634666666666666], [15, 10, 0.9635555555555555], [15, 15, 0.9635555555555555], [15, 20, 0.964], [15, 25, 0.9643259259259259], [15, 30, 0.9635555555555555], [20, 1, 0.9614222222222222], [20, 5, 0.9632], [20, 10, 0.9641777777777778], [20, 15, 0.9635555555555555], [20, 20, 0.9637333333333333], [20, 25, 0.9635555555555555], [20, 30, 0.9635555555555555], [25, 1, 0.9626074074074075], [25, 5, 0.9632888888888889], [25, 10, 0.9634666666666666], [25, 15, 0.9637333333333333], [25, 20, 0.9635555555555555], [25, 25, 0.9635555555555555], [25, 30, 0.9637333333333333], [30, 1, 0.9631407407407407], [30, 5, 0.9647407407407407], [30, 10, 0.9636444444444444], [30, 15, 0.9635555555555555], [30, 20, 0.963911111111111], [30, 25, 0.9635555555555555], [30, 30, 0.9637333333333333]], "Random Start": [[1, 1, 0.3456296296296297], [1, 5, 0.4202370370370371], [1, 10, 0.4554370370370371], [1, 15, 0.4751407407407408], [1, 20, 0.5061333333333333], [1, 25, 0.5169481481481482], [1, 30, 0.499525925925926], [5, 1, 0.3897185185185186], [5, 5, 0.47552592592592596], [5, 10, 0.523525925925926], [5, 15, 0.5482666666666667], [5, 20, 0.5576888888888889], [5, 25, 0.5529777777777778], [5, 30, 0.5532444444444444], [10, 1, 0.4036444444444445], [10, 5, 0.4905185185185186], [10, 10, 0.5404740740740741], [10, 15, 0.5652148148148148], [10, 20, 0.5592], [10, 25, 0.6126222222222222], [10, 30, 0.6235851851851851], [15, 1, 0.4166518518518519], [15, 5, 0.5150222222222223], [15, 10, 0.5662222222222222], [15, 15, 0.565837037037037], [15, 20, 0.6181629629629629], [15, 25, 0.6164148148148149], [15, 30, 0.6327407407407407], [20, 1, 0.421362962962963], [20, 5, 0.5364148148148148], [20, 10, 0.5683851851851852], [20, 15, 0.6037037037037037], [20, 20, 0.6266074074074074], [20, 25, 0.6401481481481481], [20, 30, 0.6535407407407408], [25, 1, 0.42059259259259263], [25, 5, 0.5182518518518519], [25, 10, 0.5763555555555556], [25, 15, 0.6165333333333334], [25, 20, 0.6312296296296297], [25, 25, 0.6232592592592593], [25, 30, 0.6555851851851852], [30, 1, 0.4174518518518519], [30, 5, 0.5302518518518519], [30, 10, 0.5783703703703704], [30, 15, 0.6152592592592593], [30, 20, 0.6339555555555556], [30, 25, 0.6614814814814814], [30, 30, 0.6704296296296296]]}