{"Weight Start": [[1, 1, 0.9720592592592593], [1, 5, 0.9669037037037037], [1, 10, 0.9696], [1, 15, 0.9655111111111112], [1, 20, 0.968237037037037], [1, 25, 0.9700740740740741], [1, 30, 0.9697185185185185], [5, 1, 0.9736888888888889], [5, 5, 0.970488888888889], [5, 10, 0.9689481481481482], [5, 15, 0.9692740740740741], [5, 20, 0.9672296296296297], [5, 25, 0.9692740740740741], [5, 30, 0.9693037037037038], [10, 1, 0.9736888888888889], [10, 5, 0.9701925925925926], [10, 10, 0.9696296296296296], [10, 15, 0.9682962962962963], [10, 20, 0.9713185185185186], [10, 25, 0.9714074074074074], [10, 30, 0.9683259259259259], [15, 1, 0.9737777777777779], [15, 5, 0.9682962962962963], [15, 10, 0.9691555555555555], [15, 15, 0.9677037037037037], [15, 20, 0.9700444444444445], [15, 25, 0.9685037037037038], [15, 30, 0.9676740740740741], [20, 1, 0.9718814814814816], [20, 5, 0.9713185185185186], [20, 10, 0.9690962962962963], [20, 15, 0.9662518518518519], [20, 20, 0.9720296296296297], [20, 25, 0.9678518518518519], [20, 30, 0.9700444444444445], [25, 1, 0.9744592592592594], [25, 5, 0.9703703703703704], [25, 10, 0.9719703703703704], [25, 15, 0.9672296296296297], [25, 20, 0.9688592592592593], [25, 25, 0.9712296296296297], [25, 30, 0.9666370370370371], [30, 1, 0.9705777777777778], [30, 5, 0.9693925925925926], [30, 10, 0.9724148148148148], [30, 15, 0.9698074074074075], [30, 20, 0.9722074074074074], [30, 25, 0.9699851851851853], [30, 30, 0.9713185185185186]], "Random Start": [[1, 1, 0.30989629629629634], [1, 5, 0.31490370370370374], [1, 10, 0.3098666666666667], [1, 15, 0.3141037037037037], [1, 20, 0.32], [1, 25, 0.30912592592592597], [1, 30, 0.317125925925926], [5, 1, 0.30299259259259265], [5, 5, 0.3083851851851852], [5, 10, 0.3119703703703704], [5, 15, 0.30829629629629635], [5, 20, 0.3249777777777778], [5, 25, 0.3105185185185185], [5, 30, 0.3264592592592593], [10, 1, 0.30776296296296296], [10, 5, 0.3079407407407408], [10, 10, 0.31543703703703707], [10, 15, 0.30471111111111115], [10, 20, 0.3058666666666667], [10, 25, 0.30634074074074075], [10, 30, 0.30702222222222225], [15, 1, 0.304], [15, 5, 0.3105185185185185], [15, 10, 0.30847407407407407], [15, 15, 0.30589629629629633], [15, 20, 0.3084740740740741], [15, 25, 0.3080888888888889], [15, 30, 0.31401481481481486], [20, 1, 0.30314074074074077], [20, 5, 0.30874074074074076], [20, 10, 0.31205925925925926], [20, 15, 0.3142518518518519], [20, 20, 0.3164148148148148], [20, 25, 0.32162962962962965], [20, 30, 0.3198518518518519], [25, 1, 0.29760000000000003], [25, 5, 0.2979259259259259], [25, 10, 0.3147851851851852], [25, 15, 0.31362962962962965], [25, 20, 0.31131851851851855], [25, 25, 0.3171555555555556], [25, 30, 0.31848888888888893], [30, 1, 0.2981037037037037], [30, 5, 0.3104], [30, 10, 0.3166814814814815], [30, 15, 0.30903703703703705], [30, 20, 0.310962962962963], [30, 25, 0.31422222222222224], [30, 30, 0.3125925925925926]]}