{"Weight Start": [[1, 1, 0.9564444444444444], [1, 5, 0.9573925925925926], [1, 10, 0.9587555555555556], [1, 15, 0.96], [1, 20, 0.9608], [1, 25, 0.9601777777777778], [1, 30, 0.9623111111111111], [5, 1, 0.9592], [5, 5, 0.9611259259259259], [5, 10, 0.9624888888888888], [5, 15, 0.963911111111111], [5, 20, 0.9638222222222221], [5, 25, 0.9637333333333332], [5, 30, 0.9641481481481481], [10, 1, 0.9592888888888889], [10, 5, 0.9619555555555556], [10, 10, 0.9632888888888889], [10, 15, 0.9638222222222221], [10, 20, 0.9636444444444444], [10, 25, 0.9635555555555555], [10, 30, 0.9641481481481481], [15, 1, 0.9626666666666667], [15, 5, 0.9641481481481481], [15, 10, 0.9634666666666666], [15, 15, 0.9636444444444444], [15, 20, 0.9638222222222221], [15, 25, 0.9636444444444444], [15, 30, 0.9635555555555555], [20, 1, 0.9607111111111111], [20, 5, 0.964562962962963], [20, 10, 0.9634666666666666], [20, 15, 0.963911111111111], [20, 20, 0.9636444444444444], [20, 25, 0.9636444444444444], [20, 30, 0.9635555555555555], [25, 1, 0.9606814814814815], [25, 5, 0.9638814814814815], [25, 10, 0.9635555555555555], [25, 15, 0.9635555555555555], [25, 20, 0.9635555555555555], [25, 25, 0.9637333333333332], [25, 30, 0.9635555555555555], [30, 1, 0.9627851851851852], [30, 5, 0.9651851851851851], [30, 10, 0.9637333333333333], [30, 15, 0.9641481481481481], [30, 20, 0.9635555555555555], [30, 25, 0.9637333333333333], [30, 30, 0.9640888888888888]], "Random Start": [[1, 1, 0.3373037037037037], [1, 5, 0.4142222222222222], [1, 10, 0.44423703703703704], [1, 15, 0.4691555555555556], [1, 20, 0.46420740740740746], [1, 25, 0.4670518518518519], [1, 30, 0.5086814814814815], [5, 1, 0.384562962962963], [5, 5, 0.4622814814814815], [5, 10, 0.49573333333333336], [5, 15, 0.49804444444444446], [5, 20, 0.5360296296296296], [5, 25, 0.5449777777777778], [5, 30, 0.5486814814814815], [10, 1, 0.3898666666666667], [10, 5, 0.4716148148148149], [10, 10, 0.5364444444444445], [10, 15, 0.5354666666666666], [10, 20, 0.5662814814814815], [10, 25, 0.5751703703703704], [10, 30, 0.5721185185185186], [15, 1, 0.40491851851851857], [15, 5, 0.47768888888888894], [15, 10, 0.5272592592592593], [15, 15, 0.5581333333333334], [15, 20, 0.5823703703703704], [15, 25, 0.5794666666666667], [15, 30, 0.6046518518518519], [20, 1, 0.3899851851851852], [20, 5, 0.4953777777777778], [20, 10, 0.5368], [20, 15, 0.5700444444444445], [20, 20, 0.5724444444444444], [20, 25, 0.6082074074074074], [20, 30, 0.6140740740740741], [25, 1, 0.39208888888888893], [25, 5, 0.4976888888888889], [25, 10, 0.542962962962963], [25, 15, 0.575674074074074], [25, 20, 0.5922666666666666], [25, 25, 0.6162666666666667], [25, 30, 0.6319407407407407], [30, 1, 0.400325925925926], [30, 5, 0.5098666666666667], [30, 10, 0.5602074074074074], [30, 15, 0.5790518518518518], [30, 20, 0.5986962962962963], [30, 25, 0.6227851851851852], [30, 30, 0.6257185185185186]]}