{"Weight Start": [[1, 1, 0.9579555555555556], [1, 5, 0.9554666666666667], [1, 10, 0.9573333333333334], [1, 15, 0.9576], [1, 20, 0.9605925925925926], [1, 25, 0.9613333333333333], [1, 30, 0.9611555555555555], [5, 1, 0.9603259259259259], [5, 5, 0.9622518518518518], [5, 10, 0.9619555555555556], [5, 15, 0.9631111111111111], [5, 20, 0.963111111111111], [5, 25, 0.9636444444444444], [5, 30, 0.9633777777777777], [10, 1, 0.9601777777777778], [10, 5, 0.9623999999999999], [10, 10, 0.9633481481481481], [10, 15, 0.963911111111111], [10, 20, 0.9637333333333333], [10, 25, 0.9640888888888889], [10, 30, 0.9636444444444444], [15, 1, 0.9610074074074074], [15, 5, 0.9627555555555555], [15, 10, 0.9633777777777777], [15, 15, 0.9636444444444444], [15, 20, 0.9635555555555555], [15, 25, 0.9637333333333333], [15, 30, 0.963911111111111], [20, 1, 0.9636444444444444], [20, 5, 0.9636148148148148], [20, 10, 0.9635555555555555], [20, 15, 0.9641481481481481], [20, 20, 0.9636444444444444], [20, 25, 0.9636444444444444], [20, 30, 0.9641481481481481], [25, 1, 0.9669037037037037], [25, 5, 0.9646518518518519], [25, 10, 0.9640592592592592], [25, 15, 0.9640888888888888], [25, 20, 0.9635555555555555], [25, 25, 0.9636444444444444], [25, 30, 0.9635555555555555], [30, 1, 0.9629037037037037], [30, 5, 0.9640888888888889], [30, 10, 0.9637333333333333], [30, 15, 0.9635555555555555], [30, 20, 0.9635555555555555], [30, 25, 0.9636444444444444], [30, 30, 0.9635555555555555]], "Random Start": [[1, 1, 0.3316740740740741], [1, 5, 0.39677037037037044], [1, 10, 0.42758518518518523], [1, 15, 0.43460740740740744], [1, 20, 0.4641777777777778], [1, 25, 0.46275555555555564], [1, 30, 0.46551111111111115], [5, 1, 0.3721185185185185], [5, 5, 0.44047407407407413], [5, 10, 0.48340740740740745], [5, 15, 0.49028148148148154], [5, 20, 0.5088], [5, 25, 0.5130370370370371], [5, 30, 0.5154666666666667], [10, 1, 0.37475555555555556], [10, 5, 0.45362962962962966], [10, 10, 0.48586666666666667], [10, 15, 0.5067851851851852], [10, 20, 0.5223111111111112], [10, 25, 0.5237037037037038], [10, 30, 0.5355851851851852], [15, 1, 0.3678222222222223], [15, 5, 0.4598518518518519], [15, 10, 0.5048592592592593], [15, 15, 0.5168296296296296], [15, 20, 0.5396148148148149], [15, 25, 0.5495111111111112], [15, 30, 0.5636444444444445], [20, 1, 0.3780740740740741], [20, 5, 0.47555555555555556], [20, 10, 0.4935111111111111], [20, 15, 0.5259259259259259], [20, 20, 0.5413037037037037], [20, 25, 0.5562370370370371], [20, 30, 0.5716740740740741], [25, 1, 0.38065185185185185], [25, 5, 0.4628444444444445], [25, 10, 0.5060740740740741], [25, 15, 0.525125925925926], [25, 20, 0.5507555555555556], [25, 25, 0.5607407407407408], [25, 30, 0.5727407407407408], [30, 1, 0.3874666666666667], [30, 5, 0.4749333333333334], [30, 10, 0.5081185185185185], [30, 15, 0.5517037037037037], [30, 20, 0.5472], [30, 25, 0.5790814814814815], [30, 30, 0.5739555555555556]]}