{"Weight Start": [[1, 1, 0.9605925925925927], [1, 5, 0.9571555555555555], [1, 10, 0.957037037037037], [1, 15, 0.9586370370370371], [1, 20, 0.9602666666666666], [1, 25, 0.9605037037037037], [1, 30, 0.9613333333333333], [5, 1, 0.9625185185185186], [5, 5, 0.9592888888888889], [5, 10, 0.9622814814814814], [5, 15, 0.9617777777777777], [5, 20, 0.9632], [5, 25, 0.9641481481481481], [5, 30, 0.9634666666666666], [10, 1, 0.9613037037037038], [10, 5, 0.9623407407407407], [10, 10, 0.9628444444444444], [10, 15, 0.9636148148148148], [10, 20, 0.9650962962962962], [10, 25, 0.9647407407407407], [10, 30, 0.9641481481481481], [15, 1, 0.9629925925925926], [15, 5, 0.9633481481481482], [15, 10, 0.9642962962962962], [15, 15, 0.9632], [15, 20, 0.9641481481481481], [15, 25, 0.9635555555555555], [15, 30, 0.963911111111111], [20, 1, 0.9638222222222222], [20, 5, 0.9622814814814814], [20, 10, 0.9638222222222221], [20, 15, 0.9636444444444444], [20, 20, 0.9635555555555555], [20, 25, 0.9634666666666666], [20, 30, 0.963911111111111], [25, 1, 0.9617481481481481], [25, 5, 0.9645333333333334], [25, 10, 0.9636148148148148], [25, 15, 0.9640592592592592], [25, 20, 0.9649185185185185], [25, 25, 0.9638222222222221], [25, 30, 0.9648592592592592], [30, 1, 0.9634962962962963], [30, 5, 0.9628148148148148], [30, 10, 0.9654222222222222], [30, 15, 0.9634666666666666], [30, 20, 0.9635555555555555], [30, 25, 0.9647407407407407], [30, 30, 0.9641481481481481]], "Random Start": [[1, 1, 0.3318814814814815], [1, 5, 0.37949629629629633], [1, 10, 0.4188740740740741], [1, 15, 0.4279703703703704], [1, 20, 0.4489481481481482], [1, 25, 0.4424592592592593], [1, 30, 0.45380740740740744], [5, 1, 0.354962962962963], [5, 5, 0.42642962962962966], [5, 10, 0.4443555555555556], [5, 15, 0.4571851851851852], [5, 20, 0.4733037037037037], [5, 25, 0.47522962962962967], [5, 30, 0.49042962962962966], [10, 1, 0.3511703703703704], [10, 5, 0.4210666666666667], [10, 10, 0.464325925925926], [10, 15, 0.4662518518518519], [10, 20, 0.4623111111111111], [10, 25, 0.49345185185185186], [10, 30, 0.49013333333333337], [15, 1, 0.3688296296296297], [15, 5, 0.42930370370370374], [15, 10, 0.4696888888888889], [15, 15, 0.4772740740740741], [15, 20, 0.4934814814814815], [15, 25, 0.5124148148148149], [15, 30, 0.49404444444444445], [20, 1, 0.36074074074074075], [20, 5, 0.4270518518518519], [20, 10, 0.45908148148148153], [20, 15, 0.48459259259259263], [20, 20, 0.4856592592592593], [20, 25, 0.505125925925926], [20, 30, 0.5119407407407408], [25, 1, 0.3613037037037037], [25, 5, 0.4302814814814815], [25, 10, 0.4575703703703704], [25, 15, 0.4869333333333334], [25, 20, 0.5109333333333334], [25, 25, 0.5130666666666667], [25, 30, 0.5218962962962963], [30, 1, 0.3605037037037037], [30, 5, 0.4531555555555556], [30, 10, 0.4696592592592593], [30, 15, 0.4848], [30, 20, 0.5068148148148148], [30, 25, 0.5138074074074074], [30, 30, 0.5245037037037037]]}