{"Weight Start": [[1, 1, 0.9638222222222222], [1, 5, 0.957925925925926], [1, 10, 0.9566222222222223], [1, 15, 0.9582814814814814], [1, 20, 0.9586370370370371], [1, 25, 0.9601185185185185], [1, 30, 0.9603555555555555], [5, 1, 0.9679111111111112], [5, 5, 0.9581333333333333], [5, 10, 0.959911111111111], [5, 15, 0.9621925925925926], [5, 20, 0.963911111111111], [5, 25, 0.9627555555555555], [5, 30, 0.963111111111111], [10, 1, 0.9630518518518518], [10, 5, 0.9626962962962963], [10, 10, 0.9621925925925926], [10, 15, 0.9629037037037037], [10, 20, 0.9638814814814815], [10, 25, 0.9651555555555555], [10, 30, 0.9640592592592592], [15, 1, 0.9626666666666667], [15, 5, 0.9614222222222222], [15, 10, 0.9623999999999999], [15, 15, 0.9625777777777778], [15, 20, 0.9643555555555555], [15, 25, 0.9646518518518519], [15, 30, 0.9632], [20, 1, 0.9608296296296297], [20, 5, 0.9629333333333333], [20, 10, 0.9628444444444444], [20, 15, 0.9642962962962962], [20, 20, 0.964237037037037], [20, 25, 0.9637333333333333], [20, 30, 0.9647407407407407], [25, 1, 0.9635555555555556], [25, 5, 0.9613037037037037], [25, 10, 0.964237037037037], [25, 15, 0.9633777777777778], [25, 20, 0.9656], [25, 25, 0.9648296296296296], [25, 30, 0.9638222222222222], [30, 1, 0.9671407407407407], [30, 5, 0.9661925925925926], [30, 10, 0.9665185185185186], [30, 15, 0.9649185185185185], [30, 20, 0.9640592592592593], [30, 25, 0.9641481481481481], [30, 30, 0.964]], "Random Start": [[1, 1, 0.3152592592592593], [1, 5, 0.36287407407407407], [1, 10, 0.3699851851851852], [1, 15, 0.39511111111111114], [1, 20, 0.40951111111111116], [1, 25, 0.4028444444444445], [1, 30, 0.408562962962963], [5, 1, 0.33952592592592595], [5, 5, 0.38376296296296303], [5, 10, 0.4126222222222222], [5, 15, 0.4139555555555556], [5, 20, 0.42000000000000004], [5, 25, 0.44091851851851854], [5, 30, 0.43348148148148147], [10, 1, 0.34340740740740744], [10, 5, 0.39022222222222225], [10, 10, 0.40450370370370375], [10, 15, 0.42758518518518523], [10, 20, 0.4336888888888889], [10, 25, 0.44871111111111117], [10, 30, 0.4434074074074074], [15, 1, 0.33262222222222226], [15, 5, 0.39783703703703704], [15, 10, 0.4162666666666667], [15, 15, 0.4312], [15, 20, 0.4394074074074074], [15, 25, 0.4414518518518519], [15, 30, 0.44050370370370373], [20, 1, 0.3345777777777778], [20, 5, 0.39208888888888893], [20, 10, 0.4173333333333334], [20, 15, 0.4401777777777778], [20, 20, 0.44320000000000004], [20, 25, 0.4509037037037037], [20, 30, 0.454962962962963], [25, 1, 0.34571851851851854], [25, 5, 0.3878814814814815], [25, 10, 0.4121777777777778], [25, 15, 0.44263703703703705], [25, 20, 0.4427851851851852], [25, 25, 0.45549629629629634], [25, 30, 0.4683555555555556], [30, 1, 0.3484740740740741], [30, 5, 0.38823703703703705], [30, 10, 0.4161777777777778], [30, 15, 0.43890370370370374], [30, 20, 0.4469925925925926], [30, 25, 0.46023703703703706], [30, 30, 0.4622518518518519]]}