{"Weight Start": [[1, 1, 0.9733333333333334], [1, 5, 0.9666666666666667], [1, 10, 0.9666666666666667], [1, 15, 0.9666666666666667], [1, 20, 0.9677777777777777], [1, 25, 0.9666666666666667], [1, 30, 0.9666666666666667], [5, 1, 0.9744444444444444], [5, 5, 0.9688888888888889], [5, 10, 0.9666666666666667], [5, 15, 0.9666666666666667], [5, 20, 0.9666666666666667], [5, 25, 0.9666666666666667], [5, 30, 0.9666666666666667], [10, 1, 0.9733333333333334], [10, 5, 0.9666666666666667], [10, 10, 0.9677777777777777], [10, 15, 0.9666666666666667], [10, 20, 0.9666666666666667], [10, 25, 0.9666666666666667], [10, 30, 0.9666666666666667], [15, 1, 0.9722222222222222], [15, 5, 0.9666666666666667], [15, 10, 0.9666666666666667], [15, 15, 0.9666666666666667], [15, 20, 0.9666666666666667], [15, 25, 0.9666666666666667], [15, 30, 0.9666666666666667], [20, 1, 0.9766666666666667], [20, 5, 0.9677777777777777], [20, 10, 0.9666666666666667], [20, 15, 0.9677777777777777], [20, 20, 0.9666666666666667], [20, 25, 0.9666666666666667], [20, 30, 0.9677777777777777], [25, 1, 0.9811111111111112], [25, 5, 0.9688888888888889], [25, 10, 0.9677777777777777], [25, 15, 0.9666666666666667], [25, 20, 0.9666666666666667], [25, 25, 0.9666666666666667], [25, 30, 0.9666666666666667], [30, 1, 0.9755555555555555], [30, 5, 0.9666666666666667], [30, 10, 0.9666666666666667], [30, 15, 0.9666666666666667], [30, 20, 0.9666666666666667], [30, 25, 0.9666666666666667], [30, 30, 0.9666666666666667]], "Random Start": [[1, 1, 0.03777777777777778], [1, 5, 0.06888888888888889], [1, 10, 0.09333333333333334], [1, 15, 0.09555555555555556], [1, 20, 0.14333333333333334], [1, 25, 0.12111111111111111], [1, 30, 0.12666666666666668], [5, 1, 0.06666666666666667], [5, 5, 0.13333333333333333], [5, 10, 0.19777777777777777], [5, 15, 0.19222222222222224], [5, 20, 0.22777777777777777], [5, 25, 0.21555555555555556], [5, 30, 0.20777777777777778], [10, 1, 0.07444444444444445], [10, 5, 0.16666666666666669], [10, 10, 0.19], [10, 15, 0.22555555555555556], [10, 20, 0.2388888888888889], [10, 25, 0.24000000000000002], [10, 30, 0.26666666666666666], [15, 1, 0.06111111111111111], [15, 5, 0.1877777777777778], [15, 10, 0.25222222222222224], [15, 15, 0.2577777777777778], [15, 20, 0.29333333333333333], [15, 25, 0.2977777777777778], [15, 30, 0.33555555555555555], [20, 1, 0.09333333333333334], [20, 5, 0.21], [20, 10, 0.22444444444444445], [20, 15, 0.28555555555555556], [20, 20, 0.31333333333333335], [20, 25, 0.33555555555555555], [20, 30, 0.35444444444444445], [25, 1, 0.10222222222222223], [25, 5, 0.18], [25, 10, 0.26666666666666666], [25, 15, 0.2777777777777778], [25, 20, 0.33555555555555555], [25, 25, 0.33444444444444443], [25, 30, 0.3566666666666667], [30, 1, 0.12777777777777777], [30, 5, 0.21888888888888888], [30, 10, 0.27], [30, 15, 0.35444444444444445], [30, 20, 0.32], [30, 25, 0.3788888888888889], [30, 30, 0.3677777777777778]]}