{"Weight Start": [[1, 1, 0.9777777777777777], [1, 5, 0.9666666666666667], [1, 10, 0.9677777777777777], [1, 15, 0.9677777777777777], [1, 20, 0.9666666666666667], [1, 25, 0.9677777777777777], [1, 30, 0.9666666666666667], [5, 1, 0.9788888888888889], [5, 5, 0.9666666666666667], [5, 10, 0.9677777777777777], [5, 15, 0.9666666666666667], [5, 20, 0.9666666666666667], [5, 25, 0.9677777777777777], [5, 30, 0.9666666666666667], [10, 1, 0.9766666666666667], [10, 5, 0.9688888888888889], [10, 10, 0.9666666666666667], [10, 15, 0.9677777777777777], [10, 20, 0.9688888888888889], [10, 25, 0.9688888888888889], [10, 30, 0.9677777777777777], [15, 1, 0.9766666666666667], [15, 5, 0.9711111111111111], [15, 10, 0.9688888888888889], [15, 15, 0.9666666666666667], [15, 20, 0.9677777777777777], [15, 25, 0.9666666666666667], [15, 30, 0.9666666666666667], [20, 1, 0.98], [20, 5, 0.9677777777777777], [20, 10, 0.9666666666666667], [20, 15, 0.9666666666666667], [20, 20, 0.9666666666666667], [20, 25, 0.9666666666666667], [20, 30, 0.9666666666666667], [25, 1, 0.9744444444444444], [25, 5, 0.97], [25, 10, 0.9677777777777777], [25, 15, 0.9677777777777777], [25, 20, 0.9688888888888889], [25, 25, 0.9666666666666667], [25, 30, 0.9677777777777777], [30, 1, 0.9777777777777777], [30, 5, 0.9677777777777777], [30, 10, 0.97], [30, 15, 0.9666666666666667], [30, 20, 0.9666666666666667], [30, 25, 0.9688888888888889], [30, 30, 0.9677777777777777]], "Random Start": [[1, 1, 0.051111111111111114], [1, 5, 0.058888888888888886], [1, 10, 0.11444444444444445], [1, 15, 0.11444444444444445], [1, 20, 0.1388888888888889], [1, 25, 0.11], [1, 30, 0.13333333333333333], [5, 1, 0.06222222222222222], [5, 5, 0.1388888888888889], [5, 10, 0.13666666666666666], [5, 15, 0.15444444444444444], [5, 20, 0.1688888888888889], [5, 25, 0.17333333333333334], [5, 30, 0.20222222222222222], [10, 1, 0.043333333333333335], [10, 5, 0.12111111111111111], [10, 10, 0.2], [10, 15, 0.1788888888888889], [10, 20, 0.15777777777777777], [10, 25, 0.21222222222222223], [10, 30, 0.19666666666666668], [15, 1, 0.09], [15, 5, 0.16444444444444445], [15, 10, 0.19777777777777777], [15, 15, 0.2111111111111111], [15, 20, 0.24666666666666667], [15, 25, 0.2688888888888889], [15, 30, 0.2222222222222222], [20, 1, 0.08777777777777777], [20, 5, 0.13222222222222224], [20, 10, 0.20555555555555555], [20, 15, 0.21555555555555556], [20, 20, 0.22], [20, 25, 0.25333333333333335], [20, 30, 0.2644444444444444], [25, 1, 0.08333333333333333], [25, 5, 0.18222222222222223], [25, 10, 0.18555555555555556], [25, 15, 0.2311111111111111], [25, 20, 0.2811111111111111], [25, 25, 0.2722222222222222], [25, 30, 0.30666666666666664], [30, 1, 0.09222222222222222], [30, 5, 0.20777777777777778], [30, 10, 0.22333333333333333], [30, 15, 0.24444444444444444], [30, 20, 0.29], [30, 25, 0.28555555555555556], [30, 30, 0.31]]}