{"Weight Start": [[1, 1, 0.9833333333333334], [1, 5, 0.9711111111111111], [1, 10, 0.9666666666666667], [1, 15, 0.9677777777777777], [1, 20, 0.9677777777777777], [1, 25, 0.9688888888888889], [1, 30, 0.9666666666666667], [5, 1, 0.9866666666666667], [5, 5, 0.9666666666666667], [5, 10, 0.9666666666666667], [5, 15, 0.9677777777777777], [5, 20, 0.97], [5, 25, 0.9666666666666667], [5, 30, 0.9666666666666667], [10, 1, 0.9811111111111112], [10, 5, 0.9722222222222222], [10, 10, 0.9677777777777777], [10, 15, 0.9677777777777777], [10, 20, 0.9677777777777777], [10, 25, 0.97], [10, 30, 0.9677777777777777], [15, 1, 0.98], [15, 5, 0.97], [15, 10, 0.9666666666666667], [15, 15, 0.9666666666666667], [15, 20, 0.9666666666666667], [15, 25, 0.9688888888888889], [15, 30, 0.9666666666666667], [20, 1, 0.9755555555555555], [20, 5, 0.9688888888888889], [20, 10, 0.9666666666666667], [20, 15, 0.9688888888888889], [20, 20, 0.9677777777777777], [20, 25, 0.9666666666666667], [20, 30, 0.9688888888888889], [25, 1, 0.98], [25, 5, 0.9677777777777777], [25, 10, 0.9677777777777777], [25, 15, 0.9666666666666667], [25, 20, 0.97], [25, 25, 0.9688888888888889], [25, 30, 0.9666666666666667], [30, 1, 0.9855555555555555], [30, 5, 0.9744444444444444], [30, 10, 0.9722222222222222], [30, 15, 0.9688888888888889], [30, 20, 0.9677777777777777], [30, 25, 0.9677777777777777], [30, 30, 0.9666666666666667]], "Random Start": [[1, 1, 0.03888888888888889], [1, 5, 0.05], [1, 10, 0.04666666666666667], [1, 15, 0.08333333333333333], [1, 20, 0.10111111111111111], [1, 25, 0.08666666666666667], [1, 30, 0.08888888888888889], [5, 1, 0.051111111111111114], [5, 5, 0.09], [5, 10, 0.14444444444444446], [5, 15, 0.12222222222222223], [5, 20, 0.1388888888888889], [5, 25, 0.16444444444444445], [5, 30, 0.14], [10, 1, 0.06444444444444444], [10, 5, 0.1111111111111111], [10, 10, 0.11888888888888889], [10, 15, 0.15888888888888889], [10, 20, 0.17], [10, 25, 0.18555555555555556], [10, 30, 0.17], [15, 1, 0.057777777777777775], [15, 5, 0.14777777777777779], [15, 10, 0.16666666666666669], [15, 15, 0.18666666666666668], [15, 20, 0.17555555555555555], [15, 25, 0.17555555555555555], [15, 30, 0.15666666666666668], [20, 1, 0.05], [20, 5, 0.12333333333333334], [20, 10, 0.16111111111111112], [20, 15, 0.19222222222222224], [20, 20, 0.19333333333333333], [20, 25, 0.19], [20, 30, 0.19666666666666668], [25, 1, 0.06777777777777778], [25, 5, 0.11], [25, 10, 0.15], [25, 15, 0.18666666666666668], [25, 20, 0.19111111111111112], [25, 25, 0.20666666666666667], [25, 30, 0.22111111111111112], [30, 1, 0.06666666666666667], [30, 5, 0.14222222222222222], [30, 10, 0.17777777777777778], [30, 15, 0.19222222222222224], [30, 20, 0.2], [30, 25, 0.22111111111111112], [30, 30, 0.21666666666666667]]}