{"Weight Start": [[1, 1, 0.9722222222222222], [1, 5, 0.9677777777777777], [1, 10, 0.9666666666666667], [1, 15, 0.9666666666666667], [1, 20, 0.9666666666666667], [1, 25, 0.9666666666666667], [1, 30, 0.9666666666666667], [5, 1, 0.9688888888888889], [5, 5, 0.9666666666666667], [5, 10, 0.9666666666666667], [5, 15, 0.9666666666666667], [5, 20, 0.9666666666666667], [5, 25, 0.9666666666666667], [5, 30, 0.9666666666666667], [10, 1, 0.97], [10, 5, 0.9666666666666667], [10, 10, 0.9666666666666667], [10, 15, 0.9666666666666667], [10, 20, 0.9666666666666667], [10, 25, 0.9666666666666667], [10, 30, 0.9666666666666667], [15, 1, 0.9744444444444444], [15, 5, 0.9666666666666667], [15, 10, 0.9666666666666667], [15, 15, 0.9666666666666667], [15, 20, 0.9666666666666667], [15, 25, 0.9677777777777777], [15, 30, 0.9666666666666667], [20, 1, 0.97], [20, 5, 0.9666666666666667], [20, 10, 0.9666666666666667], [20, 15, 0.9666666666666667], [20, 20, 0.9666666666666667], [20, 25, 0.9666666666666667], [20, 30, 0.9666666666666667], [25, 1, 0.9722222222222222], [25, 5, 0.9666666666666667], [25, 10, 0.9666666666666667], [25, 15, 0.9666666666666667], [25, 20, 0.9666666666666667], [25, 25, 0.9666666666666667], [25, 30, 0.9666666666666667], [30, 1, 0.9722222222222222], [30, 5, 0.9688888888888889], [30, 10, 0.9666666666666667], [30, 15, 0.9666666666666667], [30, 20, 0.9666666666666667], [30, 25, 0.9666666666666667], [30, 30, 0.9666666666666667]], "Random Start": [[1, 1, 0.04111111111111111], [1, 5, 0.08666666666666667], [1, 10, 0.12111111111111111], [1, 15, 0.13444444444444445], [1, 20, 0.1788888888888889], [1, 25, 0.20222222222222222], [1, 30, 0.15555555555555556], [5, 1, 0.07555555555555556], [5, 5, 0.15555555555555556], [5, 10, 0.23555555555555557], [5, 15, 0.2588888888888889], [5, 20, 0.26555555555555554], [5, 25, 0.25222222222222224], [5, 30, 0.2511111111111111], [10, 1, 0.11444444444444445], [10, 5, 0.18222222222222223], [10, 10, 0.27666666666666667], [10, 15, 0.3055555555555556], [10, 20, 0.27222222222222225], [10, 25, 0.3755555555555556], [10, 30, 0.39222222222222225], [15, 1, 0.13], [15, 5, 0.2488888888888889], [15, 10, 0.33111111111111113], [15, 15, 0.2966666666666667], [15, 20, 0.4066666666666667], [15, 25, 0.39222222222222225], [15, 30, 0.4266666666666667], [20, 1, 0.15555555555555556], [20, 5, 0.29555555555555557], [20, 10, 0.33444444444444443], [20, 15, 0.39], [20, 20, 0.4277777777777778], [20, 25, 0.44555555555555554], [20, 30, 0.47333333333333333], [25, 1, 0.17], [25, 5, 0.25555555555555554], [25, 10, 0.34555555555555556], [25, 15, 0.4188888888888889], [25, 20, 0.43666666666666665], [25, 25, 0.40555555555555556], [25, 30, 0.4722222222222222], [30, 1, 0.1622222222222222], [30, 5, 0.2888888888888889], [30, 10, 0.3711111111111111], [30, 15, 0.4188888888888889], [30, 20, 0.4588888888888889], [30, 25, 0.5044444444444445], [30, 30, 0.5077777777777778]]}