{"Weight Start": [[1, 1, 0.9866666666666667], [1, 5, 0.9711111111111111], [1, 10, 0.9711111111111111], [1, 15, 0.9722222222222222], [1, 20, 0.9688888888888889], [1, 25, 0.97], [1, 30, 0.97], [5, 1, 0.9844444444444445], [5, 5, 0.9744444444444444], [5, 10, 0.9733333333333334], [5, 15, 0.9733333333333334], [5, 20, 0.9722222222222222], [5, 25, 0.9755555555555555], [5, 30, 0.9688888888888889], [10, 1, 0.9855555555555555], [10, 5, 0.9777777777777777], [10, 10, 0.9766666666666667], [10, 15, 0.9733333333333334], [10, 20, 0.9722222222222222], [10, 25, 0.9677777777777777], [10, 30, 0.9777777777777777], [15, 1, 0.9833333333333334], [15, 5, 0.9777777777777777], [15, 10, 0.9788888888888889], [15, 15, 0.9744444444444444], [15, 20, 0.9755555555555555], [15, 25, 0.97], [15, 30, 0.9733333333333334], [20, 1, 0.9911111111111112], [20, 5, 0.9777777777777777], [20, 10, 0.9722222222222222], [20, 15, 0.9722222222222222], [20, 20, 0.9744444444444444], [20, 25, 0.9688888888888889], [20, 30, 0.9733333333333334], [25, 1, 0.9833333333333334], [25, 5, 0.9755555555555555], [25, 10, 0.9711111111111111], [25, 15, 0.9744444444444444], [25, 20, 0.9755555555555555], [25, 25, 0.9722222222222222], [25, 30, 0.9722222222222222], [30, 1, 0.9855555555555555], [30, 5, 0.98], [30, 10, 0.9722222222222222], [30, 15, 0.9755555555555555], [30, 20, 0.9744444444444444], [30, 25, 0.9711111111111111], [30, 30, 0.9733333333333334]], "Random Start": [[1, 1, 0.04666666666666667], [1, 5, 0.035555555555555556], [1, 10, 0.05444444444444445], [1, 15, 0.07], [1, 20, 0.07333333333333333], [1, 25, 0.060000000000000005], [1, 30, 0.07222222222222223], [5, 1, 0.034444444444444444], [5, 5, 0.06], [5, 10, 0.06333333333333334], [5, 15, 0.08777777777777777], [5, 20, 0.08666666666666667], [5, 25, 0.11222222222222222], [5, 30, 0.10333333333333333], [10, 1, 0.04111111111111111], [10, 5, 0.06333333333333334], [10, 10, 0.09222222222222222], [10, 15, 0.11222222222222222], [10, 20, 0.1111111111111111], [10, 25, 0.11333333333333333], [10, 30, 0.12222222222222222], [15, 1, 0.04111111111111111], [15, 5, 0.08333333333333333], [15, 10, 0.09888888888888889], [15, 15, 0.11222222222222222], [15, 20, 0.09777777777777778], [15, 25, 0.11222222222222222], [15, 30, 0.12333333333333334], [20, 1, 0.04555555555555556], [20, 5, 0.10444444444444445], [20, 10, 0.10111111111111111], [20, 15, 0.1288888888888889], [20, 20, 0.11777777777777777], [20, 25, 0.12333333333333334], [20, 30, 0.13555555555555557], [25, 1, 0.04555555555555556], [25, 5, 0.08777777777777777], [25, 10, 0.11444444444444445], [25, 15, 0.13111111111111112], [25, 20, 0.11222222222222222], [25, 25, 0.1388888888888889], [25, 30, 0.1388888888888889], [30, 1, 0.03666666666666667], [30, 5, 0.0811111111111111], [30, 10, 0.12333333333333334], [30, 15, 0.1111111111111111], [30, 20, 0.12444444444444444], [30, 25, 0.1388888888888889], [30, 30, 0.13111111111111112]]}