{"Weight Start": [[1, 1, 0.97], [1, 5, 0.9677777777777777], [1, 10, 0.9666666666666667], [1, 15, 0.9666666666666667], [1, 20, 0.9666666666666667], [1, 25, 0.9666666666666667], [1, 30, 0.9666666666666667], [5, 1, 0.97], [5, 5, 0.9677777777777777], [5, 10, 0.9666666666666667], [5, 15, 0.9666666666666667], [5, 20, 0.9666666666666667], [5, 25, 0.9666666666666667], [5, 30, 0.9677777777777777], [10, 1, 0.97], [10, 5, 0.9666666666666667], [10, 10, 0.9666666666666667], [10, 15, 0.9666666666666667], [10, 20, 0.9666666666666667], [10, 25, 0.9666666666666667], [10, 30, 0.9677777777777777], [15, 1, 0.9733333333333334], [15, 5, 0.9677777777777777], [15, 10, 0.9666666666666667], [15, 15, 0.9666666666666667], [15, 20, 0.9666666666666667], [15, 25, 0.9666666666666667], [15, 30, 0.9666666666666667], [20, 1, 0.97], [20, 5, 0.9688888888888889], [20, 10, 0.9666666666666667], [20, 15, 0.9666666666666667], [20, 20, 0.9666666666666667], [20, 25, 0.9666666666666667], [20, 30, 0.9666666666666667], [25, 1, 0.9711111111111111], [25, 5, 0.9677777777777777], [25, 10, 0.9666666666666667], [25, 15, 0.9666666666666667], [25, 20, 0.9666666666666667], [25, 25, 0.9666666666666667], [25, 30, 0.9666666666666667], [30, 1, 0.9722222222222222], [30, 5, 0.9688888888888889], [30, 10, 0.9666666666666667], [30, 15, 0.9677777777777777], [30, 20, 0.9666666666666667], [30, 25, 0.9666666666666667], [30, 30, 0.9666666666666667]], "Random Start": [[1, 1, 0.03], [1, 5, 0.08222222222222222], [1, 10, 0.12111111111111111], [1, 15, 0.13444444444444445], [1, 20, 0.11777777777777779], [1, 25, 0.1088888888888889], [1, 30, 0.18444444444444444], [5, 1, 0.08444444444444445], [5, 5, 0.16333333333333333], [5, 10, 0.18444444444444444], [5, 15, 0.17333333333333334], [5, 20, 0.24555555555555555], [5, 25, 0.26], [5, 30, 0.2611111111111111], [10, 1, 0.09222222222222222], [10, 5, 0.17], [10, 10, 0.2877777777777778], [10, 15, 0.25333333333333335], [10, 20, 0.30777777777777776], [10, 25, 0.32333333333333336], [10, 30, 0.3088888888888889], [15, 1, 0.14222222222222222], [15, 5, 0.18444444444444444], [15, 10, 0.2611111111111111], [15, 15, 0.3155555555555556], [15, 20, 0.3477777777777778], [15, 25, 0.35000000000000003], [15, 30, 0.37777777777777777], [20, 1, 0.1], [20, 5, 0.23], [20, 10, 0.29333333333333333], [20, 15, 0.3477777777777778], [20, 20, 0.3377777777777778], [20, 25, 0.4111111111111111], [20, 30, 0.4188888888888889], [25, 1, 0.11555555555555555], [25, 5, 0.24666666666666667], [25, 10, 0.3022222222222222], [25, 15, 0.3566666666666667], [25, 20, 0.39], [25, 25, 0.4211111111111111], [25, 30, 0.4588888888888889], [30, 1, 0.15555555555555556], [30, 5, 0.2711111111111111], [30, 10, 0.35888888888888887], [30, 15, 0.37333333333333335], [30, 20, 0.39444444444444443], [30, 25, 0.44666666666666666], [30, 30, 0.44555555555555554]]}