{"Weight Start": [[1, 1, 0.9944444444444445], [1, 5, 0.9844444444444445], [1, 10, 0.99], [1, 15, 0.9833333333333334], [1, 20, 0.9877777777777778], [1, 25, 0.9922222222222222], [1, 30, 0.9888888888888889], [5, 1, 0.9966666666666667], [5, 5, 0.9933333333333333], [5, 10, 0.9877777777777778], [5, 15, 0.9888888888888889], [5, 20, 0.9855555555555555], [5, 25, 0.9888888888888889], [5, 30, 0.9877777777777778], [10, 1, 0.9966666666666667], [10, 5, 0.9911111111111112], [10, 10, 0.9888888888888889], [10, 15, 0.9888888888888889], [10, 20, 0.9922222222222222], [10, 25, 0.9922222222222222], [10, 30, 0.9877777777777778], [15, 1, 0.9966666666666667], [15, 5, 0.9888888888888889], [15, 10, 0.99], [15, 15, 0.9877777777777778], [15, 20, 0.99], [15, 25, 0.9877777777777778], [15, 30, 0.9855555555555555], [20, 1, 0.9944444444444445], [20, 5, 0.9922222222222222], [20, 10, 0.9888888888888889], [20, 15, 0.9855555555555555], [20, 20, 0.9922222222222222], [20, 25, 0.9855555555555555], [20, 30, 0.99], [25, 1, 0.9977777777777778], [25, 5, 0.9911111111111112], [25, 10, 0.9944444444444445], [25, 15, 0.9855555555555555], [25, 20, 0.9877777777777778], [25, 25, 0.9922222222222222], [25, 30, 0.9844444444444445], [30, 1, 0.9933333333333333], [30, 5, 0.9911111111111112], [30, 10, 0.9944444444444445], [30, 15, 0.9922222222222222], [30, 20, 0.9955555555555555], [30, 25, 0.9922222222222222], [30, 30, 0.9922222222222222]], "Random Start": [[1, 1, 0.035555555555555556], [1, 5, 0.04111111111111111], [1, 10, 0.03222222222222222], [1, 15, 0.043333333333333335], [1, 20, 0.03777777777777778], [1, 25, 0.03111111111111111], [1, 30, 0.035555555555555556], [5, 1, 0.03111111111111111], [5, 5, 0.03666666666666667], [5, 10, 0.04111111111111111], [5, 15, 0.028888888888888888], [5, 20, 0.04888888888888889], [5, 25, 0.03888888888888889], [5, 30, 0.052222222222222225], [10, 1, 0.04111111111111111], [10, 5, 0.03888888888888889], [10, 10, 0.034444444444444444], [10, 15, 0.03111111111111111], [10, 20, 0.03111111111111111], [10, 25, 0.024444444444444446], [10, 30, 0.03777777777777778], [15, 1, 0.03111111111111111], [15, 5, 0.03111111111111111], [15, 10, 0.03111111111111111], [15, 15, 0.035555555555555556], [15, 20, 0.03888888888888889], [15, 25, 0.044444444444444446], [15, 30, 0.04111111111111111], [20, 1, 0.03666666666666667], [20, 5, 0.04111111111111111], [20, 10, 0.03], [20, 15, 0.03888888888888889], [20, 20, 0.05], [20, 25, 0.051111111111111114], [20, 30, 0.05333333333333333], [25, 1, 0.035555555555555556], [25, 5, 0.03888888888888889], [25, 10, 0.04], [25, 15, 0.03777777777777778], [25, 20, 0.04], [25, 25, 0.035555555555555556], [25, 30, 0.044444444444444446], [30, 1, 0.03333333333333333], [30, 5, 0.03888888888888889], [30, 10, 0.04111111111111111], [30, 15, 0.03888888888888889], [30, 20, 0.03777777777777778], [30, 25, 0.04111111111111111], [30, 30, 0.034444444444444444]]}