{"Weight Start": [[1, 1, 0.06583333333333333], [1, 5, 0.06416666666666666], [1, 10, 0.06194444444444445], [1, 15, 0.06111111111111111], [1, 20, 0.058055555555555555], [1, 25, 0.055], [1, 30, 0.055], [5, 1, 0.06527777777777778], [5, 5, 0.05638888888888889], [5, 10, 0.05472222222222222], [5, 15, 0.049444444444444444], [5, 20, 0.050555555555555555], [5, 25, 0.04833333333333333], [5, 30, 0.04777777777777778], [10, 1, 0.06527777777777778], [10, 5, 0.051944444444444446], [10, 10, 0.050555555555555555], [10, 15, 0.04694444444444445], [10, 20, 0.04666666666666667], [10, 25, 0.04638888888888889], [10, 30, 0.04777777777777778], [15, 1, 0.0625], [15, 5, 0.04777777777777778], [15, 10, 0.05], [15, 15, 0.045], [15, 20, 0.04833333333333333], [15, 25, 0.04777777777777778], [15, 30, 0.04694444444444445], [20, 1, 0.06166666666666667], [20, 5, 0.05138888888888889], [20, 10, 0.0475], [20, 15, 0.04694444444444445], [20, 20, 0.04722222222222222], [20, 25, 0.04583333333333334], [20, 30, 0.04805555555555556], [25, 1, 0.06055555555555556], [25, 5, 0.04888888888888889], [25, 10, 0.04694444444444445], [25, 15, 0.04694444444444445], [25, 20, 0.04777777777777778], [25, 25, 0.04777777777777778], [25, 30, 0.04722222222222222], [30, 1, 0.06083333333333333], [30, 5, 0.04611111111111111], [30, 10, 0.045], [30, 15, 0.04833333333333333], [30, 20, 0.04694444444444445], [30, 25, 0.04722222222222222], [30, 30, 0.04694444444444445]], "Random Start": [[1, 1, 0.27305555555555555], [1, 5, 0.2238888888888889], [1, 10, 0.2136111111111111], [1, 15, 0.20805555555555555], [1, 20, 0.19583333333333333], [1, 25, 0.17833333333333334], [1, 30, 0.18555555555555556], [5, 1, 0.26166666666666666], [5, 5, 0.23472222222222222], [5, 10, 0.21833333333333332], [5, 15, 0.20944444444444446], [5, 20, 0.20666666666666667], [5, 25, 0.18222222222222223], [5, 30, 0.18444444444444444], [10, 1, 0.26], [10, 5, 0.23777777777777778], [10, 10, 0.21222222222222223], [10, 15, 0.20527777777777778], [10, 20, 0.19361111111111112], [10, 25, 0.19861111111111113], [10, 30, 0.19805555555555557], [15, 1, 0.2733333333333333], [15, 5, 0.245], [15, 10, 0.2363888888888889], [15, 15, 0.21972222222222224], [15, 20, 0.2177777777777778], [15, 25, 0.20305555555555554], [15, 30, 0.21222222222222223], [20, 1, 0.27055555555555555], [20, 5, 0.23777777777777778], [20, 10, 0.21972222222222224], [20, 15, 0.23416666666666666], [20, 20, 0.22694444444444445], [20, 25, 0.21833333333333332], [20, 30, 0.22083333333333333], [25, 1, 0.275], [25, 5, 0.24305555555555555], [25, 10, 0.23944444444444446], [25, 15, 0.23027777777777778], [25, 20, 0.23750000000000002], [25, 25, 0.21888888888888888], [25, 30, 0.21388888888888888], [30, 1, 0.27305555555555555], [30, 5, 0.2505555555555556], [30, 10, 0.23472222222222222], [30, 15, 0.24861111111111112], [30, 20, 0.2263888888888889], [30, 25, 0.22305555555555556], [30, 30, 0.22527777777777777]]}