{"Weight Start": [[1, 1, 0.06388888888888888], [1, 5, 0.06388888888888888], [1, 10, 0.06361111111111112], [1, 15, 0.06194444444444444], [1, 20, 0.0625], [1, 25, 0.059722222222222225], [1, 30, 0.0575], [5, 1, 0.06111111111111111], [5, 5, 0.05972222222222222], [5, 10, 0.05611111111111111], [5, 15, 0.057777777777777775], [5, 20, 0.051666666666666666], [5, 25, 0.050555555555555555], [5, 30, 0.04916666666666667], [10, 1, 0.06527777777777778], [10, 5, 0.057777777777777775], [10, 10, 0.05444444444444445], [10, 15, 0.05333333333333334], [10, 20, 0.049444444444444444], [10, 25, 0.05], [10, 30, 0.04722222222222222], [15, 1, 0.0636111111111111], [15, 5, 0.059166666666666666], [15, 10, 0.05333333333333334], [15, 15, 0.05277777777777778], [15, 20, 0.04527777777777778], [15, 25, 0.04805555555555556], [15, 30, 0.0475], [20, 1, 0.06305555555555556], [20, 5, 0.05666666666666667], [20, 10, 0.050555555555555555], [20, 15, 0.04972222222222222], [20, 20, 0.04722222222222222], [20, 25, 0.04666666666666667], [20, 30, 0.04777777777777778], [25, 1, 0.06222222222222222], [25, 5, 0.05638888888888889], [25, 10, 0.04805555555555555], [25, 15, 0.04861111111111111], [25, 20, 0.04694444444444445], [25, 25, 0.04833333333333333], [25, 30, 0.04666666666666667], [30, 1, 0.06222222222222222], [30, 5, 0.05416666666666667], [30, 10, 0.04833333333333333], [30, 15, 0.04777777777777778], [30, 20, 0.04611111111111111], [30, 25, 0.04527777777777778], [30, 30, 0.04611111111111111]], "Random Start": [[1, 1, 0.2897222222222222], [1, 5, 0.26222222222222225], [1, 10, 0.24861111111111112], [1, 15, 0.23972222222222223], [1, 20, 0.24], [1, 25, 0.24222222222222223], [1, 30, 0.23472222222222222], [5, 1, 0.2872222222222222], [5, 5, 0.27166666666666667], [5, 10, 0.265], [5, 15, 0.2463888888888889], [5, 20, 0.255], [5, 25, 0.2513888888888889], [5, 30, 0.23777777777777778], [10, 1, 0.2925], [10, 5, 0.2772222222222222], [10, 10, 0.26416666666666666], [10, 15, 0.26166666666666666], [10, 20, 0.2611111111111111], [10, 25, 0.24916666666666668], [10, 30, 0.2513888888888889], [15, 1, 0.28805555555555556], [15, 5, 0.2772222222222222], [15, 10, 0.26722222222222225], [15, 15, 0.2747222222222222], [15, 20, 0.25555555555555554], [15, 25, 0.26083333333333336], [15, 30, 0.24722222222222223], [20, 1, 0.2911111111111111], [20, 5, 0.27], [20, 10, 0.2683333333333333], [20, 15, 0.26305555555555554], [20, 20, 0.2613888888888889], [20, 25, 0.24805555555555556], [20, 30, 0.26055555555555554], [25, 1, 0.28500000000000003], [25, 5, 0.265], [25, 10, 0.2652777777777778], [25, 15, 0.2575], [25, 20, 0.27222222222222225], [25, 25, 0.25722222222222224], [25, 30, 0.25972222222222224], [30, 1, 0.2852777777777778], [30, 5, 0.28694444444444445], [30, 10, 0.27944444444444444], [30, 15, 0.2652777777777778], [30, 20, 0.26222222222222225], [30, 25, 0.2538888888888889], [30, 30, 0.2563888888888889]]}