{"Weight Start": [[1, 1, 0.058055555555555555], [1, 5, 0.060833333333333336], [1, 10, 0.058888888888888886], [1, 15, 0.06], [1, 20, 0.058888888888888886], [1, 25, 0.06055555555555556], [1, 30, 0.06027777777777778], [5, 1, 0.057777777777777775], [5, 5, 0.06027777777777778], [5, 10, 0.059166666666666666], [5, 15, 0.059166666666666666], [5, 20, 0.058888888888888886], [5, 25, 0.058333333333333334], [5, 30, 0.05722222222222222], [10, 1, 0.05722222222222222], [10, 5, 0.058888888888888886], [10, 10, 0.05694444444444444], [10, 15, 0.05972222222222222], [10, 20, 0.057777777777777775], [10, 25, 0.058055555555555555], [10, 30, 0.058888888888888886], [15, 1, 0.05694444444444444], [15, 5, 0.06], [15, 10, 0.06055555555555556], [15, 15, 0.06], [15, 20, 0.06], [15, 25, 0.058611111111111114], [15, 30, 0.058055555555555555], [20, 1, 0.06055555555555556], [20, 5, 0.058055555555555555], [20, 10, 0.058611111111111114], [20, 15, 0.06138888888888889], [20, 20, 0.05638888888888889], [20, 25, 0.058888888888888886], [20, 30, 0.058888888888888886], [25, 1, 0.0575], [25, 5, 0.058611111111111114], [25, 10, 0.058888888888888886], [25, 15, 0.058611111111111114], [25, 20, 0.059166666666666666], [25, 25, 0.059722222222222225], [25, 30, 0.06055555555555556], [30, 1, 0.06], [30, 5, 0.06], [30, 10, 0.058611111111111114], [30, 15, 0.05972222222222222], [30, 20, 0.059722222222222225], [30, 25, 0.06027777777777778], [30, 30, 0.05722222222222222]], "Random Start": [[1, 1, 0.29083333333333333], [1, 5, 0.29138888888888886], [1, 10, 0.3016666666666667], [1, 15, 0.2991666666666667], [1, 20, 0.29638888888888887], [1, 25, 0.2991666666666667], [1, 30, 0.29055555555555557], [5, 1, 0.3013888888888889], [5, 5, 0.29583333333333334], [5, 10, 0.2947222222222222], [5, 15, 0.2972222222222222], [5, 20, 0.2852777777777778], [5, 25, 0.2966666666666667], [5, 30, 0.2891666666666667], [10, 1, 0.30527777777777776], [10, 5, 0.29944444444444446], [10, 10, 0.3066666666666667], [10, 15, 0.3047222222222222], [10, 20, 0.2975], [10, 25, 0.2936111111111111], [10, 30, 0.3016666666666667], [15, 1, 0.29388888888888887], [15, 5, 0.2836111111111111], [15, 10, 0.2966666666666667], [15, 15, 0.29583333333333334], [15, 20, 0.30694444444444446], [15, 25, 0.2886111111111111], [15, 30, 0.29583333333333334], [20, 1, 0.30694444444444446], [20, 5, 0.2911111111111111], [20, 10, 0.29638888888888887], [20, 15, 0.2977777777777778], [20, 20, 0.2997222222222222], [20, 25, 0.2972222222222222], [20, 30, 0.30583333333333335], [25, 1, 0.3022222222222222], [25, 5, 0.30277777777777776], [25, 10, 0.29305555555555557], [25, 15, 0.29055555555555557], [25, 20, 0.29583333333333334], [25, 25, 0.29305555555555557], [25, 30, 0.3013888888888889], [30, 1, 0.3011111111111111], [30, 5, 0.2927777777777778], [30, 10, 0.29194444444444445], [30, 15, 0.3], [30, 20, 0.2986111111111111], [30, 25, 0.2936111111111111], [30, 30, 0.2961111111111111]]}