{"Weight Start": [[1, 1, 0.06583333333333333], [1, 5, 0.0636111111111111], [1, 10, 0.06027777777777778], [1, 15, 0.056666666666666664], [1, 20, 0.057777777777777775], [1, 25, 0.058055555555555555], [1, 30, 0.0525], [5, 1, 0.06388888888888888], [5, 5, 0.05555555555555555], [5, 10, 0.050833333333333335], [5, 15, 0.04694444444444445], [5, 20, 0.04666666666666667], [5, 25, 0.04805555555555556], [5, 30, 0.04861111111111111], [10, 1, 0.06055555555555556], [10, 5, 0.05361111111111111], [10, 10, 0.04833333333333333], [10, 15, 0.04722222222222222], [10, 20, 0.04833333333333333], [10, 25, 0.049444444444444444], [10, 30, 0.04638888888888889], [15, 1, 0.06], [15, 5, 0.04777777777777778], [15, 10, 0.04888888888888889], [15, 15, 0.04638888888888889], [15, 20, 0.04694444444444445], [15, 25, 0.04638888888888889], [15, 30, 0.04805555555555556], [20, 1, 0.06111111111111111], [20, 5, 0.04833333333333333], [20, 10, 0.04916666666666667], [20, 15, 0.0475], [20, 20, 0.04611111111111111], [20, 25, 0.04638888888888889], [20, 30, 0.04666666666666667], [25, 1, 0.06194444444444445], [25, 5, 0.05027777777777778], [25, 10, 0.04861111111111111], [25, 15, 0.04805555555555556], [25, 20, 0.04777777777777778], [25, 25, 0.04777777777777778], [25, 30, 0.04611111111111111], [30, 1, 0.06138888888888889], [30, 5, 0.04611111111111111], [30, 10, 0.04833333333333333], [30, 15, 0.04888888888888889], [30, 20, 0.04805555555555556], [30, 25, 0.04777777777777778], [30, 30, 0.0475]], "Random Start": [[1, 1, 0.26861111111111113], [1, 5, 0.22166666666666668], [1, 10, 0.2038888888888889], [1, 15, 0.1775], [1, 20, 0.17277777777777778], [1, 25, 0.15583333333333332], [1, 30, 0.15861111111111112], [5, 1, 0.2611111111111111], [5, 5, 0.21305555555555555], [5, 10, 0.18638888888888888], [5, 15, 0.1638888888888889], [5, 20, 0.17222222222222222], [5, 25, 0.16944444444444445], [5, 30, 0.16527777777777777], [10, 1, 0.2555555555555556], [10, 5, 0.22166666666666668], [10, 10, 0.21694444444444444], [10, 15, 0.18722222222222223], [10, 20, 0.18861111111111112], [10, 25, 0.18], [10, 30, 0.16527777777777777], [15, 1, 0.2733333333333333], [15, 5, 0.21861111111111112], [15, 10, 0.20722222222222222], [15, 15, 0.2013888888888889], [15, 20, 0.19805555555555554], [15, 25, 0.19694444444444445], [15, 30, 0.18861111111111112], [20, 1, 0.26305555555555554], [20, 5, 0.23333333333333334], [20, 10, 0.2175], [20, 15, 0.20805555555555555], [20, 20, 0.20083333333333334], [20, 25, 0.20916666666666667], [20, 30, 0.21027777777777779], [25, 1, 0.27555555555555555], [25, 5, 0.23666666666666666], [25, 10, 0.21805555555555556], [25, 15, 0.21666666666666667], [25, 20, 0.2113888888888889], [25, 25, 0.20333333333333334], [25, 30, 0.20416666666666666], [30, 1, 0.27194444444444443], [30, 5, 0.2427777777777778], [30, 10, 0.2338888888888889], [30, 15, 0.22361111111111112], [30, 20, 0.21861111111111112], [30, 25, 0.215], [30, 30, 0.2113888888888889]]}