{"Weight Start": [[1, 1, 0.06416666666666666], [1, 5, 0.06055555555555556], [1, 10, 0.06111111111111111], [1, 15, 0.06], [1, 20, 0.056666666666666664], [1, 25, 0.05305555555555556], [1, 30, 0.05472222222222222], [5, 1, 0.060833333333333336], [5, 5, 0.05611111111111111], [5, 10, 0.051666666666666666], [5, 15, 0.04861111111111111], [5, 20, 0.04888888888888889], [5, 25, 0.04833333333333333], [5, 30, 0.04722222222222222], [10, 1, 0.06194444444444444], [10, 5, 0.05], [10, 10, 0.0475], [10, 15, 0.04888888888888889], [10, 20, 0.04805555555555556], [10, 25, 0.04666666666666667], [10, 30, 0.04722222222222222], [15, 1, 0.06111111111111111], [15, 5, 0.04694444444444445], [15, 10, 0.0475], [15, 15, 0.0475], [15, 20, 0.04722222222222222], [15, 25, 0.04805555555555556], [15, 30, 0.04777777777777778], [20, 1, 0.0575], [20, 5, 0.04888888888888889], [20, 10, 0.04638888888888889], [20, 15, 0.04805555555555556], [20, 20, 0.04777777777777778], [20, 25, 0.04833333333333333], [20, 30, 0.04805555555555556], [25, 1, 0.06], [25, 5, 0.04972222222222222], [25, 10, 0.04694444444444445], [25, 15, 0.04666666666666667], [25, 20, 0.04861111111111111], [25, 25, 0.04722222222222222], [25, 30, 0.04666666666666667], [30, 1, 0.06111111111111111], [30, 5, 0.04777777777777778], [30, 10, 0.04777777777777778], [30, 15, 0.0475], [30, 20, 0.04666666666666667], [30, 25, 0.04777777777777778], [30, 30, 0.04583333333333334]], "Random Start": [[1, 1, 0.26666666666666666], [1, 5, 0.21583333333333335], [1, 10, 0.18583333333333332], [1, 15, 0.165], [1, 20, 0.15611111111111112], [1, 25, 0.14916666666666667], [1, 30, 0.14694444444444443], [5, 1, 0.2511111111111111], [5, 5, 0.19833333333333333], [5, 10, 0.1836111111111111], [5, 15, 0.16], [5, 20, 0.1527777777777778], [5, 25, 0.1413888888888889], [5, 30, 0.14277777777777778], [10, 1, 0.25527777777777777], [10, 5, 0.20305555555555554], [10, 10, 0.19722222222222222], [10, 15, 0.17972222222222223], [10, 20, 0.15277777777777776], [10, 25, 0.16916666666666666], [10, 30, 0.15444444444444444], [15, 1, 0.2575], [15, 5, 0.2113888888888889], [15, 10, 0.2025], [15, 15, 0.1736111111111111], [15, 20, 0.18416666666666667], [15, 25, 0.1761111111111111], [15, 30, 0.17277777777777778], [20, 1, 0.26722222222222225], [20, 5, 0.21944444444444444], [20, 10, 0.20194444444444445], [20, 15, 0.1938888888888889], [20, 20, 0.18777777777777777], [20, 25, 0.18861111111111112], [20, 30, 0.18611111111111112], [25, 1, 0.2738888888888889], [25, 5, 0.21805555555555556], [25, 10, 0.21], [25, 15, 0.20083333333333334], [25, 20, 0.19416666666666665], [25, 25, 0.16916666666666666], [25, 30, 0.18638888888888888], [30, 1, 0.26722222222222225], [30, 5, 0.22166666666666668], [30, 10, 0.21416666666666667], [30, 15, 0.20333333333333334], [30, 20, 0.20805555555555555], [30, 25, 0.19944444444444445], [30, 30, 0.20055555555555554]]}