{"Weight Start": [[1, 1, 0.06444444444444444], [1, 5, 0.06194444444444444], [1, 10, 0.06361111111111112], [1, 15, 0.06], [1, 20, 0.05555555555555555], [1, 25, 0.05611111111111111], [1, 30, 0.05583333333333333], [5, 1, 0.06111111111111111], [5, 5, 0.060833333333333336], [5, 10, 0.05361111111111111], [5, 15, 0.05333333333333334], [5, 20, 0.04972222222222222], [5, 25, 0.04777777777777778], [5, 30, 0.04916666666666667], [10, 1, 0.06583333333333333], [10, 5, 0.056666666666666664], [10, 10, 0.051666666666666666], [10, 15, 0.05027777777777778], [10, 20, 0.04722222222222222], [10, 25, 0.04805555555555556], [10, 30, 0.04916666666666667], [15, 1, 0.06138888888888889], [15, 5, 0.058888888888888886], [15, 10, 0.05], [15, 15, 0.05027777777777778], [15, 20, 0.04833333333333333], [15, 25, 0.04694444444444445], [15, 30, 0.04638888888888889], [20, 1, 0.06527777777777778], [20, 5, 0.0525], [20, 10, 0.04833333333333333], [20, 15, 0.0475], [20, 20, 0.04583333333333334], [20, 25, 0.049444444444444444], [20, 30, 0.04583333333333334], [25, 1, 0.0636111111111111], [25, 5, 0.051944444444444446], [25, 10, 0.049166666666666664], [25, 15, 0.04833333333333333], [25, 20, 0.04722222222222222], [25, 25, 0.04666666666666667], [25, 30, 0.04527777777777778], [30, 1, 0.06194444444444444], [30, 5, 0.05333333333333333], [30, 10, 0.04555555555555556], [30, 15, 0.04861111111111111], [30, 20, 0.0475], [30, 25, 0.0475], [30, 30, 0.04777777777777778]], "Random Start": [[1, 1, 0.2777777777777778], [1, 5, 0.24583333333333335], [1, 10, 0.22694444444444445], [1, 15, 0.2313888888888889], [1, 20, 0.21916666666666668], [1, 25, 0.2075], [1, 30, 0.2127777777777778], [5, 1, 0.2725], [5, 5, 0.2511111111111111], [5, 10, 0.22916666666666669], [5, 15, 0.22527777777777777], [5, 20, 0.20722222222222222], [5, 25, 0.21916666666666668], [5, 30, 0.21166666666666667], [10, 1, 0.2733333333333333], [10, 5, 0.2513888888888889], [10, 10, 0.2477777777777778], [10, 15, 0.23], [10, 20, 0.21861111111111112], [10, 25, 0.22222222222222224], [10, 30, 0.21194444444444444], [15, 1, 0.28055555555555556], [15, 5, 0.2613888888888889], [15, 10, 0.2452777777777778], [15, 15, 0.23666666666666666], [15, 20, 0.24805555555555556], [15, 25, 0.22833333333333333], [15, 30, 0.22555555555555556], [20, 1, 0.28555555555555556], [20, 5, 0.25222222222222224], [20, 10, 0.25833333333333336], [20, 15, 0.23194444444444445], [20, 20, 0.24444444444444446], [20, 25, 0.23222222222222222], [20, 30, 0.22583333333333333], [25, 1, 0.2813888888888889], [25, 5, 0.2713888888888889], [25, 10, 0.2475], [25, 15, 0.24166666666666667], [25, 20, 0.2511111111111111], [25, 25, 0.24027777777777778], [25, 30, 0.24722222222222223], [30, 1, 0.2808333333333333], [30, 5, 0.2627777777777778], [30, 10, 0.2575], [30, 15, 0.24], [30, 20, 0.2538888888888889], [30, 25, 0.24250000000000002], [30, 30, 0.24472222222222223]]}