{"Weight Start": [[1, 1, 0.06055555555555556], [1, 5, 0.0636111111111111], [1, 10, 0.0636111111111111], [1, 15, 0.06138888888888889], [1, 20, 0.06138888888888889], [1, 25, 0.06111111111111111], [1, 30, 0.058055555555555555], [5, 1, 0.06277777777777778], [5, 5, 0.06055555555555556], [5, 10, 0.060833333333333336], [5, 15, 0.057777777777777775], [5, 20, 0.05472222222222222], [5, 25, 0.05444444444444444], [5, 30, 0.05527777777777778], [10, 1, 0.058888888888888886], [10, 5, 0.059166666666666666], [10, 10, 0.058333333333333334], [10, 15, 0.05333333333333333], [10, 20, 0.05611111111111111], [10, 25, 0.052222222222222225], [10, 30, 0.05305555555555556], [15, 1, 0.0636111111111111], [15, 5, 0.06361111111111112], [15, 10, 0.059166666666666666], [15, 15, 0.058333333333333334], [15, 20, 0.05555555555555556], [15, 25, 0.05333333333333334], [15, 30, 0.050555555555555555], [20, 1, 0.0625], [20, 5, 0.06083333333333333], [20, 10, 0.06055555555555556], [20, 15, 0.05416666666666667], [20, 20, 0.05555555555555555], [20, 25, 0.05527777777777778], [20, 30, 0.04722222222222222], [25, 1, 0.06027777777777778], [25, 5, 0.06], [25, 10, 0.05555555555555555], [25, 15, 0.05444444444444445], [25, 20, 0.05138888888888889], [25, 25, 0.04777777777777778], [25, 30, 0.05027777777777778], [30, 1, 0.06194444444444444], [30, 5, 0.06027777777777778], [30, 10, 0.058333333333333334], [30, 15, 0.050833333333333335], [30, 20, 0.051111111111111114], [30, 25, 0.050833333333333335], [30, 30, 0.049444444444444444]], "Random Start": [[1, 1, 0.2877777777777778], [1, 5, 0.275], [1, 10, 0.27166666666666667], [1, 15, 0.27166666666666667], [1, 20, 0.27], [1, 25, 0.26], [1, 30, 0.27361111111111114], [5, 1, 0.2925], [5, 5, 0.27805555555555556], [5, 10, 0.27555555555555555], [5, 15, 0.2783333333333333], [5, 20, 0.2738888888888889], [5, 25, 0.2813888888888889], [5, 30, 0.2713888888888889], [10, 1, 0.2902777777777778], [10, 5, 0.27861111111111114], [10, 10, 0.29305555555555557], [10, 15, 0.2902777777777778], [10, 20, 0.2763888888888889], [10, 25, 0.27944444444444444], [10, 30, 0.27861111111111114], [15, 1, 0.28555555555555556], [15, 5, 0.29194444444444445], [15, 10, 0.27694444444444444], [15, 15, 0.2836111111111111], [15, 20, 0.2802777777777778], [15, 25, 0.2827777777777778], [15, 30, 0.2722222222222222], [20, 1, 0.2891666666666667], [20, 5, 0.2872222222222222], [20, 10, 0.2947222222222222], [20, 15, 0.2866666666666667], [20, 20, 0.29333333333333333], [20, 25, 0.28500000000000003], [20, 30, 0.2827777777777778], [25, 1, 0.2897222222222222], [25, 5, 0.29], [25, 10, 0.2897222222222222], [25, 15, 0.2808333333333333], [25, 20, 0.2816666666666667], [25, 25, 0.29388888888888887], [25, 30, 0.28305555555555556], [30, 1, 0.30194444444444446], [30, 5, 0.2877777777777778], [30, 10, 0.3], [30, 15, 0.28444444444444444], [30, 20, 0.2836111111111111], [30, 25, 0.2772222222222222], [30, 30, 0.29]]}