,AlgorithmType.WEIGHT-default,AlgorithmType.DRR-default,AlgorithmType.PRIORITY-default,AlgorithmType.RANDOM-default
PrioritySatisfaction,0.7630972293337884,0.6827393753200204,0.7770131421744325,0.7446128463332764
AverageCosineDifference,0.7555555555555555,0.6115646258503402,0.7740740740740741,0.7
AverageCosineSimilarity,0.6576863381032007,0.6067326999915785,0.6508719098250644,0.599185652917286
AverageSocialSatisfaction,0.0,0.0,0.4444444444444444,0.0
AverageTimeslotCoverage,0.20370370370370366,0.047619047619047616,0.2222222222222222,0.09259259259259259
AverageProjectRequirementsCoverage,0.9777777777777779,0.8761904761904761,0.9777777777777779,0.9777777777777779