,AlgorithmType.WEIGHT-default,AlgorithmType.GROUP_MATCHER-default,AlgorithmType.DRR-default,AlgorithmType.PRIORITY-default,AlgorithmType.RANDOM-default
PrioritySatisfaction,0.7578517380667918,0.7520043238322808,0.6827393753200204,0.784915514592934,0.7524782386072708
AverageCosineDifference,0.7185185185185186,0.662962962962963,0.6115646258503402,0.7740740740740741,0.7
AverageSocialSatisfaction,0.1111111111111111,0.0,0.0,0.4444444444444444,0.0
AverageTimeslotCoverage,0.2037037037037037,0.33333333333333337,0.047619047619047616,0.3333333333333333,0.12962962962962962
AverageProjectRequirementsCoverage,0.9777777777777779,0.9777777777777779,0.8761904761904761,0.9777777777777779,0.9777777777777779
Inter-Homogeneity,0.1259531560972737,0.12297746456210365,0.14223693791296518,0.11758894715842624,0.1536590742882148