,AlgorithmType.WEIGHT-default,AlgorithmType.GROUP_MATCHER-default,AlgorithmType.DRR-default,AlgorithmType.PRIORITY-default,AlgorithmType.RANDOM-default
PrioritySatisfaction,0.7578517380667918,0.7520043238322808,0.6827393753200204,0.784915514592934,0.7524782386072708
AverageCosineDifference,0.7185185185185186,0.662962962962963,0.6115646258503402,0.7740740740740741,0.7
AverageCosineSimilarity,0.6883045530932168,0.7885064967504315,0.6067326999915785,0.757210692956467,0.6588761526026452
AverageSocialSatisfaction,0.1111111111111111,0.0,0.0,0.4444444444444444,0.0
AverageTimeslotCoverage,0.2037037037037037,0.33333333333333337,0.047619047619047616,0.3333333333333333,0.12962962962962962
AverageProjectRequirementsCoverage,0.9777777777777779,0.9777777777777779,0.8761904761904761,0.9777777777777779,0.9777777777777779